record_id	name	mrp_id	cms_status	marketplace_status
rec00WQ0dZ3g8WpQG	Petique	67caafa9417f2ec13ab32248	Active	3️⃣Published🚀
rec00XZDTgwZuM0Hf	Aisav	68216fd74c3cf9ee02a5dd6b	Active	3️⃣Published🚀
rec00c7ATv0S97Ph9	Neomx	694ff32cd5d9e96efbddd418	Active	3️⃣Published🚀
rec01FVpxtnmSeU1R	Clayco	668b8bc75c62aef5bbb27fe6	Active	3️⃣Published🚀
rec01O5GefARTKRjZ	Lucia Consults	671bd04e88786be5a6fe95e9	Active	3️⃣Published🚀
rec02KmqcVV4ovxMz	Mason	5e3c92ca0eb59075866631df	Active	3️⃣Published🚀
rec02VGe87Gqcllix	Paytemp	62670dd1e8fd9a6fc0746ea6	Active	3️⃣Published🚀
rec03UT29UG2wV7PK	VividSpaces	67226e38fc45355893f64e45	Active	2️⃣Scheduled📅
rec03WDAg3ePpEW4Y	Fly CMS	56203374f97450700f2569c0	Active	3️⃣Published🚀
rec03e9mrnbubGI56	Solid House	65713fd66af1eed027fab77e	Active	3️⃣Published🚀
rec03ztapy41W7lvW	NextUp	5e3c99e60eb59077a96661f2	Active	3️⃣Published🚀
rec04LIJlGvat1hrm	expandi	65527eaf7d768f4e291fdb58	Active	3️⃣Published🚀
rec04QetDBpfBIGu1	Springfield	631a34e5117d3ece1d1647df	Active	3️⃣Published🚀
rec05Bq5caOlaxAmJ	Humace	67edf770b642c9b2490ff11e	Active	3️⃣Published🚀
rec05Kepd3poAI4dU	Atento	64f9e80b81690713375a494b	Active	3️⃣Published🚀
rec05eaf8kvcmygEE	Flato	68f0bc16b05db1e664524ddf	Active	3️⃣Published🚀
rec05fepK9FYill1V	Minimal Lens	65ed014fd0846b3b4fc5761c	Active	3️⃣Published🚀
rec05nFvRJjSe4EOY	Valoris	670438b1d27af9576d1cefca	Active	3️⃣Published🚀
rec0656Hl25XXvCGe	Grindo 128 Archived o65whwpb	63eaa3ca63b6a74e25a391a0	Archived	4️⃣Delisted☠️
rec06HAjQEFZBgLsg	Luminer	68f2c0fbcbbe3624595fcfa4	Active	3️⃣Published🚀
rec075ZUC33K7YaLJ	Peralex	67f3d5a4457fa0ff48fc4721	Active	3️⃣Published🚀
rec07EVg75lKqDUMu	Nashville	66d15dbf8bb6fb16a7e9b510	Active	3️⃣Published🚀
rec07jxvom8wb9oyv	Servico Archived ub6n3nf3	620aac9bd7fa735902eb9da6	Archived	4️⃣Delisted☠️
rec08C5Oj5RD8DJKB	Mofi	62a94042c0f752854ad44b11	Active	3️⃣Published🚀
rec0AvCdhvQg7JRVE	GreenPulse	664f6368d62cb753eff55434	Active	3️⃣Published🚀
rec0B75MmT0G3Q8ev	Ideahub X	6279d20531f7dcaf13277f91	Active	3️⃣Published🚀
rec0Bag9P9x57hCFa	NoWeddingYet	621805274f9d12323ad80525	Active	3️⃣Published🚀
rec0BgqTBj7MKsExQ	Archie Studio	668d6add2f8fe6313c3a0217	Active	3️⃣Published🚀
rec0BtKCt3s0ZdZuS	Biolab	67986cc9ac96549d0cc9957b	Active	3️⃣Published🚀
rec0CfQXmQN73mGEA	Reagency	66902c09390915051419a2ca	Active	3️⃣Published🚀
rec0CgD6Np4MVdIG4	Agency3D	66705b6af273069b883f4ae6	Active	3️⃣Published🚀
rec0DD7mI7yhSIF17	Barebeans	65c69ebb075dd2d2f2cf9ed7	Active	3️⃣Published🚀
rec0DOfxGStWBaOgE	Toya	644af23174f42877cb855632	Active	3️⃣Published🚀
rec0DZmigUJEeM8Kk	Church X	611fe6b71eb65dc45ecbcfea	Active	3️⃣Published🚀
rec0DqeBrHqYjD7oP	Nexus Ai	678dc7d03491aa42288bb97e	Active	3️⃣Published🚀
rec0Ds2zFKbfx4cso	iDesigner Lite	66f6f613a9c43cff615429cf	Active	3️⃣Published🚀
rec0EgbuDQjjRfm2j	John Doe	665f2cb406f9315a9a560ad0	Active	3️⃣Published🚀
rec0ElFqBmOtlivsK	Nothing Template	6909133b0285776becf4117f	Active	3️⃣Published🚀
rec0F5gtzSTt7pZwf	Nicholls	6607592ff8fc9b2b45576794	Active	3️⃣Published🚀
rec0Fj5sHGhpHKhjI	S_pace	63401f0186468c074c64b24d	Active	3️⃣Published🚀
rec0G9mrfUhwYJYDy	Webbes	672dedd6ff6f6f0389251701	Active	3️⃣Published🚀
rec0GMjPIoNaL0LOT	Silber	628bef9645cf7e8b1f234707	Active	3️⃣Published🚀
rec0GgmsLRwxfgjpy	Ersa	648ca4270abb16d2cbaeb628	Active	3️⃣Published🚀
rec0GkpEUmQYCVnjU	Incredible	5543d0730fdd1cf00e27b998	Active	3️⃣Published🚀
rec0HbyMR5VX3Qn7Y	Growthway	696c1e1accbaf57964e280a3	Active	3️⃣Published🚀
rec0IAZlZa0fKkr0x	Helium	6876d3da7b81650ec9959da1	Active	3️⃣Published🚀
rec0IEK3mmhGWxaP2	Jokster	65d674f7e0a45e67ae6e2681	Active	3️⃣Published🚀
rec0IZDagyZth5DwL	Heavenest	67f6a95cc11dadeb928df84c	Active	3️⃣Published🚀
rec0JAde5GcCCioFg	Convert	676ebcf6bb41292a8fdd68c1	Active	3️⃣Published🚀
rec0JpZic035IxJux	Whitespace Archived 1guwjey8	53309f2de7e0b113060001b1	Draft	4️⃣Delisted☠️
rec0JzXfYsNdMzKhW	LiteraPen	67e346248b0e3b731afc9f96	Active	3️⃣Published🚀
rec0K9VLeDofwwAyw	TradePulse	6639ef37f56fdcb22ac2c5ca	Active	3️⃣Published🚀
rec0KKOJmxeegezA9	Kreativedge	6837a3296ea45c8952256fe1	Active	3️⃣Published🚀
rec0KUgSWLabGCos0	Zeyra	68f7c8e0bf40b63c1806d7ab	Active	3️⃣Published🚀
rec0KphVZblfB8OP5	Pristin	5f6135e5a3a233317d07570e	Active	3️⃣Published🚀
rec0KqyHED6vX69n7	Distro	683ccd12c804fc69c1bfbac5	Active	3️⃣Published🚀
rec0L86LYzsN2fH4D	Avlon	6624139af940360afbc37c77	Active	3️⃣Published🚀
rec0L88C9nIvnj1Rr	Beauteza	663e8322d868cd3d2fae8e18	Active	3️⃣Published🚀
rec0LqpZ7WOyJllo4	Web3Bit	671bcc83a7d3669a13c4c637	Active	3️⃣Published🚀
rec0LtkShekaMWuTj	Cosmic Archived xge47das	67f1beb41d920cea3bc87a4b	Archived	4️⃣Delisted☠️
rec0LvMEwmqJasgE5	Ecozoh	67f41f10668ea63a3cf3d105	Active	3️⃣Published🚀
rec0M2HOBMUpUiMRf	Realfy	67325e9f7bbf0be1358c0c3b	Active	3️⃣Published🚀
rec0MC9eWe4V3qCUR	Layzo.	693070d2f50e40c92b70afa2	Active	3️⃣Published🚀
rec0MJetYfXOxWADT	CROcheck	64fb5d01b799b46434ae84b8	Active	3️⃣Published🚀
rec0MmlkH1blgour5	Charitable	682bac0544dcf867f2d88d51	Active	3️⃣Published🚀
rec0NKmzxTomqSG08	Inovis	685250a18a430771043e22a9	Active	3️⃣Published🚀
rec0NRE2E5exuZBlf	Homeifye	670d9e2a306abf80b22a2cfa	Active	3️⃣Published🚀
rec0O2u1QtvnKNfDw	Fabrico	6943b2ecd9598f8874d43ecf	Active	3️⃣Published🚀
rec0OZCkbmbxOLRWk	Helen CMS	63402de87777b6b53c48c98d	Active	3️⃣Published🚀
rec0OiSKGmyuh9Dxc	Badi	63eef1ac93b6f42681276ce3	Active	3️⃣Published🚀
rec0OkhQQqSqnxWV9	Moon	5fadd6ceff20f803e10a7a61	Active	3️⃣Published🚀
rec0P1q5EvfEV4FMC	Sascodex	658de4800f2f680e3e83f188	Active	3️⃣Published🚀
rec0PSakfGPB2n9rw	Keyzo	686408eca43b945485e674b6	Active	3️⃣Published🚀
rec0PTiwLYn3ZCoNW	Architectura	669ebf1fc74c2f962f983b65	Active	3️⃣Published🚀
rec0PWq10UIP1w3jS	Piloter	666f4da1107197cedfd131fd	Active	3️⃣Published🚀
rec0PzkVdZgKS8KMM	Thatsbiz	617c659f31d72dffd0a8fa99	Active	3️⃣Published🚀
rec0Q0QOY4RMxqUyQ	Stravo	68a3ebb75c676b671b8534d2	Active	3️⃣Published🚀
rec0Q2hZDG4BeYruY	Nexorix	6993329785f586e47ca25bd9	Active	3️⃣Published🚀
rec0Q8Pue9oGo04oy	Norto	62a93e52aa8e9534a868dc90	Active	3️⃣Published🚀
rec0QFMSQxDDCinCx	CloudAce	665f1d640031006b03f675b5	Active	3️⃣Published🚀
rec0QNXqdBjYeIsV9	Cleaning W	658349b045829bd655d42c49		3️⃣Published🚀
rec0Qdw3XNMEfaJoB	Sanare	68c81d7ed8f6b9ca291f542c	Active	3️⃣Published🚀
rec0QpGC4GnxKoDxW	Sap	61bd0415f13edfa762de503b	Active	3️⃣Published🚀
rec0RCIXo2ATkXLJM	Promixa	6882c1d9b4077b7b27b11965	Active	3️⃣Published🚀
rec0RDjZ4HcOKxXx6	Mercer	605fc3c21a0eb25287bbbb1a	Active	3️⃣Published🚀
rec0RYIDzZlIEv260	Lenora	682172cb4c3cf9ee02a5e13f	Active	3️⃣Published🚀
rec0Rbayzd5wRvHcq	Zaiaas	645a5411ecc269b817f60822	Active	3️⃣Published🚀
rec0RdYt94tuS8Hw1	Flower Collective	648890821af7e39f88043d8b	Active	3️⃣Published🚀
rec0RmBI6BbCSxebZ	KITCHN	64bec70843e954884f59d9d6	Active	3️⃣Published🚀
rec0RrV0GTblXusna	Rominos Take-Out	644f2c297487d81efb0040de	Active	3️⃣Published🚀
rec0RyYMacmy7KfOz	Flowcard	6601a50a0f5af51a9bbdd004	Active	3️⃣Published🚀
rec0SOuqQv2o1OGUw	Industrial 128	6470b40585072710b1f64fcb	Active	3️⃣Published🚀
rec0SQPmUvYuKul8L	Patel	6887ae2422842112db844e12	Active	3️⃣Published🚀
rec0SbC6BfBUkhlmr	Nexora	67f81dc1f03accbb4f0152e9	Active	3️⃣Published🚀
rec0SiOy7yCJbWoGU	Copyneat	621e88fb2bbbb1513eb186ed	Active	3️⃣Published🚀
rec0SopaUlbWVtOWk	Julliet	679821049bd12d2a733e7071	Active	3️⃣Published🚀
rec0Szyuwz7VUtyu7	Ophelia Ardent	68a3ee42f1ec7ddcde471628	Active	3️⃣Published🚀
rec0Th5nlfHtyzfh0	RightON	62e9e781c69f447b95fbdd6b	Active	3️⃣Published🚀
rec0Ti9Tsj4J6VaGu	Sazai	6442ad01ef1ce82789cc44c4	Active	3️⃣Published🚀
rec0TsM17TmJwHydU	Havinic	68a79f8ba223b648cc03d109	Active	3️⃣Published🚀
rec0VTl9tp55TrdBE	Recorded Archived 6gbswlzo	606b65d98f87ba47922f3bc0	Archived	4️⃣Delisted☠️
rec0VddNKMzOFmHzG	Auditx	66db4edb2daf59269f8e3cbd	Active	3️⃣Published🚀
rec0VgSBrM0zEGkuU	Thread	68351cf2f6db5369a44659b9	Active	3️⃣Published🚀
rec0W6Vg0AEtyeEbs	LuminaAI	6510728a5a01827f652edc8a	Active	3️⃣Published🚀
rec0W6piDHXgPwDqw	VoiceCue	684c053fff7229e4f3e31948	Active	3️⃣Published🚀
rec0WMivP7VOQnVX7	Barcelona	655791198e890ec68d2806a1	Active	3️⃣Published🚀
rec0WjxlEDIS2xU2F	Healora	68524efec14dbd5f054de410	Active	3️⃣Published🚀
rec0XGRuWYok2dLkW	Projecty	66f71736e49a7a04f98718c8	Active	3️⃣Published🚀
rec0Y1LDF0kma1SZm	Rubik	694fee9a536ac10e4c2271d5	Active	3️⃣Published🚀
rec0YAcftAYaU3Ltq	Voltex	67b4c1374b8192752d30bdc6	Active	3️⃣Published🚀
rec0YZfG0uTzlLGNp	Synapsas	6634a0575f7487159cdddee6	Active	3️⃣Published🚀
rec0YruPIwI4SwSE3	Momentum	5bc5d2ad7772e95ace0ac1ca	Active	3️⃣Published🚀
rec0ZmoecA5Cl91O3	Belmont	66859f634bf0e08307fd54ef	Active	3️⃣Published🚀
rec0a04uHrAq2EWzE	MediAI	69308eb58dda681f2a2dff27	Active	3️⃣Published🚀
rec0a08nKutPYr7eO	Velvety	65e5eeab0552d529f024b09b	Active	3️⃣Published🚀
rec0aTo0dMlM9RCJ9	Syncta	6862fb7b5a64f3f37a8ed19a	Active	3️⃣Published🚀
rec0ahhRx3KriaB8f	Parfum	6515bd6df848268a03a0d821	Active	3️⃣Published🚀
rec0bBCNhMYYO1qxK	TechNoni X	674df1876d833aeb56a87052	Active	3️⃣Published🚀
rec0bZTsmQrYG8QVF	Chiaroscuro	66158edc2f1ebd21a1c60695	Active	3️⃣Published🚀
rec0cvD7cwtsfaerz	Relocation 128	66a9fbc0d18737f8f5d5a3d5	Active	3️⃣Published🚀
rec0d0jW95XmB9fA3	Raging Tacos	64d3cbc0cfe5c9b1d5540f0d	Active	3️⃣Published🚀
rec0dpyLyhntlL8Np	Tuscon Doe	634030482bcd32455795d324	Active	3️⃣Published🚀
rec0dqrI6PkKpyX5X	Axioniq	699cd4f941e3aef6f1d7318e	Active	3️⃣Published🚀
rec0eAJXO76nZjWIv	Hulax	6864117aa43b945485e6a8b3	Active	3️⃣Published🚀
rec0eFP9Llyuq2Uhq	University	574353dcc7891d002957053c	Active	3️⃣Published🚀
rec0fFkBmP4EUFByj	Ecommerce 128	64a312a2955751b8ac8e8e76	Active	3️⃣Published🚀
rec0fOeCQ5IebZK0s	Zencivo	68767af4aea813e3ac01e739	Active	3️⃣Published🚀
rec0faV17ruARbxUP	Genius	64fb5d689c1ad813969b6665	Active	3️⃣Published🚀
rec0fuJ6Npag0IQjA	Xspace Archived oapx15sj	5519808ecd49715f16258f5c	Draft	4️⃣Delisted☠️
rec0fv5GJLrrdhiIh	Kindora	6994abcba2edc81a0829816a	Active	3️⃣Published🚀
rec0g0WGRejU7elUn	Antone Archived 26D3C1F5	68accda779615c05f0bf2049	Archived	4️⃣Delisted☠️
rec0g2rSF7OvPTyze	Evōlver	64cd1061806781d956438366	Active	3️⃣Published🚀
rec0gKGcmp1WhGF04	Thrivewell	6789c8da6659e6b212f26dd4	Active	3️⃣Published🚀
rec0gloXmv6DlIYQv	Horizon Agency	66847c7d3fb1e0c7aef82cc4	Active	3️⃣Published🚀
rec0hUNNfSmF9pTzm	AirVocal	668950014e94703cdb86c62f	Active	3️⃣Published🚀
rec0hrZGevlrcZLzH	Golia Archived 06yyscle	558c9225e20f1f4d31c63d4b	Draft	4️⃣Delisted☠️
rec0iUHCPFaX6T623	Pixels	6455f4631b66b2dfa0ec2f9f	Active	3️⃣Published🚀
rec0iW5Vz60tOA7w5	Barrique 	5f9c250714a2f3f823d8fe64	Active	3️⃣Published🚀
rec0inJsXCqicaan0	Orng Lab	678faebe3c16b0ee42b3ecff	Active	3️⃣Published🚀
rec0jMwYnga1sOXGT	Palazzo	61538ec5595c816b96b1d65a	Active	3️⃣Published🚀
rec0jXIRTs2XkPnV0	Akin	5bcf4ea0e4338a6abdfcda9e	Active	3️⃣Published🚀
rec0k3jT7THSod2jJ	Constructo	628bf6c36076368c8bba92fb	Active	3️⃣Published🚀
rec0kelk8mx6qjHr1	Loom	65145388d393435821834bf2	Active	3️⃣Published🚀
rec0kqJsfOj4sJEQ2	Nichols	681586d3160448f6a084421f	Active	3️⃣Published🚀
rec0kweV4iWpMLo1u	Agency X (DE)	613288fff4424d9224c8506a	Active	3️⃣Published🚀
rec0lUyt2YQsD7Tv9	Texiq	685ac7a8b7caf6ecc0a0adda	Active	3️⃣Published🚀
rec0m4FsUoWPqjHeB	Markflow	60da74de8ae7416e8055a15d	Active	3️⃣Published🚀
rec0mmJKZVUCLJv9t	Morning	665098257eba5e60dde066c9	Active	3️⃣Published🚀
rec0myvRNTq071rUU	Briyva	683497c150b5406f9b690680	Active	3️⃣Published🚀
rec0nOOH6hIItZ2uf	SmartBank	67104e7c9680903b810f68b6	Active	2️⃣Scheduled📅
rec0nao3yvoSXBs7S	FurnishFlow	6735c368c7be2074f08762ac	Active	3️⃣Published🚀
rec0nloOq5QJhgVnI	Wakanda	6639083befef2d922a17302b	Active	3️⃣Published🚀
rec0oL2jRSnACJIOk	Amplus	68911952dbfbdb1f8afd4f06	Active	3️⃣Published🚀
rec0pExD7ZotAcZXK	ArchiNest	677cb4a1c4df7deb5660fee5	Active	3️⃣Published🚀
rec0pIRYhDpM74QnQ	Soluna	659d5f2769c2c052fa65c850	Active	3️⃣Published🚀
rec0pi1f5PkFiHxJi	Aurain	698cdbd7415b3b91ab1ee35f	Active	3️⃣Published🚀
rec0pr1Gv3FwOEHg6	Startflow X	629f57e384cc1a094a51657a	Active	3️⃣Published🚀
rec0q18O0JJGxaRPO	Salzburg	68bb1fdb5c6237400a19bd04	Active	3️⃣Published🚀
rec0q5hX4B1RMMcNu	Salama	6450dfadcfe7992ce8dc2976	Active	3️⃣Published🚀
rec0qRStg1aODWbaK	GreenShine	63474470a39a484a60601f5d	Active	3️⃣Published🚀
rec0qYhK2p4bS0h2Y	Millenium 128	65e8c2bf9b2e9bd2ff542cbf	Active	3️⃣Published🚀
rec0qpqYDmYyEVBFX	Increase	64bfecf6997e329c98b75ca5	Active	3️⃣Published🚀
rec0r93micklM42jv	Fotoshot	6655dc1d750da4bfc8f62303	Active	3️⃣Published🚀
rec0rR39fMa9Mafks	Zohadon	65ee600231eb4ae0c28d675b	Active	3️⃣Published🚀
rec0rfPPH68ntDTZn	Vistal	692c1a608065ea3ac6b8fdd4	Active	3️⃣Published🚀
rec0rhBRw3C5Od79A	Lumis	68a3f4b05c676b671b8548e3	Active	3️⃣Published🚀
rec0sePK5O0UdvsVJ	Product Tour 128	6639079c2a35d6f188b71321	Active	3️⃣Published🚀
rec0sh6etDTDD680R	Optalio	68e5c576ae8ff37394067c09	Active	3️⃣Published🚀
rec0uPMtZTFqUObu4	Auto RepairX TNC	673c9ba17a961c809913b417	Active	3️⃣Published🚀
rec0uftEqLar6hET0	Nerone	5beeff2ff600ba843c297806	Active	3️⃣Published🚀
rec0v12haGqpjnTXw	Fitmor	6779c915c4d0c3a0dc3efb4d	Active	3️⃣Published🚀
rec0v2oN1Xim8kd7H	Sterling Homes	64ef9ba4d8996f0e868328f9	Active	3️⃣Published🚀
rec0vGpNyUDpQWfRX	Creaty Archived e1gfpk0y	6758a5aca96a6690e080bee9	Archived	4️⃣Delisted☠️
rec0vJs7StEvljOnN	Lyra	63bc3b3aaf7018d01bf32451	Active	3️⃣Published🚀
rec0viYYQMdeaPBw5	Webble	682cf0882965ffd13d6c9695	Active	3️⃣Published🚀
rec0x4uybAwfvP5OG	Krust	682cc68f9650bf94ff663064	Active	3️⃣Published🚀
rec0xVG6Rg3uw9hRS	Linkup Archived gl4j595w	648aadcc24d7794b989a18db	Archived	4️⃣Delisted☠️
rec0xeKkF69St8mmV	Feather	631a2d68de5c6f22bf208920	Active	3️⃣Published🚀
rec0yIqrfQ0QbbtwL	StreamFlow	6541d1e2fbcb1d43f417c377	Active	3️⃣Published🚀
rec0yjZN48ktg0fDE	Volvio	684892ca166c8ece5a685f57	Active	3️⃣Published🚀
rec0yt3IG014ArjqZ	Notch	5c2e3e407ac985302357e94d	Active	3️⃣Published🚀
rec0z6PZbvNbXziZV	We're Beast	6823e2443d0be617c84fb6be	Active	3️⃣Published🚀
rec0zCKehNCZw2q5h	Flawless	68435c10431127ce136706d6	Active	3️⃣Published🚀
rec0zHSAq38LvPeik	Jenah	656386f94503332060d38723	Active	3️⃣Published🚀
rec0zPULKSfsiivn8	Kidzly	670b411173f57e3c96e8874a	Active	3️⃣Published🚀
rec114gicYMRGwIhC	Medical Support	65d8ad15bc9435efd7f44fab	Active	3️⃣Published🚀
rec11EEJQf6cSYXSR	Paramount	68ee19fc9056f59defaa7753	Active	3️⃣Published🚀
rec11nql3JiTzpdJF	Engrafa Archived n3chkk96	60932f89987d364e91879c93	Archived	4️⃣Delisted☠️
rec11qx7nIkFcDsDH	Bloky	61e0a8a3432a60e11bf4095c	Active	3️⃣Published🚀
rec121ru9rvcb7u95	Edition	6148c38eec7bde34f488a423	Active	3️⃣Published🚀
rec12C6vMiUWH5JcQ	Valora	6564bc94364bf0643d007a1f	Active	3️⃣Published🚀
rec12RYdyheAO9hht	Landscape 128 Plus	65d4b1dc5e2989cfb7a4de52	Active	3️⃣Published🚀
rec12uMBYEYFYFCgu	Altrion	694eb4256833ca6b2ff7f0f3	Active	3️⃣Published🚀
rec132gwtqFADRtr1	AGENTIX Agency	664242185b1c5093c859854b	Active	3️⃣Published🚀
rec137kqVfkNRs3yH	Agencye	67e34d7effd7a0efcf28ec8f	Active	3️⃣Published🚀
rec13MEQtOHMopqXs	Optix	662f5316e552165199fd5efb	Active	3️⃣Published🚀
rec13ZyUsuqbD5hfC	Trinacria	67d2d46d5546234d2f46661a	Active	3️⃣Published🚀
rec13bvEplpLMqCqv	Vegan X	66341ba1b471d1315639d699	Active	3️⃣Published🚀
rec1586LCI0GZKCFb	Insurbes	65fbbfcdaffa13bb08f330f7	Active	3️⃣Published🚀
rec15K71LGn9jfOJS	Vynix	6930f124dd3c14b95a56b830	Active	3️⃣Published🚀
rec162CWtGnGXluGx	FactorX	66be2819521cb9d98f223762	Active	3️⃣Published🚀
rec16TNMXynGEnWek	StudioAI	667adff77428187de411b270	Active	3️⃣Published🚀
rec178lfweSKsHsLQ	1Frame	54639d4e9d93a2990f0bf29f	Active	3️⃣Published🚀
rec17JpjFOR4nhYgx	Inotion	6888643826de8ae46143a542	Active	3️⃣Published🚀
rec17b9eUt3OSrBtq	Money Flow	63b04cd785d8d8785d2a5801	Active	3️⃣Published🚀
rec17wpRnwt5yBoP2	Kanzo Studio	693c6284a15a1ab70ae01fd9	Active	3️⃣Published🚀
rec18VdpKVIK4A7sU	Flarestudio	694ece71d5d9e96efbdd573e	Active	3️⃣Published🚀
rec18m9CeKp5uoI5s	Xavier	6552814fc8072e329557f854	Active	3️⃣Published🚀
rec18x7v17Am0vsXQ	Miki’s Art	685706c863422357e16fd953	Active	3️⃣Published🚀
rec19ZUiUCd4CwRdt	Bobby Archived j4n2o3s6	649b1327c5ceeacc174935c1	Archived	4️⃣Delisted☠️
rec19n8NDWQpDhRVq	Heartearth	65c45b99e67f3562ff7ebf7d	Active	3️⃣Published🚀
rec1A8sBHQEcVvTdD	Gaxta	68adf40379615c05f0c3ee5d	Active	3️⃣Published🚀
rec1AFe5rdlkHJtXU	Jonquil	62030bac41cceb61ebb97406	Archived	4️⃣Delisted☠️
rec1AkSbJjVpmAFSl	Unx.studio	680ef0670655d5bb16856325	Active	3️⃣Published🚀
rec1BaCVWDutw8x2D	Steele 128	66d0a924d209b9aac9fb77e3	Active	3️⃣Published🚀
rec1CEguBpBMS9uQA	Nutroco	67196d598559dfcc5885dc19	Active	3️⃣Published🚀
rec1DAABlVCBtJ34X	ZoneFlow	672ad17f8077d2fe2721aa9a	Active	3️⃣Published🚀
rec1DQDlIeLTIo5m9	Jaeger	68ecffb457e531396af970ba	Active	3️⃣Published🚀
rec1DUbSNqNBKivZ1	Spring	62a934ddadf8792f2f4af7d9	Active	3️⃣Published🚀
rec1DgZGcxGUvSJAc	Melyn	68e4ec28a728a0622cc9cbf3	Active	3️⃣Published🚀
rec1DxqHSWBQ4T5pd	Paramas	6446bd90c5f1d546073c947c	Active	3️⃣Published🚀
rec1E0EaXSiH4XX8D	Venture Archived 6qqmcfi3	606b38655dfd4674e7ef16c6	Draft	4️⃣Delisted☠️
rec1EMTvNommSKZfh	Konstruk	64e8b5f1431f87034e31153a	Active	3️⃣Published🚀
rec1Fn72sY5pchwSV	Eloven	67366e6ae1565d73e8ffe5d4	Active	3️⃣Published🚀
rec1G5nL0m4Y92Uk8	Skinly Archived a80lbqzz	6700619d4bcd193764ed48a1	Archived	4️⃣Delisted☠️
rec1GXkI0qGVteYaA	EditorPro	674b8bdd0e97f5a779d0de4c	Active	3️⃣Published🚀
rec1HFJxfd5CSv6Ut	Honrix	65cb712aa480b55adce3a63e	Active	3️⃣Published🚀
rec1HOLwURngMgRpU	NoBookingYet	61d4c982ece8f9b6381c7e3f	Active	3️⃣Published🚀
rec1HVLWsEPBZXQiN	Read More Archived izgepjqo	624f04a8f32e30501c302069	Archived	4️⃣Delisted☠️
rec1Hvo3TAiryunAE	Xtreme	5cf7f46fdf6b32d59d62ffd2	Active	3️⃣Published🚀
rec1I4BT0V8Pl49ia	Somers	6847c51b4df6ac89ac5727b8	Active	3️⃣Published🚀
rec1I6bvXndYwSgPb	Victory	5a0c9e4578c97700015f0bb6	Active	3️⃣Published🚀
rec1JG0eOGRcYxEZk	Veetra	6835dc6e5a3bb6cc8be94b1b	Active	3️⃣Published🚀
rec1Jf7gdo6Mug81k	Frontier	5ef5263e5ee35841455abab1	Active	3️⃣Published🚀
rec1K3fN38NzX00YV	Omgami	693c3b461754ba13a0e42a6f	Active	3️⃣Published🚀
rec1K6y6DYGxWOvOt	Calson Archived ns6riy65	679410da7fda535cf7910ffa	Archived	4️⃣Delisted☠️
rec1KYcnINmyN4sWx	Blogsville	62461283aea79b4e9fa3e61e	Active	3️⃣Published🚀
rec1L4TySkkW36GEs	Sushiba	68ffa3faf4707c5bcda6b985	Active	3️⃣Published🚀
rec1LneW5NfpEYx6F	Dave Smith 	6453e2bd6e65bcdfc3731b0a	Active	3️⃣Published🚀
rec1M539iG1qGlLKZ	Fluxora	683cc03fc3930e093b124264	Active	2️⃣Scheduled📅
rec1Mf8PCUA0Fky1N	Devix	693ccd647934b1c96f00266c	Active	3️⃣Published🚀
rec1MfrpBlOnE8Avc	PortfolyoX	6568dd823b891528b7f20ebc	Active	3️⃣Published🚀
rec1NHyuWvsW8MPxZ	Vaulta	698b5474cdb1148d180bed74	Active	3️⃣Published🚀
rec1Nlp3kBcnVqEqn	Tarnix	67986e27ac96549d0cc99789	Active	3️⃣Published🚀
rec1O2LC520GK9eFa	Coinvest 128	657a324cc035c851f1fd9e96	Active	3️⃣Published🚀
rec1Ofc06UTw3s2ZT	Babyo	64ee0077c6e9f2e496123a22	Active	3️⃣Published🚀
rec1Oyu0lvofwCQoE	IgniteX	68e6b22ad051055c91f40a30	Active	3️⃣Published🚀
rec1PClQtKWA9deQs	Corporation X	6330e156d726c7e057d5b00e	Active	3️⃣Published🚀
rec1Q5c7eF8FGV6QY	Pawhaven	6785b613541c45280da9b84e	Active	3️⃣Published🚀
rec1Q8594rci5iKV1	Sonata	671777db356e5c8c6cb23fc9	Active	3️⃣Published🚀
rec1QJGEeA6InTqTW	Cruze	6863edcea4a9e467af45b971	Active	3️⃣Published🚀
rec1QqFPmTioLczH9	Tancer	63d131dedb97b9a07112a951	Active	3️⃣Published🚀
rec1QwiCabjEzzJZz	Web Folio	61a4bec6fec97f51caae4c29	Active	3️⃣Published🚀
rec1QzLbuSVymVrnu	Ukr	63b9dbf53d3d7ab40a5198ac	Active	3️⃣Published🚀
rec1R7ea9xBaYkHJj	NFT Crystals	668483314c40082772df5a6b	Active	3️⃣Published🚀
rec1RHOx5lydtJrVg	Ampul	6879c34dc9ea5589d8cbe005	Active	3️⃣Published🚀
rec1SS1ZcPxcZsZgL	Nexofy.	686d969307bf9206239f9e37	Active	3️⃣Published🚀
rec1TQKxDcapzLRXc	Vibely	67fc8900d3ee9b1a6f26a3f8	Active	3️⃣Published🚀
rec1Tld5A4sripN6e	LittleChamp	67c5d8de0bde90726c5f559b	Active	3️⃣Published🚀
rec1U3v41H1U77ozB	Ventra	61659ceb5bd48523b72d9d42	Active	3️⃣Published🚀
rec1V7JJi5NHDLeaV	Obitro	68e3d3c176f95ed0d7132871	Active	3️⃣Published🚀
rec1VZxEBgfKodRw9	Oxigan	69120af169151ea37bd4b9db	Active	3️⃣Published🚀
rec1VqUf0t9kVZRTI	Graphicfolio X	6386d893497f3b88e67ae351	Active	3️⃣Published🚀
rec1W6KkdmELtUpkw	Verve	64fb5fcfea41c752a4d2aef2	Active	3️⃣Published🚀
rec1WSVwQB9Bsp5tD	Fuzion Archived c0v75s8n	65b2de7d4c3c2332e7059daa	Archived	4️⃣Delisted☠️
rec1WUniam30bmMP4	HouseMarket	686d62bb4ce63af36f293638	Active	3️⃣Published🚀
rec1WimSgEiAbF92X	Concept Lab	63d92c3a1e7899f51da62fbb	Active	3️⃣Published🚀
rec1WwLezvFzAItKg	Simple	596d2735f8f0c567fb359ce1	Active	3️⃣Published🚀
rec1XEnwftLcJnz4S	SaaSlab	6749ca977d60a10a4716b539	Active	3️⃣Published🚀
rec1XRfY3dUTCYQKh	Avexa	68890a12a26fe0498d311447	Active	3️⃣Published🚀
rec1Y8TeFfgknPxqT	Supify	67d3497f9be18bb379c6b2c6	Active	3️⃣Published🚀
rec1YOaQAY0kopz7P	Enhance. Archived e8ukuluo	66d9aa437249875d5ffdf92f	Archived	4️⃣Delisted☠️
rec1ZC290zuDEKT4y	Cargo+	69487bdcfb9dfcbb7e6e5d4d	Active	3️⃣Published🚀
rec1ZKhBziNeEvNpx	Adency	652068f0fee53d05890418ef	Active	3️⃣Published🚀
rec1ZedKCDbWdpFkH	Marketinx	652811627d98ec7113e4c831	Active	3️⃣Published🚀
rec1ZxhEsWU7N3lUY	Sasninja	655f8aa1f93d075463329f21	Active	3️⃣Published🚀
rec1aWLp4ECXCOjIE	PortfolioStudios	6785eff59fa92514f168b760	Active	3️⃣Published🚀
rec1aae2EwlYq32JX	Zaitical	6578e81f970fed544d985070	Active	3️⃣Published🚀
rec1bblpcSo5KGeQU	Duxu Agency	66293f6b9ec0aae5d1863366	Active	3️⃣Published🚀
rec1btSypckLSQZ5j	Showly	6990d3a83d89896548aeb801	Active	2️⃣Scheduled📅
rec1c80vakSJZckho	Kasper	661ccc7f8475bd0a86177e24	Active	3️⃣Published🚀
rec1cZfpSKozI7XpH	Axiom	660c016a65162d1c69e46ed7	Active	3️⃣Published🚀
rec1d0SsoA8rwEQfC	Divine	64856043e99be775625dedd7	Active	3️⃣Published🚀
rec1dLvjsfaZjKQhK	FitFlow	67763fa72bc80405d0a61bf0	Active	3️⃣Published🚀
rec1dMzpxaDICMQa3	Split	65ddf7e526f8578bca7d61de	Active	3️⃣Published🚀
rec1eArUgYpEsapNA	Kindtail	67a950b57ea20dba516aecf2	Active	3️⃣Published🚀
rec1eYjAkQl2dfqhi	Lilstep	697315ac6de2c905180becf2	Active	3️⃣Published🚀
rec1fCD6JyKnPNT2B	Car Dealership 128	64493a0fd048da7fa724792c	Active	3️⃣Published🚀
rec1fdZ6k01viu5GM	Aloha	60ca916d7163a146d0ce7841	Active	3️⃣Published🚀
rec1fvVGpRQXprXWt	Edinburgh	63ceb48740bbf86d30ff93cf	Active	3️⃣Published🚀
rec1gTO9z5Av1lBhY	Roblex	669987ead15494478cedfdac	Active	3️⃣Published🚀
rec1gbGDtNmE5obWr	Caffeine X	63b9e448cfc084b45861bb6f	Active	3️⃣Published🚀
rec1gjiWC0bHFSh1Y	Odeo	63d6e38104687921cf9c2937	Active	3️⃣Published🚀
rec1gx92ao3cSiVmi	Pearl	64da4507308913f8ee4eadd4	Active	3️⃣Published🚀
rec1gxHviWxlwXlhH	Zaisync	667efb940e8d92b900cf7601	Active	3️⃣Published🚀
rec1hCCGtQC364Aqa	TinyPath	65bd559312254124b7a2d091	Active	3️⃣Published🚀
rec1hmaT0sBtqm0c3	Jobs	5f08e142c6636cbc5b743dba	Active	3️⃣Published🚀
rec1iXcwd12rh6CfG	HEPITEX	682e51244fa7d9f778cbe6d7	Active	3️⃣Published🚀
rec1idX0FEGCxkMWE	Saasteck	669e9afa6ea26a933250ce1e	Active	3️⃣Published🚀
rec1ijaizVm2WNpxm	Therapia	6610497aaae5b79d963b2c67	Active	3️⃣Published🚀
rec1kMICHslAbedus	Travor	6406257d7b5c6626cb7039d9	Active	3️⃣Published🚀
rec1kQosKMQ8ijubE	NexusStream	677edb414321e3a801772ff0	Active	3️⃣Published🚀
rec1kWdOiozd4CyQY	Seoul	6441434f7b9bca55180c1cf0	Active	3️⃣Published🚀
rec1l69i2RARkHmRq	Sasky Archived t9hfb1u1	63b9e13da5f15fc8d8681961	Archived	4️⃣Delisted☠️
rec1lPZ7tBR5AcdGk	Niche	659703d7a1eb28dbcd8d21ce		3️⃣Published🚀
rec1lQsSTS3J4MTz7	Halmut	65b807a0e08b5c025429bc38	Active	3️⃣Published🚀
rec1lbIodJVG8LRCZ	Zylyf	6666f259989e70633b7a0a48	Active	3️⃣Published🚀
rec1mIGNv4p05Fv4T	Pet Grooming	670c4c99fb2237fb4f38d748	Active	3️⃣Published🚀
rec1mOdJMYW8Rixra	Loxpace	682bbd59d47825039e2967c1	Active	3️⃣Published🚀
rec1mdrkcsLPN8rrK	Code	60302c60f3cb2f3def7fbaf6	Active	3️⃣Published🚀
rec1mySgvSZYC4xmC	Concrete	61a13af3eeb118d2f2df9666	Active	3️⃣Published🚀
rec1nVfWEfvdcoC2V	SparkWise	67610ab66a8a60e7ecd3a401	Active	3️⃣Published🚀
rec1nXgC0dpjnjjzQ	NFT Zone	6697d57abccbfda8a8cd1c88	Active	3️⃣Published🚀
rec1oHD23ToZbjENG	Kenter	6733466f7ca322ef13468f49	Active	3️⃣Published🚀
rec1oHyDw2XiPlTwt	Hisaab	644f8835b9f2362e7e9024cc	Active	3️⃣Published🚀
rec1p0dF9izTsvR18	Dennis.C	67fc0bd22fc5651581a2526c	Active	3️⃣Published🚀
rec1pTh5NnJSDM2L5	Aaing	6584afa86e3eb3737dce4683	Active	3️⃣Published🚀
rec1pb89prEQyszCg	Zohgeni	686e0db2f8990d1f2619965d	Active	3️⃣Published🚀
rec1pcUiOTthsA9mI	MarketFolio	67fd86f504755a60d622f3d1	Active	3️⃣Published🚀
rec1q6TMyeE85BRmg	TheShop	660867231447875e74df6bcc	Active	3️⃣Published🚀
rec1qA6VYmfVdFmHX	Tonle	615cab292ffbced579968d94	Active	3️⃣Published🚀
rec1qADkSE0LydYiR	DataPulse	64fdf888ec4645b5bd0654d7	Active	3️⃣Published🚀
rec1qFK5WlHldPQql	Fenix	5c9a2cec6315c6a6f3aea7f8	Active	3️⃣Published🚀
rec1qYpy3U3ajj6cP	Wanderlust	657ca25d163344232dcecfbb		3️⃣Published🚀
rec1qdm2zYEbijH9Z	Catalis	693b552b709eca0e1f9ddfe7	Active	3️⃣Published🚀
rec1qoBymUTnYz2SS	Zailangu	664f65632ca080de6239b385	Active	3️⃣Published🚀
rec1qoFfpGDNbCrxi	cleaningZ	666ccf59b532af19d5844ef0	Active	3️⃣Published🚀
rec1qsrwszN8gC4xl	Oranzon	664cb08e03b0377cd6b0faf6	Active	3️⃣Published🚀
rec1rFlq0CfXzCRFF	Flagship	67a195f54376cab9fe0c891b	Active	3️⃣Published🚀
rec1rfEqsp2T7HXYh	Interio	64d3cdf05c2006c1755cf0df	Active	3️⃣Published🚀
rec1rrBOlHTAszJQ6	Assetco	64a445dc755e9a3ab1744d41	Active	3️⃣Published🚀
rec1s6ivXr2rXRMxk	Penelope	65fcffc61eaf5ffad2f8de73	Active	3️⃣Published🚀
rec1s95m9X9lf6mup	EVER/DREAM	6756fd86ed762d143d36ec96	Active	3️⃣Published🚀
rec1tkmNNRtWEp4uM	Binanas	630e3e6ad9fd0405c33b096d	Active	3️⃣Published🚀
rec1uEJ83wOD1FKgX	Sigma	5e6acc59d08b1282dd8aef37	Active	3️⃣Published🚀
rec1uR0UZXIjvWpPL	Nextron	6605ec3c4837d0a5ffceeae0	Active	3️⃣Published🚀
rec1vPz17bBebNH1H	Victor Noir	66e8af4dc89a30429dbcff3b	Active	3️⃣Published🚀
rec1wD4SN3DWMFhId	Subscription X	6660c187c19b6fce5dd2103d	Active	3️⃣Published🚀
rec1wb5BrF1YtNRPl	NutriCore	6798e24a7386ed3fe3af954d	Active	3️⃣Published🚀
rec1wcOlEDGGa8IdN	Congra	69181a6c5197588ac7567e0e	Active	3️⃣Published🚀
rec1xGsxvDWsthTUK	Lunaria Studio	668954cc02fdd121eafe76af	Active	3️⃣Published🚀
rec1y6mBL60cdnWT7	Webinarly	676e011ee24e1bfe9d07e3a7	Active	3️⃣Published🚀
rec1yAVIFTcgmiyyz	Inspired Studio	645a76388d87fd8d04ddf1fa	Active	3️⃣Published🚀
rec1yRcRjWmJQfRzk	Orbix	672241a8dfd61e498a7aad6f	Active	3️⃣Published🚀
rec1yRxBHoVcXYaw0	Blue-print	65714115124c520273dd6f5d	Active	3️⃣Published🚀
rec1yciBV5kuHIs3x	Mariana99	68d169a83e2ee32c842637ac	Active	3️⃣Published🚀
rec1yczlwgY7LPDLg	JetLab	65b956ce5421d92715254c72	Active	3️⃣Published🚀
rec1ydBDkS2QO0rIp	Mirall	6868208f933c17ba715c5af4	Active	3️⃣Published🚀
rec1ypRvlMYHrUJIr	Miros	679fc9f5e9f022767fb27f0a	Active	3️⃣Published🚀
rec1zc8X75espwjkY	Vyltrix	67da33343d48a773610abee8	Active	3️⃣Published🚀
rec20BxI6he8QljYN	Kentucky	66b809a16c669c1df9742f32	Active	3️⃣Published🚀
rec229ULzMpKhQ9S5	Outraze	68ecb214785cae344637cf90	Active	3️⃣Published🚀
rec22YSMo6MtujiCc	Movement	593595f1d0ed9f25a461ac59	Active	3️⃣Published🚀
rec22lL8YM7xdtk2Z	Legal	649337c8d87593d6576077f8	Active	3️⃣Published🚀
rec23oL2yF9zNIBMR	Fuji	666695a8101161cdf7e92062	Active	3️⃣Published🚀
rec24XN6WB394x7zI	Natale	69161cfd80c7100e256d4775	Active	3️⃣Published🚀
rec24hkWoD7SVCaFq	Visionary DB	64908fba5c2bb7c5b742cc81	Active	3️⃣Published🚀
rec24zkGgp0q90KDj	Semssy	69404d770c0a22364e1279fe	Active	3️⃣Published🚀
rec2528gBvfjUZtOH	Abstrakt 128	63b60e71c9c57dba1c5d1c02	Active	3️⃣Published🚀
rec25SNa62YRDP1Nu	Orion Construction	668f2786a8ba29bcf0d9dfca	Active	3️⃣Published🚀
rec26FBuyx4EIndKU	Adlivo	692c17e04583cdce555f1cd5	Active	3️⃣Published🚀
rec26FjVbQm8PziZY	WeGeek	65554332791ec8728c413767	Active	3️⃣Published🚀
rec26HgvFNhXnP7rX	FormaFabrika	66f84ccff4ec4031862b09bd	Active	3️⃣Published🚀
rec26TEnf1F9jfdWP	Epitome	64d25a1eafc93b603249205f	Active	3️⃣Published🚀
rec274chIiAvpb6H4	Firenze	654b9f2204230c20c61b1c3d	Active	3️⃣Published🚀
rec27Y9DoZEgI60wB	Techstar X	63e11e70f7990910d6e2a743	Active	3️⃣Published🚀
rec27fwsISxnY4rWZ	Boomerang	64663568b9c99c3ade02c2a1	Active	3️⃣Published🚀
rec27rFCtxLI1slU9	Aline Archived d5wudk26	66a3c3c9b47ec73deac9bd55	Archived	4️⃣Delisted☠️
rec28sRXBWLkB8DPC	Logistic	653b3221299ab4a1131a6c24	Active	3️⃣Published🚀
rec295DCP7nv2aXJD	Midnight Academy	6434f977fa4540b12f1e1b0b	Active	3️⃣Published🚀
rec29DQehacuUVOB4	Aaxon	68b1d46c92e93ce51fccf92b	Active	3️⃣Published🚀
rec29XKgQsvQZSYE9	Palestrina	689af6e04890344f808c84a7	Active	3️⃣Published🚀
rec29enklmgB6ktOG	Carso	65f8ee1bc7cfd863aefc36f2	Active	3️⃣Published🚀
rec29g46tP8F3ijLD	Intorio	681543805420cddf3b38e1ad	Active	3️⃣Published🚀
rec2ARoiB780n4RGp	Monreal	64383ca50533fb9c7fc2cd64	Active	3️⃣Published🚀
rec2AVhq8spCF3iYs	MNC	6958a67f885c0ee92f72e115	Active	3️⃣Published🚀
rec2AgLPwUmxdxK28	Lexa	6453f3db5ae361519b64671f	Active	3️⃣Published🚀
rec2AtNtrvSQXA1p2	BoozlyAI	673f614780ec8ce687b8ac25	Active	3️⃣Published🚀
rec2AuEt2jsWlzvF4	Dovefry	673cf549c44730279529641c	Active	3️⃣Published🚀
rec2BlVEzbsPIFWZB	Poli	64133d35f91a1a56977c2ae6	Active	3️⃣Published🚀
rec2BmKsQCGu6WHiJ	Amplifia	689e88c611637360072a1c0b	Active	3️⃣Published🚀
rec2BoIGuQ5Sqb9kx	Zailotion	65836d39b5350b56c33cabae		3️⃣Published🚀
rec2BqYH1BWMMZVH3	Artique	66d81ab74bcceee21285b5de	Active	3️⃣Published🚀
rec2CtHaSJK6AJvEt	Bayan	5f6aeb4dc6eb9712b9be979c	Active	3️⃣Published🚀
rec2DKZyHfIy02HlC	Watches	5cc0b35d5825767a245321a4	Active	3️⃣Published🚀
rec2DPUJsxPVkKkou	AGENSOAR Agency	6647adfca3310eb98bd230a2	Active	3️⃣Published🚀
rec2DQsicZce2W4VR	Hyperion	60480e060937f13527ad5ec7	Active	3️⃣Published🚀
rec2DjCUL0MMUnXGX	Devdocs X	657b1f6f9ecee31775807038	Active	3️⃣Published🚀
rec2E1LXbDnpjaOh9	Avast	5ddef56747b78cdaa6fe1e5f	Active	3️⃣Published🚀
rec2ER184E4S3aOaO	Makit	67ddc43c7f14087ffe339f5e	Active	3️⃣Published🚀
rec2EclTDbNsGFB1F	AutoLoan TNC	67210b83c8d750cabbeca9a8	Active	3️⃣Published🚀
rec2F9fRMCMo0AE8P	Miclo	6929dbfcf7bd1126a98f475e	Active	3️⃣Published🚀
rec2GLNN1hY1MJXoF	Voxure	6750bb27b11e7e23a1961308	Active	3️⃣Published🚀
rec2GPaRgjcXbyzW4	Saamurai	62a942525bdf9de9cef49ecd	Active	3️⃣Published🚀
rec2GiUNqynPo8apL	AirGlideX	6709fa7450d8c8395ece15f0	Active	3️⃣Published🚀
rec2GmDixishkLaoF	Roslyn	662695102bf4618d3cf3fca2	Active	3️⃣Published🚀
rec2HXlhIOCw7IxgR	Bloggger	669ebe945859fc339086d9b9	Active	3️⃣Published🚀
rec2IQdpsZXeYJohC	Monvit	687dd97fb7a61fed552c0e9e	Active	3️⃣Published🚀
rec2ISCpPdqYg7BrM	Hamilton	657a35f505e552f81995bf1a	Active	3️⃣Published🚀
rec2J7rtEWrmMnDlt	AGENCITY	65f96c5ae99ed3627f0ff965	Active	3️⃣Published🚀
rec2JglsoG4KqeHwC	Inclusion	6570f8c288651816811f4cc0	Active	3️⃣Published🚀
rec2JhJZcOtq9eEym	Elysian Tennis	674a79d98357cd742eb9010e	Active	3️⃣Published🚀
rec2Jit3WAE6dxa3e	Ylva	642894245fbce25bcb556df2	Active	3️⃣Published🚀
rec2K67VYSw4ZcRwf	Sølve	631539f977fe7ee8263c6188	Active	3️⃣Published🚀
rec2K7rXYOSssQf5f	Paulfolio	6561266e39802fe6b676db22	Active	3️⃣Published🚀
rec2KcnTB4dCkUDVi	GoClean 128	66ce0a3d526ae7db74f463b0	Active	3️⃣Published🚀
rec2KkoKcyrNKplrs	Architera	674df57358ee950417372485	Active	3️⃣Published🚀
rec2KoX8DdLTwAYRA	Clicker	64133e1272f13c784e0742ee	Active	3️⃣Published🚀
rec2KuTDO0qhr6yLE	Dizilab	65846fccfe2c7d9980d69da4		3️⃣Published🚀
rec2LEIJLBGqAKXog	Mostd Archived m1vcj3nt	6785e81990071cb9fade2236	Archived	4️⃣Delisted☠️
rec2MP5UpMCXOM27k	Dixine	684cdbe9fd47156963dd62d8	Active	3️⃣Published🚀
rec2MQtdlhY4BnLRF	Zaiblock	638a2b4d2a790c33ef814bc0	Active	3️⃣Published🚀
rec2NTTM1MtirW5Sc	Architekta	66d589a9ccefc51b369bdfb4	Active	3️⃣Published🚀
rec2NTrE8Xba5WZmp	HireSphere	67586e61be0dd4180e0b6571	Active	3️⃣Published🚀
rec2NkouxeyI5BLzN	Arfito	66e392995596f41580f0d00f	Active	3️⃣Published🚀
rec2OIjEl6BdjEuEh	Notify	669ebe2a1b87497946afcd36	Active	3️⃣Published🚀
rec2OOtJTJo6unzfJ	Crocus	64d29554c6e45fd737f8d7c2	Active	3️⃣Published🚀
rec2OcyoNSODtq6BO	BlueOne	63a202384579f60b5e3cc80f	Active	3️⃣Published🚀
rec2P1TEakjy01XEC	RetailFlow	65a1ad1de23ca57380803400		3️⃣Published🚀
rec2P32EDYTcJlQQQ	Marriage	57b374c05e0c1f1a72bc173b	Active	3️⃣Published🚀
rec2P4sv37926yydN	Frontend	67ddb11de0e61c0dd6b5ac52	Active	3️⃣Published🚀
rec2PJwFIL890iiPo	Metric	5fadda75e7a0ce0b2e00ebf3	Active	3️⃣Published🚀
rec2PkJgQ8QCF1weJ	Fenora	68d35a25e0af6c4f8aaab8f1	Active	3️⃣Published🚀
rec2QA1VgRLvcDYU0	Sophia	63402ef9e02cc97f6d089f4a	Active	3️⃣Published🚀
rec2QJBqp6G43eer9	Tokko	696d9e6f3a456c0cca2c145c	Active	3️⃣Published🚀
rec2QME7cEySdNPZf	Foliofy	681004596190b7adb3ceb0ef	Active	3️⃣Published🚀
rec2QPOmOdYfZ9cBm	Protex	693285be6635c2a7cdb4e0cc	Active	3️⃣Published🚀
rec2R9JtjIWzd3E1e	NexAgent	6921fc9cf2b95bd6af3f19fc	Active	3️⃣Published🚀
rec2RVr1fmnFCyj0H	Zaisure	664f65ed382f06744806773e	Active	3️⃣Published🚀
rec2RivGuN4nnlU9w	Ondex	67f93437f99fdcd3b24862ae	Active	3️⃣Published🚀
rec2RnmIfh5bO2wiU	Chomp	5e865e9a609dbcbd6b22a9b1	Active	3️⃣Published🚀
rec2Rpy0MCiD8ZiGJ	Harriet	66902cced8350f5d9c481583	Active	3️⃣Published🚀
rec2S0zNcXeiIKW3L	Panels (FR)	61329c3e10ceeb200b970322	Active	3️⃣Published🚀
rec2SRO7OjJInSsUy	Jesse	6470b3a92bb3cf81eee4ff6e	Active	3️⃣Published🚀
rec2T1wwN9ITWDKA7	CRTFY Studio Archived i8f1g13t	65c4c720776060a0fff6ca6e	Archived	4️⃣Delisted☠️
rec2T9ovY4rywi247	Heavent	65e7ce7fa776fbb44bbc4805	Active	3️⃣Published🚀
rec2Tbn95B7TJrftN	Pūlse X	66903206b2ff4efb75cd4fc6	Active	3️⃣Published🚀
rec2Tpwx2YIrDWSaS	Rowan	66c48c035da31183bb853ed8	Active	3️⃣Published🚀
rec2UCx96bjkbtNzc	Digigrowth	68accf3c79615c05f0bf22ce	Active	3️⃣Published🚀
rec2URm6Kw7yrEzrG	Sendix	67d1013f92b7b1ac4b843e87	Active	3️⃣Published🚀
rec2VKRZlge08qKYj	Dominic Studio	68f1d0fa0d0ef10771df080e	Active	3️⃣Published🚀
rec2VXCHOyRpGCXiw	Furino	699cad41093f04b1e2f5f47d	Active	3️⃣Published🚀
rec2W30YoXpNlUA9f	Digitologys	6728983e9609eb13e5459ff2	Active	3️⃣Published🚀
rec2WQAFIRk7b1cPx	Geniuz	679181f669469bceda69f825	Active	3️⃣Published🚀
rec2X7FmgkCUDnRvx	Beard X	63b8685a32e4501e3a85b477	Active	3️⃣Published🚀
rec2XPSu5UOmRleQH	Yogabes	6703522f7fc09cdae8356eef	Active	3️⃣Published🚀
rec2Y1q9jigxKPJkW	COMPANY	66ceb02937aac5ec3dbb6c3d	Active	3️⃣Published🚀
rec2YAEikRQWbuvnW	Localos	5db999abb7d47445d78b197a	Active	3️⃣Published🚀
rec2Ym2gQXHo81CIl	Loogan	67bc9735bb43386b4c7ccc1e	Active	3️⃣Published🚀
rec2YnOesbAYiGSOt	Sasoft	6687428a94eef07eda464afa	Active	3️⃣Published🚀
rec2Ynvdi5mWGNvOA	Ancestra	691bf23f3c2eb778e2a6136c	Active	3️⃣Published🚀
rec2YwRtxFi4M95ds	Nodes	65d4b2781cba4e71cb82a0d4	Active	3️⃣Published🚀
rec2ZdQROsnLSiqTh	Promofy	67b40c8d051672e75d7129cf	Active	3️⃣Published🚀
rec2Zh1khgsSDWFN7	GymZone CMS	66e0b9547553d88212590836	Active	3️⃣Published🚀
rec2ZiwMR8iAplFfK	Altero	691c9c2b3088cefff0d7a3de	Active	3️⃣Published🚀
rec2ZmursDeb3Pt6p	Zevu	68fbd8f568ffb979e317d99c	Active	3️⃣Published🚀
rec2Znurb9REQfPA9	Greener Future 128	6696a25a6de317f059bc0135	Active	3️⃣Published🚀
rec2ZtRPd3qr2V6cV	Zaift	6793e7da068b872cf1b2e1a0	Active	3️⃣Published🚀
rec2ZyNCnXXo9dAH5	FormWise	6900f322cee1904d7c21d87f	Active	3️⃣Published🚀
rec2a6evff1FOyUSX	Click	65712f7fba8dbba6ad29fdde	Active	3️⃣Published🚀
rec2aGHLxybB3iInn	DentalCare X	65833a0115955abf26ac542b	Active	3️⃣Published🚀
rec2aIireyMmoMuLw	Grilla	5ecd9aba9cacddd68913fdb9	Active	3️⃣Published🚀
rec2aJhXZ4PRTzcYM	Lunes	665f3cc1d3da277f7ef9b904	Active	3️⃣Published🚀
rec2aJn2xjo7Ik8mF	Swiftcore	645a75e1f4ec5c6cdd308c48	Active	3️⃣Published🚀
rec2at50MFNfACA0E	Ophelia	607785848e7f6f5975bf5b5b	Active	3️⃣Published🚀
rec2bBnK1eaz8UTLm	Surely	6089ce84c8a13b5e32a07ba5	Active	3️⃣Published🚀
rec2bOS1hxWVArR1R	AGENCFIRE Agency	663b4b2862d6d354c707e02d	Active	3️⃣Published🚀
rec2bPn2nH0XYBg6X	Lasker	63c4a74aa18db717121253dc	Active	3️⃣Published🚀
rec2bVcbC3hXozizU	Dimora	60e78676a16e9e8b6a624659	Active	3️⃣Published🚀
rec2cQHIWHDVqs3a3	Cloudrise Archived grto2mp7	679e8158312e2c69f2f4de0f	Archived	4️⃣Delisted☠️
rec2cenJioxJVz3XJ	digiiflow	664373e1713d3951a1031fdd	Active	3️⃣Published🚀
rec2clEuTCsgLVjI2	Consult AI	65e0de127bb82e015dd6a42e	Active	3️⃣Published🚀
rec2csi0a9hWauGT6	Max Pratt	6446bcddff243fd8af74036b	Active	3️⃣Published🚀
rec2d1xcJXUAaKml5	Taskz	650b1b1dc44f67d1aa38f5d6	Active	3️⃣Published🚀
rec2dUBRg9S9objGH	Ramon.G	6953f1343d0dc70ed438a16f	Active	3️⃣Published🚀
rec2dy045JrWTfWP3	FRANCO	677aea73eb367078c9e80eab	Active	3️⃣Published🚀
rec2eDWkehaB5ajex	Coonsult	6754baca41bf01d50c60901f	Active	3️⃣Published🚀
rec2eIT3OGAwfHTVz	Delia	60da77965c47d03cd679a96e	Active	3️⃣Published🚀
rec2ePIRrn9aP0th8	Taskz Plus	657b32ce2b6ad8413a3ad062	Active	3️⃣Published🚀
rec2ekITy32LrO8iR	Loaner	675b1705fd4ef77936402745	Active	3️⃣Published🚀
rec2fY6Gs6pRgSrGs	Grutta	6647e84d4d080cacb9f77148	Active	3️⃣Published🚀
rec2g6B8blFLuwAaD	Artlytical	6616d382176daf61140f1b27	Active	3️⃣Published🚀
rec2g86BHVP2Ks2wr	Coursify	6319f0cc1f4dcd3a0602e5d1	Active	3️⃣Published🚀
rec2gUfW2mexmxtci	Cloud.lab	688a984f3e30687047dfb9a1	Active	3️⃣Published🚀
rec2gaNSMcteVPCXE	Larsson	64c95acf8336b9576041504b	Active	3️⃣Published🚀
rec2grMW3pZ4iDUQ5	Vessa	67ca3d7fa11b54aba7e1c772	Active	3️⃣Published🚀
rec2hLImVYfBM9cg2	Dusk	65fdb3707b1aa00a954be496	Active	3️⃣Published🚀
rec2hknpCPmmTxgIH	Sasify	645526727a9bfb07495913eb	Active	3️⃣Published🚀
rec2hzRD4mjVBmE2g	VolioFlow	6859fe776e9508af0bd6b087	Active	3️⃣Published🚀
rec2i3fOZWNbLPs08	Fynzo	67da01bc64848d95ef810a79	Active	3️⃣Published🚀
rec2i5ULt9WVQafJz	Zairip	6749cefb9779113251f518f4	Active	3️⃣Published🚀
rec2ijE4v1thGYaYn	Brillix	68647d7d13b3cfb8b5d82d23	Active	3️⃣Published🚀
rec2jX2K1M9SGry9B	StartAI	649342fc9cdfd998aeeb6cd3	Active	3️⃣Published🚀
rec2k413w06GDOUnj	Notefye	67be95d290b563e665fef370	Active	3️⃣Published🚀
rec2kFKrNhIG3SztK	Arvynix	697155be284af6a2b4f51860	Active	3️⃣Published🚀
rec2kjsrXOc6Fk9vv	Bloomava	688d245670bf5a6535c23692	Active	3️⃣Published🚀
rec2kxY6O8zh97LZf	Soniry	677ae9043fe327fe50923404	Active	3️⃣Published🚀
rec2lxPMvZrwYBIo5	Fachwerk	655f8f86d630a63820103954	Active	3️⃣Published🚀
rec2mIPNdrSHAGQzR	Equinox	66055e7a3f6c84fdff69d410	Active	3️⃣Published🚀
rec2mc8HnZqDYrC3h	Harvey Oliver	66f3ee8da1df0cccfa39c15b	Active	3️⃣Published🚀
rec2mlYSfTgupSg9k	Starvy	67414befaed462b253de68a9	Active	3️⃣Published🚀
rec2nKS2v69WSWYRb	Molixo	669028ddd0570f17e98a74e5	Active	3️⃣Published🚀
rec2nZT6fffBHKpyH	SEOI	6780ba713b08172bd9e52f2c	Active	3️⃣Published🚀
rec2no6GwWQ9nv5EM	Qrest	693763c4d8fdf4ff3630db4d	Active	3️⃣Published🚀
rec2o5Jf9HPGbJgJ8	Rosemary	60e7889c6921535ae509e49c	Active	3️⃣Published🚀
rec2oHqqWvai47ffN	DataPilot	673c922b0c85da9aaccee679	Active	3️⃣Published🚀
rec2odwse2O7MkbRc	Agency X (FR)	6132898ed439e03a9ce01226	Active	3️⃣Published🚀
rec2owY89pBePF6Jz	NOVAIRE	671034666dbaef86be15e2ef	Active	3️⃣Published🚀
rec2p3EimemKQrb5H	Startly	66b3a422f3fe649a9e5f631c	Active	3️⃣Published🚀
rec2pUr78VsUww12G	MOSS	642d807eef367b39c13742f4	Active	3️⃣Published🚀
rec2pb83DDvSnAZ6r	Blueai	678d6f305b30c4649ea7b2cb	Active	3️⃣Published🚀
rec2q1BFnc8q6NDlJ	Zaiuntor	664f60b59a72accb4e4c8371	Active	3️⃣Published🚀
rec2qhL67tFo0b5dE	Glide	665b7d3c1b6f1bca421648ee	Active	3️⃣Published🚀
rec2r1ix9A35zxUvR	AirCo X	696f8e7643a0cbb9e428fe6e	Active	3️⃣Published🚀
rec2rOq3HIG6by3RH	Spector	69932c0585f586e47ca24a10	Active	3️⃣Published🚀
rec2rVRYXrfmsFVvb	ConsultGuide	66c3bdb411dd099b8efccacb	Active	3️⃣Published🚀
rec2sO6Os5szTKTHK	Teletype	68b85edab857c93fdfb543b4	Active	3️⃣Published🚀
rec2sRVXgc0n9sdQr	Tape	64a6f4a15b3b9f26b9748200	Active	3️⃣Published🚀
rec2sbjNeAcitxzF4	Webbling	66d242dcbce8d30d7b35ff62	Active	3️⃣Published🚀
rec2stfbyNRg7D5zz	Joe Bloggs	5f628db456e36a9a0ccab4cc	Active	3️⃣Published🚀
rec2u0xkFBsPiZulr	Ionofolio	689e8b1c11637360072a1fb3	Active	3️⃣Published🚀
rec2ugaSWqdIE3pAG	Velvet Grid	687fddf3d00077d30bf613e5	Active	3️⃣Published🚀
rec2ukPIXsqmTYMfQ	Hotel Gojo	65bd217f35e57358a772b4d9	Active	3️⃣Published🚀
rec2vFurc7iCQxEBt	AirZen	664231abe1110c73670a0505	Active	3️⃣Published🚀
rec2vXkPtHEgVwCVD	Pets Care	66391b7b22d64505175b70c1	Active	3️⃣Published🚀
rec2vlrYvhSVS7OAk	InspireCon	66e3b74bb8346ed0eccf308e	Active	3️⃣Published🚀
rec2wEGjWPc8nkg24	Arcbes	6769d668a20a5b245c04de82	Active	3️⃣Published🚀
rec2wHQc23ycSr0Ep	Avrax	66ccf99455a7785ee0baf388	Active	3️⃣Published🚀
rec2wsIeuZ3sXK4Nd	MindSpring Light	66fe0a61a6bea68827a9f1c4	Active	3️⃣Published🚀
rec2yDEe1dWqDES9P	SaaSTech	6768f03c043fd03e61c2f30a	Active	3️⃣Published🚀
rec2ytmBTgW1FDbBy	Darktech X	64b84dcf9ef2c4535820ad9d	Active	3️⃣Published🚀
rec2z9TOMBUPjqF5x	Fairmont	6787eb5d23b7e8b54cc37f67	Active	3️⃣Published🚀
rec2zX5gcdrP4ODZY	Terris	6849dc9985adae947995ee12	Active	3️⃣Published🚀
rec30Tv36gEZXRTl1	Novah	68f96101048df9dca7371de8	Active	3️⃣Published🚀
rec30Xgxh1igwixkN	Sushi X	63bf01b5e3b7c9f70c724f5c	Active	3️⃣Published🚀
rec30hULe5ZYXnUp7	Frozon	6873155a6d38f99bed8e8707	Active	3️⃣Published🚀
rec31i1eKINd66KsS	Midori	651d7f46ab7e26928511e473	Active	3️⃣Published🚀
rec31qlxcfNA9vL63	Saasus	671d7deb44e0637ed1aa1a06	Active	3️⃣Published🚀
rec32Cz52SAcffFcp	Dark X	6148e5c5596c0b376e3427f6	Active	3️⃣Published🚀
rec32xdS6I1pfdvoQ	Sartorialist	6489e75e21a874eabe1b3323	Active	3️⃣Published🚀
rec33Bx5Bs1PIoVyp	Banca	5edf53bf6ed508a815213fd5	Active	3️⃣Published🚀
rec33TD88uw5ETDFa	Lumodesk	696f9dadad3a569527a00090	Active	3️⃣Published🚀
rec33W8rw0cRtZU75	PathWise	68e74309dfe44c42d5cd37f3	Active	3️⃣Published🚀
rec33y6fjflNO9f5J	Axtira	6928cc62a21e6d37de661558	Active	3️⃣Published🚀
rec34ZBSj0TnW2sUz	Quantix	690d4f0d9028f3a80432b786	Active	3️⃣Published🚀
rec34sRchuhGJWVLn	EstatePro	669ea716009e3b5a2c0c8e94	Active	3️⃣Published🚀
rec34xhItTNC58fDj	Impulse	65cc38ded8c060ba3503c8ff	Active	3️⃣Published🚀
rec36mOgAqi98ZCu9	SaaSnap	66421f16d7074f74c47331da	Active	3️⃣Published🚀
rec36tYPbtpIRVs6Y	Trackio	68da93d894b77a3c67cac005	Active	3️⃣Published🚀
rec36zjG4th3P5pOJ	Metallic	6763ad2a08c3f886fc1d2de9	Active	3️⃣Published🚀
rec374f3Nf5UqPdZq	Mozavo	6725c61fb77fa098ee4d780f	Active	3️⃣Published🚀
rec37VBQ7jCRrZhis	Hairitage-Salon	6614661ed562201e52c4391a	Active	3️⃣Published🚀
rec37hfiPc2opDSw0	Trustus	692c77374583cdce555fe818	Active	3️⃣Published🚀
rec37rxoylNLE0UVs	Markethub	672e18dcd7941342202a9f33	Active	3️⃣Published🚀
rec38EO1MG8LAb4Yi	Diine	698cd84f415b3b91ab1ecfce	Active	3️⃣Published🚀
rec38bbr7Hl9GNiUr	Shkret	689af63b4890344f808c80db	Active	3️⃣Published🚀
rec3A5LECfsXtC0Pa	Prestige Pixel	679fd691532e90ca36456219	Active	3️⃣Published🚀
rec3Ad9pXTrzXTMDp	Uptown	65b9396ba208434e6d661049	Active	3️⃣Published🚀
rec3AlhMVHCZ9vbbS	Saano	64dce50a6b591eb10706f20b	Active	3️⃣Published🚀
rec3B2HNL2MTd8gpn	Buyox	6780a876f1bff60a092a7911	Active	3️⃣Published🚀
rec3B5JQOrafESoL0	Boat Rental 128	656383a05867daf52ea7bf58	Active	3️⃣Published🚀
rec3BatjAVn8q463q	Madrd	66be33e5e2fa3ac885f2a111	Active	3️⃣Published🚀
rec3C1ftALhun1yhi	Mindora	694eb11f6833ca6b2ff7f05e	Active	3️⃣Published🚀
rec3CfUNdORaEFeBh	AssistAi∂	669eb8502d29c2f4b245de4d	Active	3️⃣Published🚀
rec3D8nT18rtx00i0	Nevada	65bd1d28fd3e1bbc9c57d4b5	Active	3️⃣Published🚀
rec3DRYLBLC9znAQO	Studio 32	6317b7130d159207e8ded795	Active	3️⃣Published🚀
rec3Dkqkdu0CHUao0	Ertiox	692f04c6737d28377cd4d258	Active	3️⃣Published🚀
rec3Eb2QBrcY13d1s	AdFair	674bc21a0fbd9b7fb81088ed	Active	3️⃣Published🚀
rec3FvFECAMRTj1xW	Buildpex	695d473ed2caf10ed79a9ff8	Active	3️⃣Published🚀
rec3G2i0d5qRb45f2	SalesFlow	6639147ae5abcb167da9bb23	Active	3️⃣Published🚀
rec3G3JPB9I7w0ibQ	Cintio	68f45086ea16dd382f084480	Active	3️⃣Published🚀
rec3Gu8Nm6gKhl8vr	Benji	64b95aa6515d1e7aed7110ef	Active	3️⃣Published🚀
rec3IK6Pvd4QukUtd	Glowology	67b7d92d39580ec8fe2d3a2b	Active	3️⃣Published🚀
rec3IMDpMiMx11VqY	Vivlio	5c2e37251136b0909dc60594	Active	3️⃣Published🚀
rec3Iv2qbUxzplIXK	Ingenium	5fac18767f9ea3aa7234dcfa	Active	3️⃣Published🚀
rec3JLJeSmSgk1UmP	Bangwelo	61e8870e2fc4c0e56af9ddcc	Active	3️⃣Published🚀
rec3JdJzPliMvsTrj	In Law 128	65e61b5d4ab39b4df8a4112c	Active	3️⃣Published🚀
rec3JhB5XLeOw57Nd	BrightEdge Studio	67454e8943fddadb7d1e3f6b	Active	3️⃣Published🚀
rec3JulfO8msNV6sC	Beetle	64babbf2f65e12e4bc4d8ef9	Active	3️⃣Published🚀
rec3KOiEnZ9WmoOKO	Mediclinic	662ae65a7e7112905bc2ace7	Active	3️⃣Published🚀
rec3KncwSCX6WBRmD	Parkar	660718262ffbeefa45b27940	Active	3️⃣Published🚀
rec3L2hSLDH89PdSl	Fictional	67f93e64c74eeb286ffa6fc8	Active	3️⃣Published🚀
rec3L9jz22lJqgKaC	Canvasly	6994d3e6a826a1620b067c8c	Active	3️⃣Published🚀
rec3LASjLfkFRj1SB	Creavo Archived 2bihpxlp	65d3f3827c37496fb395895b	Archived	4️⃣Delisted☠️
rec3LJEYEVloiqMht	Zaipart	6655f3a69974d2b781958459	Active	3️⃣Published🚀
rec3LYzaswxg5xxpF	Roofer	66c36bf34c6ba0bca9b677e8	Active	3️⃣Published🚀
rec3M7pFFLbJmteyI	Domok Archived 7kh7i5er	657b68a7a112690e597a1adb		4️⃣Delisted☠️
rec3MSGzrrcmBgdvR	Quix Template	66f0e433dd100cb763cea4cf	Active	3️⃣Published🚀
rec3Mnf9QukWySuQB	Femme	67a23e7973cdf5fe4de87e39	Active	3️⃣Published🚀
rec3N0TG295n7kz0n	InnovMind	6624121fd1360a25b906b695	Active	3️⃣Published🚀
rec3NBcWp19dbeX2N	Gympal	658db1391210c2eb1d27a611		3️⃣Published🚀
rec3OCFjaPEhv9hPv	Lyndor	6933334261ae3fd47f41a7db	Active	3️⃣Published🚀
rec3OMfSSgOdMOfME	Inspiro DB	64a83c7fdd3bbac43af0efea	Active	3️⃣Published🚀
rec3OcjaFxtBqg9tm	LS Cosmetics Archived mdfh43mj	6760ece679f9b04bbac9dd38	Archived	4️⃣Delisted☠️
rec3Op0rTi5fnoTBj	Brixso	66e26399cb552a72096d9804	Active	3️⃣Published🚀
rec3OqYfD5EApa3NO	Midway	66952e7db9291795d9b98e91	Active	3️⃣Published🚀
rec3PHbjJjWD9OymJ	Capitalex	6737a8d59a04009d6707e81a	Active	3️⃣Published🚀
rec3RkUNhcFKuTKXn	Vash	67cf9a98990a39108643c399	Active	3️⃣Published🚀
rec3RrRPNGN0iIc8d	San Jose	673252bd985a6d557912641d	Active	3️⃣Published🚀
rec3RrlUtnb4YgnEM	Uno 128	6388d511c6f4bf2a109a3043	Active	3️⃣Published🚀
rec3SR5N0CcBI6zO4	EPOCH	67644971809124de50fc12f5	Active	3️⃣Published🚀
rec3SuuNgaV2lks0a	Conttra	65e27533d4b8ad5b22b355d6	Active	3️⃣Published🚀
rec3TDZmLl9D3jFaz	BrideBox	670703a07c851c7415f57d0a	Active	3️⃣Published🚀
rec3TdTiFZ7ejIyzi	StrategiX	66e468918e4d40ebba22e4db	Active	3️⃣Published🚀
rec3UAFp7UaGUqOKT	Overos	67c1cd130990aaafdb5685c1	Active	3️⃣Published🚀
rec3UQngFB46EkYIF	LifeCoachX	679a586a5727998a8973044a	Active	3️⃣Published🚀
rec3Ux2RjxxgEmVBE	Divento	66848835ee9da21eb21df95e	Active	3️⃣Published🚀
rec3VHSlPs0kVy6Hh	Everest	60ecddfb6c7e86faa43d5957	Active	3️⃣Published🚀
rec3VRdewMRnLd21w	KindFlow	6785faf0c39e22b1d77c4dcd	Active	3️⃣Published🚀
rec3VSpeOsmQ9mRAB	Powell	68190eaa2a53261130a5aa28	Active	3️⃣Published🚀
rec3VZU8J4EgLwD1h	Elearna	6717046bf2e55cdd11c0730c	Active	3️⃣Published🚀
rec3VaGm6cEmKpiv5	Davies	695ecf5ad9c7c70ddcf9bc32	Active	3️⃣Published🚀
rec3VjrUtjxFBPYlT	Poppins	6632fd85d695ac66f8bb640a	Active	3️⃣Published🚀
rec3VqsZYnRUQyGdT	Mensta	689ffb155bb38e5f6764661d	Active	3️⃣Published🚀
rec3Vup0vuoBfmBGa	Gearz	661975787cbbaceba72d8fe5	Active	3️⃣Published🚀
rec3VxqOhgGcFl2FN	Tattoon CMS	63cabc3734883295b666e851	Active	3️⃣Published🚀
rec3WNA54tVNJ8OAU	Planify Marketing	66274f6c808ef9d3d37133de	Active	3️⃣Published🚀
rec3WZPobDCs0Lx5O	Nexxus	663743c399fa9f296db1b70d	Active	3️⃣Published🚀
rec3WlZdHIwBjfftc	FIGHTNESS	66374561f34ae89b011914e4	Active	3️⃣Published🚀
rec3X13c33WrAbMiK	OFF THE GRID	686ca8239725bac175854533	Active	3️⃣Published🚀
rec3X7H3e7rdEyPrx	Pinpoint	6386dd92b2ea183238c9eaef	Active	3️⃣Published🚀
rec3XJTIU9Whd7ynM	Ecolytris	69442c83eaa1fef0506ee2b3	Active	3️⃣Published🚀
rec3XZC1izxxYnlcx	Winery X	611fe64cbaefcf6703128ff5	Active	3️⃣Published🚀
rec3XaMyRo2klgH0o	FlowGuide	68261733ae0b3dd440175285	Active	3️⃣Published🚀
rec3YP32xppe3egvN	Resumely	644f88d4f671a46062932c5d	Active	3️⃣Published🚀
rec3YajiUKlVFsq5J	Erza Vion	68d2b0707fe7becd3eaa2556	Active	3️⃣Published🚀
rec3Zdjs228UoFqAl	Trustify	680af9539a7dd235a7b9f47a	Active	3️⃣Published🚀
rec3ZtVHk7xeHSTAE	Syno	65e1605d0a535c54bccae396	Active	3️⃣Published🚀
rec3a7HjcoIi5TcrL	Norra	6450debad8f13b8298bc1e80	Active	3️⃣Published🚀
rec3aLpbIzbqwJsgN	Octavius	5d68357434ccc3c2e458bf93	Active	3️⃣Published🚀
rec3aNJKXjo5joTgJ	Snapifye	68914ada98fd27a7c2f656af	Active	3️⃣Published🚀
rec3aeXkkWxqLtBDe	Fussion	693c9d1c9e7c20e69c846507	Active	3️⃣Published🚀
rec3ayBwxcy4fle5s	Zaifi	679fcc68532e90ca36454a4b	Active	3️⃣Published🚀
rec3b0MtxsnRBC1oI	Edway	69001fcfe35da9a73138647c	Active	3️⃣Published🚀
rec3bWdFWUErF2EX3	Remixco	67ddb1abaff87c9ad8246228	Active	3️⃣Published🚀
rec3bdQPsKhC8nEEi	Visto	693c6f527d1750404b822419	Active	3️⃣Published🚀
rec3bj0WS6qJzKA0N	PulseIQ	68f2f58a2481f83e434f186a	Active	3️⃣Published🚀
rec3bpp4MuDlfedGM	Dental Clinic	6749cb5e6ac206d7c5890b53	Active	3️⃣Published🚀
rec3bqTdGGHy4zXlN	Museum X	6334eb5d593557bd5c605cbe	Active	3️⃣Published🚀
rec3cBC5G0fr8UzC0	Fire Department 128	6442b10f64dff87a0336bf80	Active	3️⃣Published🚀
rec3cCTNrVbFloAy1	Simplex	64a479b58d981e512f441534	Active	3️⃣Published🚀
rec3dJg4191YLCtv5	Frogcoin	68c81d3d4aa7f09f0ac2366f	Active	3️⃣Published🚀
rec3fb8osCT1hEwKl	WeSafe	66ba7ff4280b1758f6a24d86	Active	3️⃣Published🚀
rec3gJpcekZEbxzvW	Lilia	6495cae20d19a657d50a08e7	Active	3️⃣Published🚀
rec3gLdnrJkLlBPqV	Neero	652960992edebcf8efde6df7	Active	3️⃣Published🚀
rec3gkmNQcj9vrRaz	Point W	66f3ecb7bcb079ade320dee3	Active	3️⃣Published🚀
rec3hBX3yS7bP4CnI	Babylon	6541ceb6b2107b01b3b6cf25	Active	3️⃣Published🚀
rec3hZ3MIDdRJghWe	Arcpark	596d284b592fec0e946833f3	Active	3️⃣Published🚀
rec3hmYozEXNRvZrU	Feelway	689ac67314dca2107a46888d	Active	3️⃣Published🚀
rec3hqU58kA8rmJAR	Skylinks	672df9d07c47154b3a44a2fb	Active	3️⃣Published🚀
rec3hwqoP6z6Aujay	Cognito	654bb42aa5f0051bfd5d7685	Active	3️⃣Published🚀
rec3hxMJzIAFGZoI4	Samuel Spenser Archived 6D978E16	6960a54bc84ecd0266456847	Archived	4️⃣Delisted☠️
rec3iL5vZCWVVcWYc	Mixar	64aa17e1e4f2ae05beabcc99	Active	3️⃣Published🚀
rec3iRiIWAMDHINqp	Coachina	65661c0d9422fd31e1484a88	Active	3️⃣Published🚀
rec3iTRD134frGmdz	Prismix	650878421ca75e8ba87cd3e1	Active	3️⃣Published🚀
rec3iWetcV9vh71kM	Pure	65c7c3c4ba1cd714840836db	Active	3️⃣Published🚀
rec3jEZzuI6QnYlCa	Digiminds	664233794fa21387b4aa1466	Active	3️⃣Published🚀
rec3jIOb9PHuBLOjm	TechZen	66c653e4e3e32ee0fb14b2d9	Active	3️⃣Published🚀
rec3jNKSfO25QybRK	Degravi	660716e6285674876c3cc5f0	Active	3️⃣Published🚀
rec3jP53RKZEsGadP	Von Falk.	660c27993fc818935c8691c1	Active	3️⃣Published🚀
rec3jZ1lySOaGGAZY	Streak	6441482c137e053d62c21892	Active	3️⃣Published🚀
rec3jfQWSpGqjvok1	Ødger	62e5b0eb5d996400f6e20881	Active	3️⃣Published🚀
rec3kNcywj18Jfger	Venora	6980e2cd5e9ab529725c3ed1	Active	3️⃣Published🚀
rec3kSY5uAjAz9TFq	Miller	59a5e51e7cd7f500018e0e3f	Active	3️⃣Published🚀
rec3kc4K6NaHSmgCG	Hiring	68938e916ed3a9af73230547	Active	3️⃣Published🚀
rec3klnFgPiSjl6Zf	Ai Videeo	657a346ae193b553418b6ec0	Active	3️⃣Published🚀
rec3l1TNePnCVbQr5	Synth CMS	66eaf86d328388e6d0fb6895	Active	3️⃣Published🚀
rec3lPgIoZV9HOQ0T	FARMAX	678dc1f35b30c4649ea8f2c9	Active	3️⃣Published🚀
rec3ldyibaR6ScSkH	Yency	6526c796eed0e8c9250c45ba	Active	3️⃣Published🚀
rec3lrCK7x2F5gepC	Code Studio	658b7c6286303d8f3a5ae0c8		3️⃣Published🚀
rec3lupCttjgji0bj	Scalient	6976aeb1bb2526628bf904c9	Active	3️⃣Published🚀
rec3nPJ4gvJxJkCYh	Summit Pro	67104aba5fa272f3cdfd3938	Active	3️⃣Published🚀
rec3o2WnMPZgb8Mnz	Startex	64ecc6788fba22a8ab0acd16	Active	3️⃣Published🚀
rec3o3ROuPDWgPzVQ	Webtutes	65b7eed3b07fa2f29e824ccc	Active	3️⃣Published🚀
rec3o7e4Ui4MZa7ve	Promoplus X	6387c488b5ada226022364fd	Active	3️⃣Published🚀
rec3oAIZwkXbAAJI3	Alrion	682cf7fa5c1ea44ed46550f1	Active	3️⃣Published🚀
rec3ojfjbwlEct6xL	Dublin	64a2e1970b7c3d85898533dc	Active	3️⃣Published🚀
rec3p0UkHfsAh7C06	Arête	642a144d1016631e6cfccc96	Active	3️⃣Published🚀
rec3pP7wJsEUCT8Lm	Construcfy X	649474d131a9bbe779037231	Active	3️⃣Published🚀
rec3pX3gicjAKdgNP	Torrens	62e9ed1bc69f44ef87fc304c	Active	3️⃣Published🚀
rec3pbCF1suFJLUFk	Brian Miller	600ec5cc53e915069455c1f5	Active	3️⃣Published🚀
rec3qR3zqN7QaZQbM	ArchStudio	66674c2c14489eb6aed14818	Active	3️⃣Published🚀
rec3qwAmuhZe5Oos3	Phases	66897c2215980610244942f0	Active	3️⃣Published🚀
rec3rWowhUgwM7Snh	Capflows Archived m5wez38v	66280ce6c1dac49eb6c8a1f8	Archived	4️⃣Delisted☠️
rec3rWvALoOE94fr8	Dalma	63124d5f6ef5e9f53045fe17	Active	3️⃣Published🚀
rec3rkyVtyr6gGfog	Liftlab	6933841b4e3a88701091faec	Active	3️⃣Published🚀
rec3rlyf58JqtRBbl	Edonis	65c69f7a51b96ed0d63ca192	Active	3️⃣Published🚀
rec3sIzOfLDrtihRc	Junos	68acd00e0a252d1f0642cd17	Active	3️⃣Published🚀
rec3sJYO37gvg3BLa	Regulink DB	689febac5bb38e5f67645997	Active	3️⃣Published🚀
rec3shUAvQST8jTAi	Ingenium Ecommerce	63b9e0c8e3ca2ade3ed68eda	Active	3️⃣Published🚀
rec3stXGdBrcb1hdF	Ecoblust	69656da3d1a5c3e250a87abd	Active	3️⃣Published🚀
rec3tTQcNb5irvM7q	Elaro	68217dca4c3cf9ee02a5efe9	Active	3️⃣Published🚀
rec3tXkegpGjmFcXp	Kube	65e7d2dcf9c04482b7a9f9ba	Active	3️⃣Published🚀
rec3ta5PpVzcGvoUg	ClimaCo.	6626a4bcdec06b5cfa73b123	Active	3️⃣Published🚀
rec3tmfVg4qvjlRno	HiTech	661976b9bd2932a0bd663171	Active	3️⃣Published🚀
rec3u0PZO26zWD3cy	Chronicle	5dd84dbacd7d37d63213eb95	Active	3️⃣Published🚀
rec3uQBnq76q3AkXH	Accelerator	62febf7aa4b6a876cb814963	Active	3️⃣Published🚀
rec3uYrV1UXBMiftj	Archscale	688d68d93c9335c7c16fce1c	Active	3️⃣Published🚀
rec3v9kvLSXKc6sc9	Virion	6925ad23e89a08bfeeb673ac	Active	3️⃣Published🚀
rec3w2V6XyPpYU1aK	Magenta	645a636893ca2657989c389c	Active	3️⃣Published🚀
rec3w9XiT0zSG0IfP	Nightly	656a0a749bef24eaf3e4c965	Active	3️⃣Published🚀
rec3wphpTfvRRrN44	Brixon	68426950edb07f3f63268c75	Active	3️⃣Published🚀
rec3xD2NPvJexLqkX	Align	61ef0ed535cb9f259fefb242	Active	3️⃣Published🚀
rec3xPpwGgAfuNSUK	Yourfolio	656f73187184983330657bdf	Active	3️⃣Published🚀
rec3xwejBGO3RDkZy	Archiee	66c399a645f8275f63e8740c	Active	3️⃣Published🚀
rec3yIpramqxaikDu	Taskly O	6780a93372f1ec157167db6c	Active	3️⃣Published🚀
rec3yWwjLLF7tdKpF	Manoré	684c2cf6456811afb161603d	Active	3️⃣Published🚀
rec3ygMJUUh9PnHrp	MasterBox	5f9c27d96a8833239206e3a9	Active	3️⃣Published🚀
rec3z1WblUnLFpfcw	Casper	5f45ccb99a7a95669e649e14	Active	3️⃣Published🚀
rec3z4aecYyWG5FOf	Noten	693398edee358f91bd9d7625	Active	3️⃣Published🚀
rec3zwzn3F1lRa1db	Structas	6994b19b551fc302b8f37dfb	Active	3️⃣Published🚀
rec405MBBCyc49uAK	Clinixa	668c2486e87f0d587e8e3bcb	Active	3️⃣Published🚀
rec40PLYAQa7tcoT4	Dentist	6052a6724a822f5e8fa0611d	Active	3️⃣Published🚀
rec40Wz0hYxbYKnRO	Untitled 3D	66fb7f2d5f5d42386fba00b5	Active	3️⃣Published🚀
rec40y0HDwYT3cFMg	Genc 	697b832d839835805d45c7f2	Active	3️⃣Published🚀
rec41Llty9qqwYdiK	Entropy	66f318717d6eb6a94fe37d05	Active	3️⃣Published🚀
rec41M6rcLI24tUlp	Quantro	65b2e44dfb60ec5913f79abb	Active	3️⃣Published🚀
rec41ppCy7cKnWi1R	Hokori	66e08065d3d90da3c7629e56	Active	3️⃣Published🚀
rec41rH2gsAnxs5KG	Cardpay	688410810fce3fc67dde60e6	Active	3️⃣Published🚀
rec429FFttZGLtyxm	Ascent	657b85d0fd709ab964ceb0ac	Active	3️⃣Published🚀
rec42RLN3FC4UvXyr	Graflow	66c9036d30b24604f55b40b8	Active	3️⃣Published🚀
rec43LfDkgWqQ5IUt	Expoz	67d75ddb12a0511cb5b072cd	Active	3️⃣Published🚀
rec44e4Sc1nhfS073	Typofly	65cbe414e17a1ece507e5111	Active	3️⃣Published🚀
rec44uQ6cgkwsz6in	Insur 128	6453ee431d730a671b83418d	Active	3️⃣Published🚀
rec45yupg55RdORAN	Softsaas	669015997db131ac35a8a0eb	Active	3️⃣Published🚀
rec46IpRQ2w24AWPD	Consultify	677cb6616166ad894d039763	Active	3️⃣Published🚀
rec46NVncDPZjcOTo	Alien	673a9f412b5f982ca733ae06	Active	3️⃣Published🚀
rec47AX60JhDal1Sj	Murray Rush	6499d19ae19d0339e27a8ca6	Active	3️⃣Published🚀
rec47pODut8W5PNpm	Muse Studio	668622aca20b10b020a97f34	Active	3️⃣Published🚀
rec48ngm9mHm7YHUo	Ruma	66a904bc482765c83a4bbda5	Active	3️⃣Published🚀
rec49EYtkPZQbUbFF	Craflow	68fa5dd5fdb471f5e2bd2e34	Active	3️⃣Published🚀
rec49aBsiY9rsxMWY	GLINTIFY	67986ef3a89ee24665140859	Active	3️⃣Published🚀
rec4AB0Uv4lRhtEpb	Golf Club 128	6446bfd7f45cf3a85132ec8f	Active	3️⃣Published🚀
rec4AP3fllGr218AX	Xusai	67e0ecbea21d754c7deaaece	Active	3️⃣Published🚀
rec4Au2O406hHJeZ8	Sonicdrive	668c2858bd80482e318361c8	Active	3️⃣Published🚀
rec4C0tz4cTDk6dOi	Jucier	68df249512d06138ff270c08	Active	3️⃣Published🚀
rec4CKiw340iGzoZC	Corpkit X	64e38a8625593ef3c6e7eb96	Active	3️⃣Published🚀
rec4CYcBtVEICclz9	Layers	61a8307ae02edf09042d0926	Active	3️⃣Published🚀
rec4EOfiARYMn5sQF	Guest House	611eda9eda1f384eb6c9fbfa	Active	3️⃣Published🚀
rec4EQPEJmltxZTpV	Samurai	66a8fc097c6f371622f6a1b6	Active	3️⃣Published🚀
rec4ER5CPtEgzGBhl	Vrom	606b68dc9115716e86ff2c1b	Active	3️⃣Published🚀
rec4EyAWMmr0ZKzCj	Blade	6602567be5e776aa6f3fd947	Active	3️⃣Published🚀
rec4FJZPWhzlcGK7G	Features	684470431143f801d31620ce	Active	3️⃣Published🚀
rec4Fl9Vn4nlfXWig	Palmaria	69178c45da8f08eb08616c62	Active	3️⃣Published🚀
rec4G6w0iW5pQMIE8	Darkly	5f3fce470f22af0943220e51	Active	3️⃣Published🚀
rec4I9WyTZG7izLNW	Nexa Plus	65553070f5a3a2979747895e	Active	3️⃣Published🚀
rec4INhMgQJvBVF84	Novanight	693fb2907934b1c96f05ed69	Active	3️⃣Published🚀
rec4IWwVTPYLcK4Wh	Mooy Archived cqj29sot	63b4eac34fd227360d629161	Archived	4️⃣Delisted☠️
rec4IcgCcFGsbLViQ	Shift	661ccefe97149635cd094e20	Active	3️⃣Published🚀
rec4IfaW4QxT67x5Q	View Point Archived x5nek0g1	60da7475ec6d307735aeb777	Archived	4️⃣Delisted☠️
rec4IuYkYXWH6boI1	Bacco	66fe0bf42f2491b54eda9398	Active	3️⃣Published🚀
rec4JPR6ggn9K2Pah	Nova Bio	68ad00f10a252d1f0643db84	Archived	4️⃣Delisted☠️
rec4JvX0mNIusHKzr	Dimension	63b60ee532765c7cc9ec82a7	Active	3️⃣Published🚀
rec4JwpzHsmWMVIiB	Elevates	6768edb62837d8afcf7ff67d	Active	3️⃣Published🚀
rec4K70qGEK7vN4rq	Cinery	6976ab99bb2526628bf902d4	Active	3️⃣Published🚀
rec4KSbgMzgy6H3EP	Samoa	67117aedceadb21aba22c2e9	Active	3️⃣Published🚀
rec4KWSwvCXoh6tDF	Caffia	6850676ab76033019473a972	Active	3️⃣Published🚀
rec4KWgqD0n2fD8mu	Phoenix Course	63d93821bff3c03c989daed7	Active	3️⃣Published🚀
rec4KXlrGcaqqz8fA	Amko	6720dec0b0ca4231f39ddea4	Active	3️⃣Published🚀
rec4KldcSc6oDjzWS	Bespoke Carpentry	6674a3a877b9a3c04e94474e	Active	3️⃣Published🚀
rec4Knj0m9fwK9RKx	Firmament Collective	664f64920e3f89debe4f514d	Active	3️⃣Published🚀
rec4L4vxkyzxq4sYS	Bright Form	68e6e870e020da59ef6125d4	Active	3️⃣Published🚀
rec4LMkjq78rsxUA1	Givro	688ace0ab2c22e1e19127e4b	Active	3️⃣Published🚀
rec4LVgUW7WhDBUZf	Flyhead 128	659468bf286fb42d414f46fe		3️⃣Published🚀
rec4Lb5utM2yxsnt8	Aerio	6900d7fb3c62da60c0c37645	Active	3️⃣Published🚀
rec4LvU1AOnb8aZxp	Citadel Archived ktv0ngyu	63d804f7ac4c492fdfdc11ef	Archived	4️⃣Delisted☠️
rec4NNWeBWTL9dTgI	Ailoq	67813e7245ba2ada3f67c60e	Active	3️⃣Published🚀
rec4NizXxSA6JoMf2	Sportizai	658345874a6a2d93c9184c11		3️⃣Published🚀
rec4NqTpAqN65i0AA	Chopin	689137056d37e77a6870f6fc	Active	3️⃣Published🚀
rec4P1wPywkBoai4C	Vanizai	6542aed3f961634b637de611	Active	3️⃣Published🚀
rec4PGvePjWytVcbx	3D Physics	672cc8c51756d6c90ae4430f	Active	3️⃣Published🚀
rec4PHujIWdW4xkxL	Frontline	691c0381cffa09b226e56add	Active	3️⃣Published🚀
rec4PnJpdOTOrPNyX	Consult Corner	66a87ac629baf1533fed8231	Active	3️⃣Published🚀
rec4Q6q2Nd2rDqJFJ	Evenlae	66f0e07fb49a8439a22f8e60	Active	3️⃣Published🚀
rec4QLaYmLgQaAN5z	Grow Wise	642b0af0f1059d46d87fa7d6	Active	3️⃣Published🚀
rec4QtDcHmFZZ42yU	Revio Pay	692dbe5aceae8a9e10ff2591	Active	3️⃣Published🚀
rec4QxQFsQSfZd2u7	Kontro	63d3f390a07825505f2b4c11	Active	3️⃣Published🚀
rec4RLLDVF3qr6oN0	IQSoft	67743f8c9887bf2d3cdd0a4b	Active	3️⃣Published🚀
rec4SE0xz4anXkUL1	Neil Kent	6310fb4d21ed56e9b52f720b	Active	3️⃣Published🚀
rec4SOuimG7LxWVHZ	Evento X	6703345068332b323b155d0c	Active	3️⃣Published🚀
rec4StMpDQqE8G8OK	Ehire CMS	67cf6a354ec8fc2d194890c6	Active	3️⃣Published🚀
rec4TKiElZmtJEf23	Barrique Studio	673cda6fbcba96d4d1feced8	Active	3️⃣Published🚀
rec4TNDhVRyy8xcry	Bezix	69379c7fccff329085f5c6dd	Active	3️⃣Published🚀
rec4TStABO7s87J3u	Solinova	6867f2eb933c17ba715be90f	Active	3️⃣Published🚀
rec4TmvMsyTMtoM6O	Racca	657f5f9602e24d7cc016dd7c		3️⃣Published🚀
rec4U3ABgtTopPkbS	FLAVOURY	671772b19242a150cdcb76fa	Active	3️⃣Published🚀
rec4U8SSelOz7pvGo	Snapora	68edd995ffea8b95fc431028	Active	3️⃣Published🚀
rec4VYPDVhcZabQAB	Prosmile	668b8143732ce0a1e44749dc	Active	3️⃣Published🚀
rec4ViTZZ3xpNeU6x	LexAdvice	678520896ebf6d04062bde84	Active	3️⃣Published🚀
rec4W4hC3Vid0ninD	Fufo	6201ace14e86925417d7fb9e	Active	3️⃣Published🚀
rec4X2ER0Zoy99S6d	Tech Studio	64d258b36b9dd305ed23739b	Active	3️⃣Published🚀
rec4Y00JugmJdbirU	Chatbots	67b213ec987a0268f3dd7d42	Active	3️⃣Published🚀
rec4Y8jwkqCvSrI3B	Cropzen	695bf0803ade950d581ed164	Active	3️⃣Published🚀
rec4YW0tV9ooJS85v	Cosmos	655684ef57848c9b65fe5e6e	Active	3️⃣Published🚀
rec4Z8HcM69xWEv98	Teknolab	66ea576a2c02554dc33fb20d	Active	3️⃣Published🚀
rec4Z8gL1wV0LUFYF	Rapexs	697b90dfe5efde65954a1811	Active	3️⃣Published🚀
rec4ZVibBGX55fkHW	Liht	6310fa6ff3b2af608d397a69	Active	3️⃣Published🚀
rec4aBoDsSpiVJmqS	ClearBoard	684917b8e779efceeca9911c	Active	3️⃣Published🚀
rec4aRauc8LcnGPAy	AGENCE	660c3e1e88c4329d59bad460	Active	3️⃣Published🚀
rec4b07TM66qq8l6I	CarRepair X	65638439c5581e37fe4786ec	Active	3️⃣Published🚀
rec4bSTcTghaoWzKV	Mustang Property Archived znwpb1so	65b8c505ebd595741431565c	Archived	4️⃣Delisted☠️
rec4bbJSNPjyZEw3G	Blogin	6637430208c1bdc38fa6d5c1	Active	3️⃣Published🚀
rec4cQpWD6NSgoOgK	Sanson	67401f459b91812e16afd34e	Active	3️⃣Published🚀
rec4cbaUNykxAENhf	PraxisMX	651d7669afbfcbafe11aa0d0	Active	3️⃣Published🚀
rec4cjaTZ5lO9aShX	Optify	66f3a2aa46eb72b9d510709b	Active	3️⃣Published🚀
rec4ctrs23IESshXM	Strive Archived n4umxr66	65c54437cd5d4f8d804aa75b	Archived	4️⃣Delisted☠️
rec4cyJM72rW2Cju2	Zenexa	69680d66fc5b3888257af828	Active	3️⃣Published🚀
rec4dplLES3xc8nES	Tradeo	67e9d4c1c8935d1d5e7f3ed7	Active	3️⃣Published🚀
rec4eEtmwMLNUPIgu	Silence Archived grvxcgwa	66268a6d21c14cb521f2f2d2	Archived	4️⃣Delisted☠️
rec4eOGv5FVupD4ih	Draxon	68827c0f35f21508d5642de5	Active	3️⃣Published🚀
rec4eWHa618x68FdD	Ark TinyHomes	66c3c0f7febf3d717561e114	Active	3️⃣Published🚀
rec4f2hIAiaNXi4gS	Oringo	65cfd9418c92ff7100151ffc	Active	3️⃣Published🚀
rec4fQHeb9koi9dtL	Techbot X	65831cd56548ee9a617bc934	Active	3️⃣Published🚀
rec4fWmOEB7wPCf1i	Clixr	64595a1ffc639014893a9473	Active	3️⃣Published🚀
rec4fuLDOgNLXnzDU	ReallyRad	5f75daeaf8ef05843ee895f5	Draft	2️⃣Scheduled📅
rec4fzRObmIpNvVbk	Funfitness	66b30383da0a1dd56c37b013	Active	3️⃣Published🚀
rec4gAdgvr6Ku06Hj	XGaming	671dc8d00f7c9d454b01a218	Active	3️⃣Published🚀
rec4gE5v5SCMz20Kq	Choice	663ca97db3ba9192a4f0638f	Active	3️⃣Published🚀
rec4gIvxSJZlsxctx	Cubik Archived t187pl4g	66bb982bd61a9eb4abe5a474	Archived	4️⃣Delisted☠️
rec4gyR5Url2bEYWM	Phillip	67589f43dd8cbf44286e0768	Active	3️⃣Published🚀
rec4h1fQ2uUEUAUrU	Thali	65b955cd58d7df5d61c23188	Active	3️⃣Published🚀
rec4h4u9qejaq01GD	Showcasy	64ef859964dac490e199c308	Active	3️⃣Published🚀
rec4hB2t3ghc4zshb	Fastrack	66ce03f3a229dc3f7b9fa893	Active	3️⃣Published🚀
rec4hoGM0QTtF91NX	Startop	645bd30f7dcd7e003ab44d1b	Active	3️⃣Published🚀
rec4i0wZhrv9jS6Sw	Bakery ZF	673cfdcff363d7c64a307420	Active	3️⃣Published🚀
rec4i9Gb4lLcOklwa	Creativue	65ffc5876aa0de955509da01	Active	3️⃣Published🚀
rec4j5Yzc4nvjCLrH	Capital X	67694c45c032e077107a0e76	Active	3️⃣Published🚀
rec4j9wAF1BndeXZu	Cubeo	65454cabd9e244f82ed0468c	Active	3️⃣Published🚀
rec4jPLv6gXTDdLt9	Genuine Studio	65fdb9575c5dec8990bba191	Active	3️⃣Published🚀
rec4jt3J7VYWQWIx2	Softoza	6758724840934f6ba2f74380	Active	3️⃣Published🚀
rec4kDSwgiF5OBuIS	SecureVault	6709fe547fd251c4a0016b3e	Active	3️⃣Published🚀
rec4kdOtnzqgty5p7	WiseAI	64de434a23cbfdcdc3c39f60	Active	3️⃣Published🚀
rec4kudDb6m9s7Lh0	Vestal	670441ddca9f592f6d1e78c9	Active	3️⃣Published🚀
rec4lvoQTktxakR0P	Montana	66bfcaa1ddf14e2aa67032eb	Active	3️⃣Published🚀
rec4mKYYOlu35zphY	Agencs	655f87d9d9c273a37a3c3d1b	Active	3️⃣Published🚀
rec4mbQRETqnfyXVl	Brokr	663d3f38a75ae2cb7033bd8c	Active	3️⃣Published🚀
rec4mv1blG4KHgMUe	Zaiwall	658331a3e38bb91ea2a126e0	Active	3️⃣Published🚀
rec4n7QejGTHsfsX9	Voltero	66224c24d194ff9e4293b303	Active	3️⃣Published🚀
rec4nOh3nnYWeJeK9	Catalyst	5f74a658c5d409ae8db465d2	Active	3️⃣Published🚀
rec4nS18ZgMVAaLb2	Liam Walker	6155cbab618e147eff7ffe69	Active	3️⃣Published🚀
rec4oIbgy3wczCUT3	Prime	5ff8bf9ea51d982dc1503027	Active	3️⃣Published🚀
rec4ofuXRIvQLhH9f	Colorfolio	62d8f3163b5e6e669705d9dc	Active	3️⃣Published🚀
rec4pRDCyOWoIZIpF	Willie	662f485fe092b49b80d897db	Active	3️⃣Published🚀
rec4pVNRPigNIZuWS	Flexon	66395f347b832acadd6ddb0c	Active	3️⃣Published🚀
rec4rTk665pMde95l	Fintech 128	64c9291e3fc8f0f00ea0eb77	Active	3️⃣Published🚀
rec4s5dScVKCftBSG	Coherent	65202fba28d1ed82ad219696	Active	3️⃣Published🚀
rec4sC6PCdz3XCuQj	Stellar	6340245e1f2f025d1916edd1	Active	3️⃣Published🚀
rec4sQmbxrqTCriTg	Coworking Studio Space	6753fb178710618b4a0f7eaf	Active	3️⃣Published🚀
rec4sYZUILRp1B21R	PlantFlow	650081e5a1aba0c2064b627a	Active	3️⃣Published🚀
rec4t0LoKWexhccMS	Wjam	63192d2cbf52b2cb4022247e	Active	3️⃣Published🚀
rec4tV3KYYxdXEBuI	Molecule	620aad1e18a6bb66da9668b5	Active	3️⃣Published🚀
rec4teaA1to3Pl4Ww	Juniper	65638596f32c4fcae5db4cb5	Active	3️⃣Published🚀
rec4tflDkwcdnMEGE	Marmaris	68ed0dd3785cae344638987c	Active	3️⃣Published🚀
rec4uKDTMJOlsctSr	Leanor	68b5efa20a56f073515528d8	Active	3️⃣Published🚀
rec4us2I1WQFh3xVK	Glance	656f6595ec9ea538388b8760	Active	3️⃣Published🚀
rec4ux2gwxHQHcxY3	Fer.Do	6697d5ffcd1552e692853333	Active	3️⃣Published🚀
rec4vMocbZtmw4UJo	Printula	67856b1eb25f572123e7d208	Active	3️⃣Published🚀
rec4vmrKz29hqdTWN	Bizcast	67af9a354d5f4dffdc50651a	Active	3️⃣Published🚀
rec4ws79REhSWpBIL	FrameCraft	68f66b360cf9a1baf37e19ba	Active	3️⃣Published🚀
rec4xBR4SXi8nDrJj	Muty	5aa2da929c01640001e1bd8b	Active	3️⃣Published🚀
rec4xrjwBCkJQtKKq	Prod Studio Archived lnyk1lms	66c7c0ad60da51937936386f	Archived	4️⃣Delisted☠️
rec4y1Z4GggJWIFc1	Agense	66f9dfd1c50a28b58ff6d771	Active	3️⃣Published🚀
rec4yJM4p9Pvoc29y	Aiko	644aed5e03cbfe68a9cae109	Active	3️⃣Published🚀
rec4yWzmGu0iE2CHr	Zeki	687577f48c678fffc591042e	Active	3️⃣Published🚀
rec4yXHDdKXiaMvtR	StartIt	61bd0004cdf83fc84f9430e0	Active	3️⃣Published🚀
rec4yZBpKsC0MKoOb	Zaivens	67c4ce2949ea54c0529ac96d	Active	3️⃣Published🚀
rec4yj15rxvUDsADC	Zirox	68d1936ab799e03eed546d6d	Active	3️⃣Published🚀
rec4yk29oenyl3d6r	Drone	649b09d3548c5c18f3d9cfa4	Active	3️⃣Published🚀
rec4ymrfR1VaPLlTb	ProtrainCMS	67dc5c9d43588a59b06d98f3	Active	3️⃣Published🚀
rec4yqlc8S4xPdhS8	Walt Studio	658df39f1815cdd2c2adb7bc	Active	3️⃣Published🚀
rec4yz5dHQxiMyhEO	cold spring	68912f5d97b2a1a59f80c807	Active	3️⃣Published🚀
rec4zpyc3E3c71S9T	Nura	6879d3b6ba70af4d42ccc9f7	Active	3️⃣Published🚀
rec4zuZCh4O9HjXv0	Aethera	68632fe5174f23fbfdf3b990	Active	3️⃣Published🚀
rec500WYwPs9GxBkd	Hustler	681028b245c8a465d7bbca33	Active	3️⃣Published🚀
rec503uwn85DXBqeR	Adorn	63ac783f5bfef4059c9e736d	Archived	4️⃣Delisted☠️
rec50bR09KWtOYZbr	Khanka	63d803918ced73669205cbe1	Active	3️⃣Published🚀
rec50up2U0wS45EEr	Dog Walker	669016504311adaf7aeb638d	Archived	4️⃣Delisted☠️
rec50zRTShEeuzeGf	Yoga 128 Archived 6ylur28g	63bc3c1f87cf78552db3cc16	Archived	4️⃣Delisted☠️
rec518OCIud2waO0r	Vexys	698a002e12660b4e850e4168	Active	3️⃣Published🚀
rec51Rn0h1y3jpNVj	Taskco	68ade4d4b8236981b38652db	Active	3️⃣Published🚀
rec51T5c9dNA6knsA	Retirio	689649a7ac95c412d861f41a	Active	3️⃣Published🚀
rec51XDdDGUPLZc2l	Mokku	679074ec86f5f2cb6ed69d19	Active	3️⃣Published🚀
rec526f8vzncZBvep	TrackFlow	679826bb9bd12d2a733e74ac	Active	3️⃣Published🚀
rec52D76vM4OBsXBZ	Taskko	68852de4ccd7a486715c1ffc	Active	3️⃣Published🚀
rec52R7XeuHpV2Acd	Elevate	624f069fafbf8b4de0910891	Active	3️⃣Published🚀
rec53IVbnHjVSipwF	Tiki Taka Archived qwd5rchp	66c39f30bf0ebbfe5391a12e	Archived	4️⃣Delisted☠️
rec53toLwRrVlRTHz	Levor	695405813d0dc70ed438e73d	Active	3️⃣Published🚀
rec54GFkoZF6hKqGY	Aproxlab	676175467f9b2da9ac7c478f	Active	3️⃣Published🚀
rec55XFCfaVN2Qd6z	Genovate	65fd03943e5158e2d4086fb1	Active	3️⃣Published🚀
rec55XmlEbKv15bqS	Luminescent	63921355e83a390f1a348b4e	Active	3️⃣Published🚀
rec56WgJc0a3L7By6	Farmex	6748d7ee3d4242f69accbaa4	Active	3️⃣Published🚀
rec56pMGedhMvOfDT	eSports	607a1b2937d0883f5ee45885	Active	3️⃣Published🚀
rec57Mh9WQPrQ6Ucn	Revux	63becd2d95e7909c4fe9a3a7	Active	3️⃣Published🚀
rec57fSRQvPPixrvK	TechCraze	66da9d97ccc66fc2f8af214c	Active	3️⃣Published🚀
rec57uBVp3j9AUczo	Stepi 128	634020c1e7b52a7fc3cfa630	Active	3️⃣Published🚀
rec58gm1mEjxtRIGE	Asanora	694997597683809127605b8b	Active	3️⃣Published🚀
rec58xVfIdBDSDPmS	Evelin	5b86ec6187a84c74a22d27a0	Active	3️⃣Published🚀
rec59SIOvWR0JQvdz	Hazel	602c67c454ee4385b6946830	Active	3️⃣Published🚀
rec5AICjfHxGth3a6	Modarch	67ace125200ce93e146d0b92	Active	3️⃣Published🚀
rec5AIQBkZU7wlPpp	SaaSly.	674bcc88ab62ac580036399f	Active	3️⃣Published🚀
rec5AKOSnHNoVkHu4	Skychat	648881857e484493e2cda864	Active	3️⃣Published🚀
rec5AxUaEw07ogF3h	Teamzo	67cc5922d7f264a81acbc2fb	Active	3️⃣Published🚀
rec5Bx0aEv6IDpuqP	Life Coach	64678bfa8a5a237172e1d138	Active	3️⃣Published🚀
rec5C9624qzz64eXa	Xonic	64b5a3a9315c14dbffe49203	Active	3️⃣Published🚀
rec5CbDUkJNRRU5hO	Saasfy X	675134eac141a3e33f071639	Active	3️⃣Published🚀
rec5Cx5NW63OHyeiA	Poomo	685e111ba5906e84283f0954	Active	3️⃣Published🚀
rec5E0GDF8ejdyeLD	Avora	68a0c0bd10a7f06791cb914a	Active	3️⃣Published🚀
rec5EQZk9EkCDK9Zo	Squidex 128	63b5ed3a91c78c8cfffd5c62	Active	3️⃣Published🚀
rec5EfjW3auN1ff2H	Yogamatter	5d9bc6df0f5387decef172c6	Active	3️⃣Published🚀
rec5Ep1oJhqk7ttML	The Lavender Shore	686cada5f373270c1459bdb6	Active	3️⃣Published🚀
rec5F8jHGER12ZMcD	Saaspect	6732ab89c748621e4e64f905	Active	3️⃣Published🚀
rec5FIXHzAgbspV6L	Zaissy	645d00eadcb8ae573a1bcb73	Active	3️⃣Published🚀
rec5Fa3XCRy5j0YoN	Westones	68f2c039ad6cc81541afdc2c	Active	3️⃣Published🚀
rec5FnTnD0jjkIbJt	Designio	5d289800e54cb54b5efd2de6	Active	3️⃣Published🚀
rec5Fwa3YiJq8e76I	ULF	6255bac0f25e3b1abcc655e8	Active	3️⃣Published🚀
rec5GeMx4JmnKwDEN	Philanthropy X	62460dfb209e6890b879694b	Active	3️⃣Published🚀
rec5Gi4NIj3S2abbL	Real Home	660315e5a2ffdf9481b60e49	Active	3️⃣Published🚀
rec5GmnBSpwC6lgK8	Monospoke	68a7f820a0a54e3349054e15	Active	3️⃣Published🚀
rec5Go6GCTFf2vo34	Advoke	65527f0bb420cb299a9495a3	Active	3️⃣Published🚀
rec5GqqZAXz55s7ir	Nexa	65032663aa7d2340724feef9	Active	3️⃣Published🚀
rec5HAxx4OFQh5gzb	Agencyfy Archived 9D2DAD6C	674950cffeaee4fe6f22fb30	Archived	4️⃣Delisted☠️
rec5HJVeGEmdjjEfR	SHMSE	6916207308ea5b808431b5f4	Active	3️⃣Published🚀
rec5HXLCAj6KVM0fl	Roofix	680b0857a580e5548a1ecf74	Active	3️⃣Published🚀
rec5I6sy70RJ0b7Ns	Azul	65c253319aecf97179a68714	Active	3️⃣Published🚀
rec5Iz6sw4Xp63K5L	Fastos 128	648564d7f8b87abd36f23937	Active	3️⃣Published🚀
rec5J1Opl7PyEduN8	Index	65ef19dbe78954562a9159aa	Active	3️⃣Published🚀
rec5JSzzaevTGNN9X	RealtiFye Pro	66b13f94c511f28637b344b2	Active	3️⃣Published🚀
rec5JlHTmot0LqEns	Zenith	63dc696e242fd11d950eac2b	Active	3️⃣Published🚀
rec5Jr1RBPo7peK5F	Startup X	60c1665b3c9b02e3254e0f45	Active	3️⃣Published🚀
rec5KFA2Oc3EkuQ5l	Streamline	6401b8ce19572adbaf86935b	Active	3️⃣Published🚀
rec5KKOleOzEtrtqk	Lauwffice	6436d437d3a4e9bf9f100cfb	Active	3️⃣Published🚀
rec5KM3WP0ahRur2A	Koul	627bfd4f7340d1dd8fe35aee	Active	3️⃣Published🚀
rec5KOJoOwhk9PLL3	MotionFlow	65b40f93a3aacb242809621d	Active	3️⃣Published🚀
rec5KYFH1iMoQ7DMR	Chainly	67e457eb7f54461fb5110ead	Active	3️⃣Published🚀
rec5KfkWRbUh546Gp	Impact	5f47e9c48ac6209bdcc50f8c	Active	3️⃣Published🚀
rec5Kyb54bcMd7Tie	Menton	68a4baba8d213830e3459478	Active	3️⃣Published🚀
rec5L0IipqowkKk1Y	Fre	5beef92086b1f049c48ce812	Active	3️⃣Published🚀
rec5L5p6ePblvs0kv	AirNur	668c0fab41ce344f5ab5667e	Active	3️⃣Published🚀
rec5LPTjZkJNdEI2h	Inkpierce	6780a76edeae9dfaf64be0f4	Active	3️⃣Published🚀
rec5LPyuVTAyZBMk4	Inbound X	62d8ee3ac89f2ba765f9a404	Active	3️⃣Published🚀
rec5LtYzYlsbRlUel	Majestic	6635559e56f85796ef2f2a00	Active	3️⃣Published🚀
rec5M4JhOJKXv57QK	Blake Photo	6780a61e5342352b4b0bac8e	Active	3️⃣Published🚀
rec5M9Es5HquTunbo	SoftNest	675730358cffbc68935068ed	Active	3️⃣Published🚀
rec5MAtOgluQMf8lr	Vera	5c9e1996ce648b35bc6084ec	Active	3️⃣Published🚀
rec5MCZPygDGQmGqk	Anne Hathgate	627305f67c8e0819d7f4a75e	Active	3️⃣Published🚀
rec5Mi4pk20Vn0GUc	Nutriflow	66eb1604e72acde4166b50eb	Active	3️⃣Published🚀
rec5MinQ1B5O2ZgiD	CreatorTalk	6495cf074e395ffd761b5104	Active	3️⃣Published🚀
rec5Mj2vY5d2U5gmX	Growthli	65d4f289a4c1a66e020ee8c6	Active	3️⃣Published🚀
rec5MoK523yWG5oJQ	Greenscape	6768f5a5bee4e81e664e5b6b	Active	3️⃣Published🚀
rec5NXDUP46BD8lZi	Mafulife	678d8dca93958818989ea8b9	Active	3️⃣Published🚀
rec5NbwskENm5Se6f	KnowledgeHub X	65833894d75456124aec7b7c	Active	3️⃣Published🚀
rec5NiMRuNwm1Om36	Elbergo	69822109eb9223751c57b988	Active	3️⃣Published🚀
rec5Ny3Ma8DPyRpwg	Tower	5ced992ae2e0591a47de0ae3	Active	3️⃣Published🚀
rec5NzzL63w4adSnz	Movark	69332eae3e8dd35a2312c0de	Active	3️⃣Published🚀
rec5OeAwY7nhzpOSb	Aiken	63dc7c1bb87d17a0d8de2fff	Active	3️⃣Published🚀
rec5OgG1jcfsPnaxo	MeetSpeech	61a13f4a4718868f45f9c0ff	Active	3️⃣Published🚀
rec5Pvh7h4fFWThJK	Headstart	5d2f716c3cba1fe1ad2e0f17	Active	3️⃣Published🚀
rec5Q0Vr9cEQOH01F	Zaivent	66c7b4b4d2aa1ad26c9ae117	Active	3️⃣Published🚀
rec5Q7hzeeFQhpFzi	Flexo	65f7c5a08d3d97e8054e4251	Active	3️⃣Published🚀
rec5QWbCf6RDFVweg	Vebora	68584178fc4eaf5ee15ff0e4	Active	3️⃣Published🚀
rec5QYxD2Fl6tjFRZ	Nilsson	65048c57f5e44711c6b8c965	Active	3️⃣Published🚀
rec5QqeaGOsnqlmKF	Sirocco	6803111e5461a3c8483dda9b	Active	3️⃣Published🚀
rec5R28hFK25h0O3t	Acero	646fb4e212b0f0b66da2242e	Active	3️⃣Published🚀
rec5RKI4u44ya179J	Buzzmint	69115e0450931d79210befd1	Active	3️⃣Published🚀
rec5ROgTnSXxC6EPH	Neural	6850281a86992a34d3b80d9e	Active	3️⃣Published🚀
rec5RSMvDKORkAYf3	Bolt	64fb5c7b2d780d41aeb5449b	Active	3️⃣Published🚀
rec5S1ZBMvO70b5EW	Conto	66efd86b24c1e6495956a1af	Active	3️⃣Published🚀
rec5SAN67Z8n8wfyN	Snikei	68b8694912362269e456959b	Active	3️⃣Published🚀
rec5SFzWInEcbAtLW	EasyPeasy	663955d3210378818f4e8f11	Active	3️⃣Published🚀
rec5SSZ0tQs6ZfuVF	Anosta	6745239e5f9c23ada05ecc19	Active	3️⃣Published🚀
rec5SXW5rDpKFJRyC	GrowExpert	66a675d04c8db4dac8bfae82	Active	3️⃣Published🚀
rec5Sv94k3E2ySD55	Ensure	650db5f99022d12187177240	Active	3️⃣Published🚀
rec5TvujNOoqWOmJN	Framer	5bf5456ab433e075e113e7d8	Active	3️⃣Published🚀
rec5UABL36mrsFs41	CleanupFlow	69067bfa600cc4ee60aa605a	Active	3️⃣Published🚀
rec5UmafIq2DrxgVk	Construktion X	658339422616c225079bbdd1	Active	3️⃣Published🚀
rec5UoN4pPaw29Afj	Neobnk X	655f725d860b72ad50061db1	Active	3️⃣Published🚀
rec5UpVewjkklaWN5	Safe Spend	64494a2d57b7b440c18e1071	Active	3️⃣Published🚀
rec5V9q8V1mNRcp55	Nailora	68964406b2fe587df099fe66	Active	3️⃣Published🚀
rec5VtKKT6va704fx	Black & White Resume	65b78a5732e32725a776a1cb	Active	3️⃣Published🚀
rec5WGd3FLMDacX3x	Drolix	68e08fa53f54bf93e13dde72	Active	3️⃣Published🚀
rec5WULkxEZ10Rw3G	Rgb	62d8f224e76d266656cae5cc	Active	3️⃣Published🚀
rec5Wfm0OJk2rRryW	Structora	68596aa007bee62f6a8ad490	Active	3️⃣Published🚀
rec5WmXeyL32UCkMy	Aeron	658b7d16ccc9e282f1f05c10	Active	3️⃣Published🚀
rec5X9Mg9iqqW0r8m	Fajl	689e89c040ea5556966a3851	Active	3️⃣Published🚀
rec5YKxJiAIqGff4Z	Nyte	6839bc074c48b34039088d2d	Active	3️⃣Published🚀
rec5Yc0EuPL5HcXCD	Florence	530e1cd57d58f31d31000045	Active	3️⃣Published🚀
rec5YeyYgBxKLZbBm	Homezy	644807b496ab152cb56efb28	Active	3️⃣Published🚀
rec5a2NxhSuWpuZrm	Sundeyes	63e3e09b78383e0b69da7def	Active	3️⃣Published🚀
rec5aHNWGNj8fJ8HC	Juke	681fc8e24c3cf9ee02a4520a	Active	3️⃣Published🚀
rec5aOZ8Y9gqfQ2IK	HeroSpark	688c25b406873e3c80849399	Active	3️⃣Published🚀
rec5b6MoSeB1ooI5U	Fionn	673d509f5d8b0d58f72a7f74	Active	3️⃣Published🚀
rec5bjC1pUWoTQBmw	Zentrix	68f664b6f156a64f8c19afa0	Active	3️⃣Published🚀
rec5c6stS9YZgz6OQ	Fentay	69249b46f1d2576bfdaa8b07	Active	3️⃣Published🚀
rec5ccEc871l8sSm6	Dwayne Ecommerce (DE)	623228c0becac6c80b0a04b5	Active	3️⃣Published🚀
rec5cf5r9GBYExb79	ContractoR	645cd5bd7b72c86449237a7e	Active	3️⃣Published🚀
rec5ckEqEv9InayG2	DiamondLab	64b198d87f133b148e4aab85	Active	3️⃣Published🚀
rec5cpqtGObDFnZ5R	Zohamate	668dc1a8ce843a9e54c177ff	Active	3️⃣Published🚀
rec5d9bpukd3U8PdI	Podcast	5d136dbd7a7a1a3728f57ebd	Active	3️⃣Published🚀
rec5dZiTebZ3xbcVz	Takimu	68a3f57d5c676b671b854ea1	Active	3️⃣Published🚀
rec5ddp3q5lYtakgI	Vanilla	64d25a928972b1af39669bc7	Active	3️⃣Published🚀
rec5dqWR1ZDL7SS9j	Dazzlee	68f712234a925e388da6178d	Active	3️⃣Published🚀
rec5e2Drq3FSjVFMu	Toothcare	66a2eecc6e12c804f12b349b	Active	3️⃣Published🚀
rec5ebx71KGFbhCqH	Syntive	6879d5286a56e2ea456991ef	Active	3️⃣Published🚀
rec5ejkGHxCJcUmkK	Bizio	6578d510c3aee4773790cc03	Active	3️⃣Published🚀
rec5eqvcnKi8RBfdu	Elderhaven	6850534fc7d803cbd52eaa65	Active	3️⃣Published🚀
rec5fAL3ahuAoRGDb	IdeaPro - Ecommerce	5f72009315a5ee212f532ec5	Active	3️⃣Published🚀
rec5fCxkZWjQaYJZO	Blurr	530e1bd06c209a3e1600096a	Active	3️⃣Published🚀
rec5fvpQxdtTJjunF	Outpayz	6993930585f586e47ca3ddfe	Active	3️⃣Published🚀
rec5g3DwGM5WBBdNf	Neoflo	67bf3ca364b70b2786617d0c	Active	3️⃣Published🚀
rec5gSXEYJbVOxI4x	Explorer	5813eaec15da3b2d4f702f7b	Active	3️⃣Published🚀
rec5gYZAIL4yGE6tq	Vezigno	68b1e2157185f558b520342c	Active	3️⃣Published🚀
rec5h0nhhzs1v1lFG	Aizflex	66bd3ecb7f7d6c7f20e91a35	Active	3️⃣Published🚀
rec5h7CWSxAav5SM1	Agni Archived 05A3850C	674bc56ad37ddf98747578f4	Archived	4️⃣Delisted☠️
rec5hmW6YGU7pP92l	BluBlock	64c294c6c1b4e7bc13eac6d1	Active	3️⃣Published🚀
rec5i3n1EjjwkJg6f	Keto	62670d46aa28d9677d46155c	Active	3️⃣Published🚀
rec5i8kgiozHLv9xH	Ampify	66735cc3316700ede156c9ce	Active	3️⃣Published🚀
rec5i8oQ8thJV5HhP	FIGHTNESS - EC	671b22ce5bdb5040ae750191	Active	3️⃣Published🚀
rec5iRpjnxYhN3XBf	Laundry X	65b857c94493c4b99e2b043b	Active	3️⃣Published🚀
rec5iUTBbkIpYehde	Enonix	694c393cf9f52d65d2b67bb2	Active	3️⃣Published🚀
rec5io2Gd0buyR7fO	Financio	6388dc88721d3a7ec785e9ec	Active	3️⃣Published🚀
rec5jlL2yfV3mfavy	Deliver X	62461fe7eb25a824aa28798b	Active	3️⃣Published🚀
rec5lFdUwwNRJj1BL	Metra	6824a8cdff16aa39734a69e8	Active	3️⃣Published🚀
rec5m49eGAJmp75He	Ai-Code	65492a0157c93685ee1280cd	Active	3️⃣Published🚀
rec5mJ8uokeso2Scg	Solicitor	651dd55fc7f2b43d3ff4e98f	Active	3️⃣Published🚀
rec5mKsiT6awKLVvF	Beyond	5f5a3fd8fe8395322814ffee	Active	3️⃣Published🚀
rec5mvBrxC4E6Sz1J	Dazzle	6607607368f48578d66e2094	Active	3️⃣Published🚀
rec5n9xWyeuANk3c9	Aaron Plus	6453e53a329c72dfab932d5c	Active	3️⃣Published🚀
rec5nCc3C0pyuC5Vg	Argo 128	64af6c7169fbb855ee914909	Active	3️⃣Published🚀
rec5oV0Hpu46Qbqtu	Tech Bloq	64df923b37357c6698a78e8f	Active	3️⃣Published🚀
rec5oV9tT92l8wmUD	Unixs	655bafc71c99eca7a9b26221	Active	3️⃣Published🚀
rec5pEjZg4U9EKeN8	Satines	698182199c0ee77b5f9806ea	Active	3️⃣Published🚀
rec5pk42b0hYfFvSk	Boldd	68e53d8a4051ee3be6324a9c	Active	3️⃣Published🚀
rec5q2CNZ6SCpa6BZ	Elias Street	684b66c047424a49c061b47b	Active	3️⃣Published🚀
rec5q9kO5qe0ljmbS	Green Park	669ea603d02229e3bf327c10	Active	3️⃣Published🚀
rec5qVK4NCEIClU9R	TNC Crypto CMS	653c147aeb4777fba610bbc8	Active	3️⃣Published🚀
rec5r7Jve1NzS9VVP	LunaDark	668955b8fccc868feda789e3	Active	3️⃣Published🚀
rec5r9qRSU5shwj1E	Zairel	63bed3410aae54931b97d55c	Active	3️⃣Published🚀
rec5rUapf3MQVdp1z	Leòn	644c1643d2d37234a102ca9d	Active	3️⃣Published🚀
rec5rkMpns47Apo4w	Businezz X	66cac591dacbade6b21ae097	Active	3️⃣Published🚀
rec5sBtUegfUegRuF	Perpetual	674732728a08763864abc294	Active	3️⃣Published🚀
rec5sY5HGdwCmJMPz	IsoCloud	658b7e12edde3b4ff4c170a4		3️⃣Published🚀
rec5sn0pTtvbCqyvI	Hometi	6827aeaf5ba199e8d74c92d4	Active	3️⃣Published🚀
rec5swp9oR641FhHw	HiLearn	6594392a2beb6d7f996292e9		3️⃣Published🚀
rec5t8ai8NL7GAEMO	Job Port	670008d912a570e9059dd91b	Active	3️⃣Published🚀
rec5tmO2IfQyq5YNt	Press	582a401459700a67442baeda	Active	3️⃣Published🚀
rec5tnE3UQNfc7j8U	Aextera	68ccae44108f6e2b971fc2f6	Active	3️⃣Published🚀
rec5ufRnrnDzz5KUU	Funeral 128 Archived ro3meoa0	642f0b7933cd31a328f78e6c	Archived	4️⃣Delisted☠️
rec5v6TSwTqnlrnbT	Zohas	6434febde5b4b31669b4508d	Active	3️⃣Published🚀
rec5vCK5a4N1CjjZR	Fold	61ca3a749ffcee4e7cef6e52	Active	3️⃣Published🚀
rec5vSmpE6MSb9Io6	ViaVia	65ee5e243146b1688887c9b8	Active	3️⃣Published🚀
rec5wCSVRW7i2i61J	Adoptable	5f628f06e7a6d812c937f5a0	Active	3️⃣Published🚀
rec5wR3PrSkTvgZOg	Flicker	66342797051b4690252c89ae	Active	3️⃣Published🚀
rec5xDF7Y9kahxgWc	Foliobies	646cec92284e53eb1fc89da3	Active	3️⃣Published🚀
rec5xDHB0NgE4cXbk	Mikios	644934844be39e33ae843741	Active	3️⃣Published🚀
rec5xIc3Y4t0qqe50	Venturist	65ae7ea12d7645c6bbbdab37	Active	3️⃣Published🚀
rec5xlOh8AuebhxAy	Yogart Ecommerce	5f613404fa8c2f4c68aa07b4	Active	3️⃣Published🚀
rec5y4Vy5wUhW7dKj	Mobera	698ccd2b61b68d8a0b461094	Active	3️⃣Published🚀
rec5yjHlhmMOTFIbv	Chef 128	6700608b0b6e342baea4d91c	Active	3️⃣Published🚀
rec5yr6jqbDLvhVBp	Ampliq	685e0fcf1db6b6faae47e194	Active	3️⃣Published🚀
rec5yzhHuBs55iOws	Agency17	660619d1d6e39981a4c79598	Active	3️⃣Published🚀
rec60Gl7pH9weaSmR	Cunda	6928c8865bc006f529a040ee	Active	3️⃣Published🚀
rec62GKG9qmq9wQL3	Kiddy Club	65c1747fd097ebac66509589	Active	3️⃣Published🚀
rec63VyWfQgBTpS57	Machine X	669ea156817fd247c6a91a3e	Active	3️⃣Published🚀
rec63beEFGSf9jvmx	Jaxon	67529d1f79a4a21a92369c75	Active	3️⃣Published🚀
rec63d9UUSVurDcQY	Budapest	64a1cb718197ea4c439f7a9e	Active	3️⃣Published🚀
rec63vDFY2RfkTPb8	Chatty	65a6ae45f6499c9d1a8bce58	Active	3️⃣Published🚀
rec64839wYRx7ibf7	Promptz	691219dedba93b97102602b6	Active	3️⃣Published🚀
rec64Hv978skM4uld	Numera	656fc14c10a6be6921c9979e	Active	3️⃣Published🚀
rec64vuQcdyGQnyQL	Quicksmart	5d24f07bda6c396ec9e9d23a	Active	3️⃣Published🚀
rec65dNH45X2oMvhc	Better Half	5fb3f5d1b1057ae67c690b24	Active	3️⃣Published🚀
rec65lgiCHyFhsZyC	Orexa	698cf18d889035330f9f920c	Active	3️⃣Published🚀
rec663PTxNwy1jjnu	Cresant Studio Archived nc8k3x3t	65ec28fb637289ce22caac76	Archived	4️⃣Delisted☠️
rec66RrNkffxF84oE	Powerful Studio	64e61bea520049c032833618	Active	3️⃣Published🚀
rec66mLap73ssfJGU	Auravel	68748d2292e5902fcc5255b7	Active	3️⃣Published🚀
rec66of03saAXmeXc	Vinsy	67a1a39072cdf550a153c1ee	Active	3️⃣Published🚀
rec66q9cfMFYkXO3A	Project Foood DB	657ca517e0e6cc4f42b3d270		3️⃣Published🚀
rec67CiyWt6RXMNPO	Ritoze	692f177968a7fa2e4a486bc5	Active	3️⃣Published🚀
rec67HxoyK9O7n5Cz	Jost	683882c147d3e53d03b5c6fa	Active	3️⃣Published🚀
rec67MUb0CFM4moqR	Kenzo	68cb9bce5d66ad314b081a63	Active	3️⃣Published🚀
rec683g2KNWQXG7MS	Cavada	64566859cb32183b82436974	Active	3️⃣Published🚀
rec68O1fS0GzJmkMq	ElectraX	670e95281a5871f114500747	Active	3️⃣Published🚀
rec68jk8Ad9r5vPUd	Open Studio	64db991aa43534ca3ad19880	Active	3️⃣Published🚀
rec69JHzDBFXmv2OR	PoolPerk	68916d11ebc357f39e67beda	Active	3️⃣Published🚀
rec69YhEtZIo38cjq	Experia	645bd1261dfbd141cdeaad24	Active	3️⃣Published🚀
rec69dhCKXIqdDVsk	Inora	685964d79289345da5b237ac	Active	3️⃣Published🚀
rec6A98geJxK928R5	Jackson	68efe01726f3e0db24a1a455	Active	3️⃣Published🚀
rec6AFuIaKh1qbUYi	Louis	614c97a8345e98501754f3b1	Active	3️⃣Published🚀
rec6AJFJjv06rxImv	Tiempos Archived k116lbg3	5f88d2614e6c5948d86de682	Archived	4️⃣Delisted☠️
rec6AtC8TzfqvD6cd	Jupiter	61659da79b43c341ebddca1c	Active	3️⃣Published🚀
rec6B13gdoFVDN4Kj	Vistraa	68ccafeb72ca48bebe0789f6	Active	3️⃣Published🚀
rec6BlznuvZGfSfNT	Mexora	68f7ca11bf40b63c1806e3df	Active	3️⃣Published🚀
rec6D5xh1MBDReUwO	Finozen	686ca9fe9725bac17585499a	Active	3️⃣Published🚀
rec6D7T76qBjO6n3W	Financer	66d5edbae8b7d59b71cb3871	Active	3️⃣Published🚀
rec6E6m6aI2yGIgoh	Get Swipe	672df000e375228fa9a69823	Active	3️⃣Published🚀
rec6EHJhqbOLFzXzW	Biodex	68ffa3481a4c66283bb2ade6	Active	3️⃣Published🚀
rec6EstDyxqrmj01y	Gilbbert	658f264fcf5a7d093d9cd05e	Active	3️⃣Published🚀
rec6Fj6faLReGjmeN	Softxon	6721299224835cabbf783236	Active	3️⃣Published🚀
rec6GEwYodB9REkG1	Peakly	677eae9a06a98f4ff58ade0c	Active	3️⃣Published🚀
rec6GjQa8vOTh7T4J	Niska	672e0237235f915adada7bbf	Active	3️⃣Published🚀
rec6HAkIisAS2IJmM	Zelda	68ad26790a252d1f06441d91	Active	3️⃣Published🚀
rec6HnAFA434oN0WX	Blust	6727fdcb314ab914c18e991c	Active	3️⃣Published🚀
rec6I6RFqIuIEyZPx	AUREAS	691c7ad629e4efcb7ea29b9d	Active	3️⃣Published🚀
rec6IKRGZg5OiyETl	Neighborly	6785e603bc0f3871a932e4f4	Active	3️⃣Published🚀
rec6IVYQz2WK7gWwQ	Arbin	655bc4437e8ab448fae6c4d5	Active	3️⃣Published🚀
rec6Ij1mDfHBXqYGW	Arie Ecommerce	658dfd7c41b3758b2563a61c	Active	3️⃣Published🚀
rec6J66xqDZJAgtZ9	Orixo	696fa0170ebffc3b5758b665	Active	3️⃣Published🚀
rec6Jf8LjBzCH9k5N	Pipely	689b7810b347312853d4c846	Active	3️⃣Published🚀
rec6JfkkAIgM3V3yA	Wizz	631a2fb07958964a0f2b6409	Active	3️⃣Published🚀
rec6JwSrCDs7bu7ou	ThinkTech	6689575ab3096e80b53fffc1	Active	3️⃣Published🚀
rec6JweT3TGO3zNC6	Marisol	65ddf879a65cb7dcf9451087	Active	3️⃣Published🚀
rec6KENvfXg1icGMp	Guilia	65b944f01db4afa5d5c07110	Active	3️⃣Published🚀
rec6LAmvR4oPCGlPv	Marcus Muller	657f76f6dd1607d815fff1f4		3️⃣Published🚀
rec6MM1kyPTD0wuol	Nova Homes	62a93d6a19b45cf3faf09f91	Active	3️⃣Published🚀
rec6MpKh2rFMDRxiY	Astin.C	67ca8b0e61948ce17ed4dad8	Active	3️⃣Published🚀
rec6N8ypJixXJKp2Q	HomeShift TNC	67494cc478eefa61e2d7d9ee	Active	3️⃣Published🚀
rec6NOTAGM5GetXCM	Melville	686ddb19fa353fc47903d42c	Active	3️⃣Published🚀
rec6Nm43iUxMrPfm3	Debut Studio	6515bb6008b5de4a59bb7757	Active	3️⃣Published🚀
rec6NscrqxtCMrBah	Mumbai	651d81e7aefcf6e607c6bdd9	Active	3️⃣Published🚀
rec6Nth3RmThHqKkS	Investing	6115cd741afce33d3bedbfee	Active	3️⃣Published🚀
rec6PLy6i1LPcUTMe	Riyadh	667dd9f678d5d6772ce708f3	Active	3️⃣Published🚀
rec6Ps5aEJT3CWifO	Bermuda	5d9bbfcf62ffc2767d46e0c2	Active	3️⃣Published🚀
rec6PtQ2vTM8lVQtQ	Darkfolio	63c6bb2e9709272a2dbb72e8	Active	3️⃣Published🚀
rec6QekET1XrUq5Qe	Athletic W	67f3e8550e289b6e06f8b7a1	Active	3️⃣Published🚀
rec6RXjgLOGUQ27vA	Waitlister	63fea6e757c2b739c56f57eb	Active	3️⃣Published🚀
rec6RZ8R4Cl6glqkc	Zeniq	66e6422d0dcb8cb0f1f7a9b0	Active	3️⃣Published🚀
rec6RaLKSNTr73FKf	Dermato	6989fdaa256ad53029760eca	Active	3️⃣Published🚀
rec6RbwGsr7gs5PLc	Zaivest	664cd2353fe2b2e48245d772	Active	3️⃣Published🚀
rec6RyKt7dYZsUJHI	Koachet	665f20b9d40800a4d7d48ad8	Active	3️⃣Published🚀
rec6SBUzREIWTL1cf	Vaxel	69332d243e8dd35a2312a839	Active	3️⃣Published🚀
rec6T0bbmA4s0qaVl	Sarfa	6925f2900b5d33e3c21e940d	Active	3️⃣Published🚀
rec6TFdlvSKwI19yO	PlanBox	67e4aef9e818c47a0ab1d220	Active	3️⃣Published🚀
rec6TRCSIPpYqeNzn	Simon Leviev	65087bbb67ca217a817bbcd9	Active	3️⃣Published🚀
rec6TUzpivwe0Q1k6	Brilo	6900f344cee1904d7c21e25f	Active	2️⃣Scheduled📅
rec6TeeWsHNs93TTb	NowInTech	606f7198603e8266a479f0e5	Active	3️⃣Published🚀
rec6UAfjEVKF2RcqH	Aluro	69137c18d81c57a831fef768	Active	3️⃣Published🚀
rec6UbToKwwE2Uf7h	Noyas	67986a4ae878f5e75598bf22	Active	3️⃣Published🚀
rec6UcmOLFNZZijc1	Cynefin	674e5002a6068b2082410c87	Active	3️⃣Published🚀
rec6V1vwHkuw4TVSS	Purezai	68007f1af95b5a1669403465	Active	3️⃣Published🚀
rec6VVztA5TVNpDSE	Anubis	610ca11f4f41dc09ac417fd0	Active	3️⃣Published🚀
rec6Vl7EdFw99O6hr	illuspro	678f165568e2af7451e5f678	Active	3️⃣Published🚀
rec6W2U4tALOnBlCX	Zenova Archived yjwu9mux	66fac6c5c15e596321034102	Archived	4️⃣Delisted☠️
rec6W9uNipjCVI3z7	AirTide	67730b668f931c08abd0d852	Active	3️⃣Published🚀
rec6WN3lD7jvAjmIh	Medio	6684878c9dd0feb32b24fc79	Active	3️⃣Published🚀
rec6WXGpUzeDDYbOr	Nebulos	64c14af1d1faab995c8ca86a	Active	3️⃣Published🚀
rec6WpjLGeRNkwHb9	Measure	696d9382bf4d464550499106	Active	3️⃣Published🚀
rec6X31tx7MtbWNPR	Zappy	6155c9c477bf322a8c451acd	Active	3️⃣Published🚀
rec6Xew7iiWGiuMxr	Crafted	551da1d3c359505b63457461	Active	3️⃣Published🚀
rec6Y2AN9JyvrIirj	Chisel & Comb	6768f429133eb68beec627de	Active	3️⃣Published🚀
rec6YZoh4eGAV3Ycb	Finvolv	685ed493519bb3cfcaaf9f47	Active	3️⃣Published🚀
rec6YbpdfUToWaOjm	Undisclosed	67a9802f0c5becb6b515be7e	Active	3️⃣Published🚀
rec6YnOElJLcGXSjo	Tekzen	6545501556de8a449702e2f7	Active	3️⃣Published🚀
rec6YvFgsNv5ks2Q9	Noblelaw	67d1069809e9954a14721852	Active	3️⃣Published🚀
rec6Z0aPE5P4WEqmN	BigStudio Light	664238a2157049c84da0c6d7	Active	3️⃣Published🚀
rec6ZC99wWCTCkzxB	Essential Mag	669894e990fb254a070d5ac3	Active	3️⃣Published🚀
rec6ZVJNrgiHKmNO9	Extreme	674df043b590d891659aefdf	Active	3️⃣Published🚀
rec6ZZZN6ws4IqM7y	Obliq Studio	697b885e8792900d738a5a52	Active	3️⃣Published🚀
rec6a4m3VkUHf6MNL	Gifo	685253003514670778c56f88	Active	3️⃣Published🚀
rec6ahkQJdGWDRbje	Tacos	61a95ff3af5e9b82369d1d89	Active	3️⃣Published🚀
rec6ajskIfgooAOBe	Hardware	690e059fbbb27dfecf2a35f8	Active	3️⃣Published🚀
rec6apXW0KXWN7sJv	Aydem	6908277ea83a534983c8c5fa	Active	3️⃣Published🚀
rec6bath29J9OvEyg	Williamss	6935148aee358f91bda08b09	Active	3️⃣Published🚀
rec6cH640YiiFCvMQ	Calling Cards Archived ud5ee7gf	63979619b8237e7178add4fa	Archived	4️⃣Delisted☠️
rec6cWUbLBJ2JrylN	Pixelcraft	67552808e5c867c416860d89	Active	3️⃣Published🚀
rec6dR0AVB4Xr4Ad9	KRATE	67ca595161948ce17ed4031a	Active	3️⃣Published🚀
rec6dg6eIs7ghG7DU	Digital X	61bd01f3a8e5ee5efa263bc7	Active	3️⃣Published🚀
rec6eHHv4NVplaAfL	Zaiflu	666892ef9cb86cae1bf12dac	Active	3️⃣Published🚀
rec6gUqfyPvosHUtR	Dark co	6940c6042ec4ec5ab96981f1	Active	3️⃣Published🚀
rec6gdoPLnkVwRHqE	Golden Flash	6928cb4aa21e6d37de66100f	Active	3️⃣Published🚀
rec6gkY1lbewmGnAn	Flinta	66ba96faf5f4efd4420b2992	Active	3️⃣Published🚀
rec6hFwqqZiHcmfcU	Plumco	6666e27b8fe9e50aa79d61ae	Active	3️⃣Published🚀
rec6hGL7p6Y6hJaGR	Krafti	68f7b2f38c5b9d30bc484698	Active	3️⃣Published🚀
rec6hleWBaSHoE0Vr	Knights	6839b544782c53936e2399a2	Active	3️⃣Published🚀
rec6hn2R6sUnIHuhv	OralCare	66fdb44e18572cc9c7a26420	Active	3️⃣Published🚀
rec6hs0Yol7nnd5YL	99Club	68d809f8053ee29a2687f4c9	Active	3️⃣Published🚀
rec6ik73TOcqwTgi3	Scientis	6838897b2c43f9aaade53052	Active	3️⃣Published🚀
rec6jHXY0bUtP7p8l	Auroria	68ffa07f24ff9b40a49ee33d	Active	3️⃣Published🚀
rec6jQDasSobofnAc	Sicko	662051c36ec3645ca3b96eba	Active	3️⃣Published🚀
rec6jj59jv7GgCiQ9	Culinary Essentials	66310c9edd6b0e245d4cd122	Active	3️⃣Published🚀
rec6jorUnDNIuOUiM	Jordan Smith™	6666e57147c22a141ee0cad3	Active	3️⃣Published🚀
rec6jx01ij3RBhjIp	Bright Solar	6720d716878e5e2b0006e5cd	Active	3️⃣Published🚀
rec6jyZRrMJzlA0yM	Grizzle	65b01ce88e8a2519dc069d65	Active	3️⃣Published🚀
rec6kfifCvYMfuL7V	Zense	5d9bd399630fbeeab7685d1b	Active	3️⃣Published🚀
rec6l6sIpRzLEfRlE	AgencyMKT	674e7d598d3c5c0654664d2a	Active	3️⃣Published🚀
rec6mrecYVJhWR3SL	Kirva	6753eac2df6481d22b414479	Active	3️⃣Published🚀
rec6nGSUNSNbo2RMQ	Nuxe One	67bf3f0d64b70b27866197e6	Active	3️⃣Published🚀
rec6oHyBvj2noQ2zO	Haul	6990e8ca23918b690ebbd924	Active	3️⃣Published🚀
rec6oRdlhrh6WiTjQ	Giveza	695ed22802df198394fb1bd5	Active	3️⃣Published🚀
rec6or5wsh0PAJK3W	Equalize	65fdfa0fa4c6974bda5e7912	Active	3️⃣Published🚀
rec6orm5LQelmbHuV	Carplus	6750aaeb4bd88f7d621d3cdf	Active	3️⃣Published🚀
rec6pLd3BYk1QqmgR	Confera	68c05fee8760d5b936e7e7f6	Active	3️⃣Published🚀
rec6pjTHv9HdKWg6Q	Fyelab	6760accc41d6609bd62442e3	Active	3️⃣Published🚀
rec6q0q6fh3gDZU4q	Arc-Tec	60b6bc2b033cfe5862fa2834	Active	3️⃣Published🚀
rec6q7B693083gVQF	Filearn	64d294238120f445af65b7e8	Active	3️⃣Published🚀
rec6qNiCefvkExcvn	Invoicy	60e785c02948fbba74376536	Active	3️⃣Published🚀
rec6qWxP6j34JszoM	Serene	64e8b529ce63f69e94236ee8	Active	3️⃣Published🚀
rec6qqbgT7RxShzbl	Dynamic Studios	567471bf05cf5ef6138c81ae	Active	3️⃣Published🚀
rec6qw00wQXaSM02o	Kurt	61fc6d1386c56908d34570f1	Active	3️⃣Published🚀
rec6r2S5mIwq5HQjQ	MezPay	68b3489737f56668208e8df2	Active	3️⃣Published🚀
rec6rDBkVEsOk8dpJ	Round	62e9ec7fbbc9de80f8dc37e8	Active	3️⃣Published🚀
rec6reswLYn4mkhnt	Clogy	66b1581034757e4c3950208b	Active	3️⃣Published🚀
rec6rgPqh321Go3nZ	Dominic	66c47d05fa040de0a0564d1f	Active	3️⃣Published🚀
rec6s5krUSrCrQBOr	Luxe	60932ee03107c46e5fd09395	Active	3️⃣Published🚀
rec6s7T5utrmdyKQB	Freshfield Group	681856a6d5d09d6c0452e1a1	Active	3️⃣Published🚀
rec6sHcylFULgwduw	WorkMat	671dc6d5f06c55f10225ece5	Active	3️⃣Published🚀
rec6sQ8xKGJxveAMp	Wissy	66322572ce51b39cdb657a49	Active	3️⃣Published🚀
rec6seAdKjmboZpPl	Fluxy	66b3a088ed95359cdb341df3	Active	3️⃣Published🚀
rec6tQfabJQJMwbev	Sustainax	68682d1cbdb63e5d0a0f6fa7	Active	3️⃣Published🚀
rec6u1v0Kqs09XQ1R	Coolabs	674df3cb70ceb441dda457f6	Active	3️⃣Published🚀
rec6uaMFOsTWC0fGp	Electronicz	6632b0ccd8b39a6a8328c7c0	Active	3️⃣Published🚀
rec6uo7QuCKyhJ75B	Luminary	6615032d3b46bad74b263ab1	Active	3️⃣Published🚀
rec6vfE5xxE48sZpJ	Dvry	657cc7cc7fb127b254d86beb	Active	3️⃣Published🚀
rec6w4cO7fkiN55T2	Grow Archived tj1o133k	537f8f53e82da27d34a96466	Draft	4️⃣Delisted☠️
rec6w7jL3jtSLJup7	Sayes	65f1d2b98d6ed9007a2c97ba	Active	3️⃣Published🚀
rec6wXi2XZrJpCdEC	Brandora	6968926992ef1ba8afa3a601	Active	3️⃣Published🚀
rec6wnzHxFb3hbpZ3	Loti	65d59f44638a11bf75c2054a	Active	3️⃣Published🚀
rec6woueaOj5HUSe7	Pixies	65cb67c6c7b80f6199ee409f	Active	3️⃣Published🚀
rec6ws2UYPT8mARPH	Seohub	65e7c5fcfa6164ba9241fd14	Active	3️⃣Published🚀
rec6xil1rJoStCOXj	Finacoo	6930ab56692b7e07a56c7398	Active	3️⃣Published🚀
rec6xtFeiyx6KCxfV	Jordon	65c45988b906052392d6808d	Active	3️⃣Published🚀
rec6yHkWrKCxOzAaj	Arch Space	67a23b625f7825c448eb4be8	Active	3️⃣Published🚀
rec6yOseW52FrCu9y	FitWit	6708e4e3cb54ca36ea3116cd	Active	3️⃣Published🚀
rec6ygvUzz5LKARmR	Unifylink	69137bafd81c57a831fef6ab	Active	3️⃣Published🚀
rec6yyS7H0UxiGJ30	Ultimator Black	665d2d451d7da26acfaa63e2	Active	3️⃣Published🚀
rec6zRnH3hTdwZOnR	Dots	5a2979b95d6088000150bab8	Active	3️⃣Published🚀
rec70mmw5CJEUNNFn	Lendora	68f7b79ad5e914dd3a80ce2d	Active	3️⃣Published🚀
rec716ZyI6GwCOMH5	Builders	653931a2fda873732cf7229e	Active	3️⃣Published🚀
rec71gbZN9zGUUI2L	Flurexa	68f7c271c326c4733c37392c	Active	3️⃣Published🚀
rec71yHENOM2VYdj4	DataHub	65aa9a829743ab499d61f878	Active	3️⃣Published🚀
rec72utvjzeqUMsIX	Nitely	659a100be0aa8544a80af5a8		3️⃣Published🚀
rec73SPDDbPaAQpTl	Linda	622a1c2fa76767e8be121d73	Active	3️⃣Published🚀
rec73aqEu4W3Aep98	Intiri	686d42b0945e717ab7c3d8cb	Active	3️⃣Published🚀
rec74Hlj7LE93CDTj	Evermind	68a6916724ed4b12a61b1407	Active	3️⃣Published🚀
rec74nLJevQGOTwZs	Serenique	697eac40ad1ec91f05d01074	Active	3️⃣Published🚀
rec75BkYbvhC4bSON	Nailly	669058543f0889e5c34a0638	Active	3️⃣Published🚀
rec75Kd617u4XjGgP	Cartflow X	67764073bcb5b24d81394515	Active	3️⃣Published🚀
rec768cxwOFZjmxho	Pitch	618479141dfed2f19337ea71	Active	3️⃣Published🚀
rec76LxoOcF1tyZHa	Aithra	6918139e74cdd3f42f9cb5c8	Active	3️⃣Published🚀
rec76SROUuZiiFqwB	Zuapi	6960a6d95c0317d8bc9e93ca	Active	3️⃣Published🚀
rec76Y6Ntq7pWhzuf	Moezai	689abb4914dca2107a459c17	Active	3️⃣Published🚀
rec77cl3IRXqX3Jnt	Tomas	666cdc8cadb35494f22c77b1	Active	3️⃣Published🚀
rec793RTXoFRKXcyK	Martial Arts	64457091441819187e8e5ddb	Active	3️⃣Published🚀
rec79LHHXnLQKBL64	CineVault	692f02f7a4dcb9ecfb8b99e5	Active	3️⃣Published🚀
rec79VcsFjp6n6PDP	Ovins	68924038ebc357f39e6b96d7	Active	3️⃣Published🚀
rec7AO4nV06ikZsN0	Investas	64a3148530f4e2ecf3dc4148	Active	3️⃣Published🚀
rec7APChTfnHUC4Ce	Workment	62d8cdcc9043af173da24bdd	Active	3️⃣Published🚀
rec7AWToSIzNPSaF6	SasZF	66ef08a58f364dd4599c3587	Active	3️⃣Published🚀
rec7Ag9KDlcjIrDcB	Vitae	577d3e9f044a522433e10278	Active	3️⃣Published🚀
rec7AyBUvKWYO1twd	SkyLine Archived 6xyd7ak4	669e0d114ce0dc5c90577313	Archived	4️⃣Delisted☠️
rec7AzyJZBHnVmkr7	SaaSHub	674df8ae0d328ca80f77eb17	Active	3️⃣Published🚀
rec7B1Rf0SPG72rjf	Cora	5e385e2613b1e098e9002e27	Active	3️⃣Published🚀
rec7BcDnGmbz2K0JL	Delusional	64555c48dcb292612c160b08	Active	3️⃣Published🚀
rec7C1N8LiquCIsya	FlowWave	65cfd3f79d5bfcd21b2125d5	Active	3️⃣Published🚀
rec7C2f58oIfDUWth	Codix	696f9aabad3a5695279fee77	Active	3️⃣Published🚀
rec7COcFD2zcRhqvL	Dyaro	65259ba952f7acbb9212b40d	Active	3️⃣Published🚀
rec7CRCGugVHST1Uh	Mintro	67589ced3ba03ba316c9281b	Active	3️⃣Published🚀
rec7CiNRPM3L1lZBO	Renuvo 128	630a46bbc30273dfee975658	Active	3️⃣Published🚀
rec7Cl9urNfNR5LRg	Ollie	5d9360953518d20d7117fc40	Active	3️⃣Published🚀
rec7DFHJ6Usa2zFTz	Crispo	696dbe879d527f80b1dc3f4c	Active	3️⃣Published🚀
rec7Ei7lo6JC4qNDi	Kiev	64f74987d39a4df174abc742	Active	3️⃣Published🚀
rec7EikKeaLCElO6K	Coworking 128	646fb202f9c7c087e540e6ba	Active	3️⃣Published🚀
rec7EmOFi9f0lMCSH	Algorithm	664cc20cf33936139a9ecdad	Active	3️⃣Published🚀
rec7FEUXMyVYhsTsQ	Imagez	65c68fc8f8a1d73a6b263bf2	Active	3️⃣Published🚀
rec7FEpb1Is5u38Kq	Geneva	659c2dca4f5c577987c183f0	Active	3️⃣Published🚀
rec7G8ROjMOrCvS72	Corpath	6930591d0e6c3fd3c394624b	Active	3️⃣Published🚀
rec7GIONyYaWvNWTP	QuantumX	6564b34df56897342da99725	Active	3️⃣Published🚀
rec7HkSS0nUXyDIPL	James	63e11b2ade6dde394e81d2c8	Active	3️⃣Published🚀
rec7HwMin2uH6oOSB	Elegant Archived liqkeibu	65836d9a91b7583bfcf124e7	Archived	4️⃣Delisted☠️
rec7IG32zpfAFw9me	Medonix	68e4eda1de8c199a02f28d34	Active	3️⃣Published🚀
rec7IHToMxPRLQw2m	Solaren	6655dab899cd9af9857141cf	Active	3️⃣Published🚀
rec7IilOCILivNLCM	Edison.	68859c19d9b3c171ee0b23a9	Active	3️⃣Published🚀
rec7J6YRsZxNGEwUS	Gregori	63d3f73b6c31c67a5f361f61	Active	3️⃣Published🚀
rec7J7UGJ7q8AVhdd	Desk	646fb37e6ff5238cfa69aed3	Active	3️⃣Published🚀
rec7JFbZFjZTnhIsj	Renzai	6541ce40ce28db2604e2824a	Active	3️⃣Published🚀
rec7K3DkVGkxSWhjP	Enigma	5d3b2e178474c4d5ec1dab14	Archived	4️⃣Delisted☠️
rec7KSTMtX2uTefux	Harbor Consult	672a77ec4e79c50007105d6f	Active	3️⃣Published🚀
rec7KajTrvBGNA5YR	Honor	6390a316909033309643293f	Active	3️⃣Published🚀
rec7LhLHzCA96WMOb	Optitech	63a200805694ce35ecab670d	Active	3️⃣Published🚀
rec7LvHPFa97It9MS	Reinhard	67599dac85895bc97024140c	Active	3️⃣Published🚀
rec7MLkR3mKjfm2lx	Finvera	694eb564d5d9e96efbdd3394	Active	3️⃣Published🚀
rec7MMW7mW7mq3w2E	Leaf	63d6e4d6a9b0d5c775da103a	Active	3️⃣Published🚀
rec7NB3fq46SBN8kB	Grad	63938eb7a1404254db97d7a7	Active	3️⃣Published🚀
rec7NE8QuJelQjmOG	Flow Vision 128	662741390889f2489acd73e5	Active	3️⃣Published🚀
rec7NH578dsnKMg8K	1001 ways Archived c5m25cjx	66a0eca753245549cc4c0499	Archived	4️⃣Delisted☠️
rec7NJCXmBRbLSAYF	Fischer	5f7ef4d5fb684b00f42d3274	Active	3️⃣Published🚀
rec7NsqtbDfoqqZuI	Terravia	68a4bc63e7a050b842eae2da	Active	3️⃣Published🚀
rec7NyuajKwv0hLrx	Helio 128	675b13dc2050f77963838186	Active	3️⃣Published🚀
rec7O8GBL9X5HrWQZ	Medicio	65846db096460711e066446d	Active	3️⃣Published🚀
rec7OT3kaB1KA0PqF	New NFT Cards DB	6489e340b2d5a72080043f5d	Active	3️⃣Published🚀
rec7Od2WR6rqpgpnb	Zaitory	676c9bce558ab1768e7ea80d	Active	3️⃣Published🚀
rec7Oxs1lHdomLj48	Startek	65259a0caf9773d82c9a658f	Active	3️⃣Published🚀
rec7Pptqf7kmSNhEP	SpiceFusion	672ba6f8b98e0ec266851324	Active	3️⃣Published🚀
rec7Q7H7ghMpYoANJ	Pallas	644af1a371649f2661d0b9c5	Active	3️⃣Published🚀
rec7QPUcZP65jb7xx	Large	6978f375069654f46d5a0ac9	Active	3️⃣Published🚀
rec7QcoevBtwmIoLd	Paper	61ef3c794a93b1b0fd0769a3	Active	3️⃣Published🚀
rec7Qut0NBRLDMpyS	Universaas	664ea7b2c60a62d45ffebbb5	Active	3️⃣Published🚀
rec7R5w3kzhwbkUIx	Alastair	6801bbc6c4dd57ad02c5d94f	Active	3️⃣Published🚀
rec7RDBQkRUaaOgwx	DesignFlow	67e5e63dd5d5f6a2602551d2	Active	3️⃣Published🚀
rec7TJFo07QkaxwUg	Eden	6541d309c2cdfb8dc705f35a	Active	3️⃣Published🚀
rec7TLr6CLpwkOMsX	BeFlow	623cd662cf20a00f9d766fbd	Active	3️⃣Published🚀
rec7TazqSTr5pQWPm	Avynor	6958a93f885c0ee92f72e48c	Active	3️⃣Published🚀
rec7UJqgWZ4ld8lU0	JohnReal	6620db31d9fe06dd81f66350	Active	3️⃣Published🚀
rec7VPMVlVdUTRTaG	Startaily	67356a7abc225e205209198f	Active	3️⃣Published🚀
rec7VPNT9SZTwec53	Garlo	651d7e71e0339d159291d139	Active	3️⃣Published🚀
rec7VWWdPamkCdifo	Propertly	649c85bfeaca8afd1cf22cfc	Active	3️⃣Published🚀
rec7VicZ5VUuaDgcf	Krak	64856444dc26172c420d5344	Active	3️⃣Published🚀
rec7WINdnYV3wGmpA	Luxecar	65fd30cb34eb830c54ccbb07	Active	3️⃣Published🚀
rec7WmWDRJ2JBynEd	ArchDex	677af6889038c11258793297	Active	3️⃣Published🚀
rec7WpZFwAtWJHnXK	Cyberon	698517f92e92050fce48d391	Active	3️⃣Published🚀
rec7WvwVqRUGaxboF	Tailora	69499f10c5e9c4589332186e	Active	3️⃣Published🚀
rec7XcQtSFP6I99Wr	Nailsy 128	64cbc6fd7596def6f597bdf5	Active	3️⃣Published🚀
rec7Y6NGEBWzUNiyA	StrategyFlow	6661d9a547b7312e5b2364c5	Active	3️⃣Published🚀
rec7YUcktzvuHLBG4	Profolyo	67ec0a27b3d96c20ddfacc5e	Active	3️⃣Published🚀
rec7Yk47Y2V6Ea5Fu	HomeSalon TNC	673c9eb8b7bbe04fb85d36e9	Active	3️⃣Published🚀
rec7YlEp4eHuqWT9E	Lift	60c9178d2fe2b774285fdd09	Active	3️⃣Published🚀
rec7ZGBZpkZnkoEAI	Webfolio	63cfe08226c4c82c9fda8a58	Active	3️⃣Published🚀
rec7ZHLNFPydH9EkO	Nebula	64a445711aa97993e7966ac7	Active	3️⃣Published🚀
rec7ZP0sUFp3Y4xIr	Endeavor	671176a63958e12aa1b5469e	Active	3️⃣Published🚀
rec7ZmjR6tgRba48n	Demure	660a97535156940ff5f0c8a0	Active	3️⃣Published🚀
rec7aHfKxYzbisL9y	Dent Smile	65d24dbad9939b92824232a8	Active	3️⃣Published🚀
rec7aQ9eI1hMMMVxs	Tech	5faee5b7f2b82a9bec5926f6	Active	3️⃣Published🚀
rec7ax0MmH5huPBY0	Evatto	69305bea5e767257a5878345	Active	3️⃣Published🚀
rec7b0t9LF1BA2aH3	BeSavvy	631fa15c82c06b27ae6a5f6d	Active	3️⃣Published🚀
rec7b7DIAaMC4f8OG	Zyntexa	692c173a87def59ee7e1e630	Active	3️⃣Published🚀
rec7bLT7gFVvCUL3R	Level	5e2892a364c767aab64995ce	Active	3️⃣Published🚀
rec7bi3odQBqsjvZ5	ArcFlow	66509b8ab9905bb1fe74aac1	Active	3️⃣Published🚀
rec7c0uPmyRjGC0P9	Foll Studio	6639f18af8f594ae551bf09f	Active	3️⃣Published🚀
rec7cSDjpJty9Nz8W	Therapy Care	664e7436df9cd4f7a9df6b36	Active	3️⃣Published🚀
rec7d6tdsNrnglWZA	Evermore	5fadd648e2e4b5b75d5e8e53	Active	3️⃣Published🚀
rec7dUsUqzQx1xGyE	Dappify	68f2e41dea16dd382f07ca0b	Active	3️⃣Published🚀
rec7dXTbmhDiZ5omZ	Byrce	65aeda07c6efd911cfb91033		3️⃣Published🚀
rec7ejEcm59yix6HK	Tonka	63c6b3aae34f340418dc2e5d	Active	3️⃣Published🚀
rec7fUpfHW8mH2oXx	Ljubljana Crypto	651b1055469271abd65c02a7	Active	3️⃣Published🚀
rec7fseM8CRxRWwv4	MonksDigital	6828f816b657cec6eaea53ab	Active	3️⃣Published🚀
rec7fuKVIhB1GM5Ox	Thegem	6320b5168f46e685e7082462	Active	3️⃣Published🚀
rec7gRwBzT2sXcPPc	Cleanora	698a07610e8900431741e9d6	Active	3️⃣Published🚀
rec7gTBQRjfPWI0rg	Orxin	604bf66413eede381da91cce	Active	3️⃣Published🚀
rec7hVTQsYi4SAuu4	CodeGent	69431213a54c5a5cf1dec3f3	Active	3️⃣Published🚀
rec7hcSkw0NNmEv3l	Mobify Archived k6p3m44w	64133da22d3c100c0ac00900	Archived	4️⃣Delisted☠️
rec7hlBNlLfF6F8fq	Vestorix	693284aade4ec8a2d1d5658f	Active	3️⃣Published🚀
rec7hs1Y2sJA3NEQk	Symbol	66960217fd4b99be1097cbe2	Active	3️⃣Published🚀
rec7i6muKW2coZ5UF	Memories	60088f40c11a8dd21d39823e	Active	3️⃣Published🚀
rec7iV7hmAJg7HPym	Artifact	67dae6ee71aae012c8b0bc7e	Active	3️⃣Published🚀
rec7ipq1g3bvtYK8P	Celeron Pro	6765c5682e08412f9fa71d32	Active	3️⃣Published🚀
rec7iqaiwooCr7Kri	Single Property 128	64a478c02c23cf12dbbb0f50	Active	3️⃣Published🚀
rec7jFDQIkWc65R1y	Codx	623d02079f0d171dbf755cbe	Active	3️⃣Published🚀
rec7jKYThQmrUH6Tf	Ricardo Brown	648aaabd117a2105edc4209d	Active	3️⃣Published🚀
rec7jcl1OGkrzEdde	Inkspire	69162559390b472ab18d8b70	Active	3️⃣Published🚀
rec7jtZIAGG8u3hyg	Stock X	64e38431de643e70163dfed4	Active	3️⃣Published🚀
rec7kAlQRX3hnjvaQ	Econom 128	660de10a226f869747ce8b30	Active	3️⃣Published🚀
rec7lBRIrLyMJnJ21	Plath	660bfd8502f566441ceef5b3	Active	3️⃣Published🚀
rec7lQSJ0jIaHgaqu	Neom	67eb4ca6a31f4d9399333fb9	Active	3️⃣Published🚀
rec7m9cfv50MafeQa	Wicadia	67afa54f4d5f4dffdc508f29	Active	3️⃣Published🚀
rec7mYuwzOWzRsS04	BeautyBey Archived 3nj6o429	6584b306a2795f8bea2c064e	Archived	4️⃣Delisted☠️
rec7n3qNa0ZTImSyi	Three Circles	68e3ea096f71ebbe61cdafc3	Active	3️⃣Published🚀
rec7n8Y7kX0eePAxF	Markite	68b9ac58c332341221c99612	Active	3️⃣Published🚀
rec7nfRKp0m7biDXH	Klener	688abaa8b2c38348379f0af1	Active	3️⃣Published🚀
rec7ntnHk4Nrr1F5P	Gento	664785a984267972dcb72afa	Active	3️⃣Published🚀
rec7oPDlUoJLLsdXb	Evan Warren	669ebdaf46982b8989122455	Active	3️⃣Published🚀
rec7oS8qyaedjALSl	Recrot	68ff9f0874faa839be74c411	Active	3️⃣Published🚀
rec7oY8Ngp36g3DH5	Revolve	65c9a21adcb44b0eab8d8b49	Active	3️⃣Published🚀
rec7oZBpX49fuaLnm	JOSHUA	66832a745058f24f7ad6cb2b	Active	3️⃣Published🚀
rec7os1lwo4Rs1gLK	Chatpilot	68cc16995d66ad314b08cb96	Active	3️⃣Published🚀
rec7oxO2by5IQynY7	Smool	60b02cc194ca8a0ba33fcbf3	Active	3️⃣Published🚀
rec7pAlVEjjDb0fqY	Revelia	681e7ab38938a40f6de6c0e7	Active	3️⃣Published🚀
rec7pFp7SM31mK7DT	Bravest	685b8a5954c1e04de60acd95	Active	3️⃣Published🚀
rec7pK0DZpUSnQ1mL	Soloframe	6541d3edeec0699901cf0479	Active	3️⃣Published🚀
rec7paeHw4beSzy2C	Phototaker	65fd350ea25c5fa6653262da	Active	3️⃣Published🚀
rec7qwec4nbHaUafI	AirEcho	668789f85ef93b21f7c663a2	Active	3️⃣Published🚀
rec7sAMBKof3qZUP7	Sunrise	67cb3628fb8b4c0f96ed2de9	Active	3️⃣Published🚀
rec7sLFuqks0fX4dW	Ezads	67d36041d6a6a06a2ae92d7c	Active	3️⃣Published🚀
rec7sb6DNDHdVQYqF	Book Landing Builder	65ca577f54702560616b9a8e	Active	3️⃣Published🚀
rec7t1BkCMgaWEF9x	Foster & Reeves	68c8176cd8f6b9ca291f2167	Active	3️⃣Published🚀
rec7t5uUKy29tg71U	Solflare	68e3d8d94496b95023238e1f	Active	3️⃣Published🚀
rec7tjutCWA4GmZxD	Ayana	689a22aaa706d27c79e5997d	Active	3️⃣Published🚀
rec7tkVl1wHRzj9rM	Crossfitmatter	5d0948933d6e1c6983a70679	Active	3️⃣Published🚀
rec7uC8I2XXdiPK1C	Beńk	6510793b53f43a1aac005926	Active	3️⃣Published🚀
rec7vRSXRpBB880D2	Scapia	68fa43ef1543c6358ce86f52	Active	3️⃣Published🚀
rec7vSmvoWenxkGIW	LittleSteps	6994abb1d01cdec62fcbd5f8	Active	3️⃣Published🚀
rec7vXNh9TkhqRNVz	Vclip	63c35fcb1a1415bba124c7d6	Active	3️⃣Published🚀
rec7wHaHG9vn69pWn	Zaiedu	64af70eb38da68a9feb178d3	Active	3️⃣Published🚀
rec7wdSy6FdZn1KCq	Vgencya	6526c30124182facf6ee6979	Active	3️⃣Published🚀
rec7xY4iKqm0dgiZQ	Fluxen	692df134ad7ccecd7a998c2a	Active	3️⃣Published🚀
rec7y5V0hOzU9w1aE	Gather	62e5aca8db35992dd5456830	Active	3️⃣Published🚀
rec7z7FFje5dw1jBT	Reykjavik	64493b6367399e68f3f9af8a	Active	3️⃣Published🚀
rec7zUwHYZ2FZljvs	Smiley	664e252d97ea9b93fc3c2c74	Active	3️⃣Published🚀
rec800SC77JRk3UAl	Ekvator	68a4b6b89409e31f52f03c51	Active	3️⃣Published🚀
rec80NR3XZ2UVghW9	Studiō	64b4a306676a8a5eb6baaaf1	Active	3️⃣Published🚀
rec80aupEiXQm11bT	Nexui	6978f20b2df4c869af103078	Active	3️⃣Published🚀
rec80cBBtKSfQbxTz	Quriss	6965205538ad55e3c81abf8e	Active	3️⃣Published🚀
rec80ns1GjS9cIOUs	Bella	5cb0cd2880f94079c2e6551f	Active	3️⃣Published🚀
rec80refE87m1HDXD	archiv	666f5e68624f220626b60b16	Active	3️⃣Published🚀
rec80t42PxdDK5v7K	DataDash	670706a564d23e1f9cb3dc50	Active	3️⃣Published🚀
rec80zTDUTxo35zeh	Saazio	6665471002dabf20071976c4	Active	3️⃣Published🚀
rec81h0UrDXzcFc4k	Swetzel	68e5923b30c4d7db0c2b165c	Active	3️⃣Published🚀
rec81jt54Rkihv1u3	Bright Beginnings Childcare	655283da7274054af5c450eb	Active	3️⃣Published🚀
rec81s0k9yAOb5V5d	NoBankYet	615f45af562eefa57d7aec7e	Active	3️⃣Published🚀
rec82HSPlLuk2hgAh	Tribune Blog	6674bbd177c17f22b2706248	Active	3️⃣Published🚀
rec82UmiiUSwId15E	Timex	64855fd53b845cf801b4b927	Active	3️⃣Published🚀
rec82iDFmVfVjB68o	Casho	67b10bd04d5f4dffdc52ad90	Active	3️⃣Published🚀
rec82sZyeZyHDwue5	Agentia Creativa	687dd826b7a61fed552c0d7e	Active	3️⃣Published🚀
rec83qfRXPslVsKcf	Crave	65eb99e8ba1303ca03537796	Active	3️⃣Published🚀
rec84br1j2aSCmllq	Nexro	69306933a6d88f45f04f7735	Active	3️⃣Published🚀
rec84eZzlZLaPUXuI	Distribution	657b8a597b5f2f23dbc59e41	Active	3️⃣Published🚀
rec85FhNLJcqfZu3s	Healtny 128 Archived val146fp	639ccbf5515851dce2b47b64	Archived	4️⃣Delisted☠️
rec86urIe07X4KntA	Lifelogx	695bed5a8170559ba1f47e1c	Active	3️⃣Published🚀
rec87ZGjX8a6guFRA	Essence Archived nc2i4cxn	61a9592c3ba972d3ab0ae219	Archived	4️⃣Delisted☠️
rec881IDAZh1P3yEC	Avenor	66f71392bafca2afab235792	Active	3️⃣Published🚀
rec88CFgptuFE77Fk	Relosia	696dab029d527f80b1dc0af4	Active	3️⃣Published🚀
rec88aDFK4iVijbxH	Talk Show	638a4e5c1e311ec19e8df286	Active	3️⃣Published🚀
rec88zNMQ6V7Um9WQ	Soulmark	68d169233e2ee32c842636a4	Active	3️⃣Published🚀
rec89HZpNCA8DF6JO	Kunst 128 Archived r48jirjy	623d04d73f70c5a1851b9aa7	Archived	4️⃣Delisted☠️
rec89TfX3R514vTHS	NexusSoft	669e9fc249fef65cf83962eb	Active	3️⃣Published🚀
rec8A0m7tQR4YU4JL	Zairity	689e8dae0c5eb1bee58579c7	Active	3️⃣Published🚀
rec8A25WAxlpyNNmU	Buskit	64db9766e87d7a04eb2e77d1	Active	3️⃣Published🚀
rec8AIU7IfGsnfc65	Arpeggio Archived aftmeg4m	695be9106301a4d13d17bdd3	Archived	4️⃣Delisted☠️
rec8AqLFCJglNeKhy	Simplify	665f223ce31550f88abd0ba6	Active	3️⃣Published🚀
rec8ArU930cf6Mu89	Ignivox	67e0992b008f1b81fd3e820d	Active	3️⃣Published🚀
rec8AvCNPGlsagZnu	Zaibizu	63b9e33015cbc7289c8357bc	Active	3️⃣Published🚀
rec8AxGJ5OB2DEj86	Strifex	66009e4858f2d38047f9724d	Active	3️⃣Published🚀
rec8Bv4InWh4NKU1m	Gentheri	68682f410e19f4887662fc76	Active	3️⃣Published🚀
rec8CGCyNR02KJBy8	Alex Portz	68a3a6e4d00725006362d6bb	Active	3️⃣Published🚀
rec8D6voGtpTqEa61	Webcolor	604054bc8a663ff85417a454	Active	3️⃣Published🚀
rec8D8k3PKn3JdG0o	SaaSful	5f9ff8bcb2282e31957596fd	Active	3️⃣Published🚀
rec8DV9RW14kJnGk3	Ageva	68cb9fd5ddda5e45037f117c	Active	3️⃣Published🚀
rec8DypJ1XPWjTfvg	Generative	661f8a6d90f4a57dba7adfd9	Active	3️⃣Published🚀
rec8EhZ7JEiAarPQN	Five	542483b5d903582652f06166	Active	3️⃣Published🚀
rec8FQpknK7BiZYrg	Sarasvvati	699661f8a49a41f193e07bf9	Active	3️⃣Published🚀
rec8FjIlQjPQwqJ5b	Storewave X	63402661d1a3290c3e63431b	Active	3️⃣Published🚀
rec8FmWP0b4XE8mqF	Movie	5d6c4340068031022892c43a	Active	3️⃣Published🚀
rec8FrJJ78O3gHQ4m	Arocen	661970a9fb4c60ec4425072e	Active	3️⃣Published🚀
rec8GHEA6CAT95YUX	Unisuite	68030a225461a3c8483dd484	Active	3️⃣Published🚀
rec8GWSUXwTHv9uoZ	Sociable	65259bf24e74dc353ed5ac37	Active	3️⃣Published🚀
rec8Gwi92AKeuUVOW	jotti	650c816d126425c9649d0b41	Active	3️⃣Published🚀
rec8H4bSJhsnSme79	DarkPorto Pro	6774269ac7f918a28c5fe24d	Active	3️⃣Published🚀
rec8HdgI62M9zf0Zs	SuperFolio	6036c0f2c21d922a724e5012	Active	3️⃣Published🚀
rec8HoTmKjgWXo9wz	Dark Studio	6646f278626528d5c6e31c87	Active	3️⃣Published🚀
rec8JQZfy6OmjIMJ3	Boldery	6774baf22c9285dbc7ef2ee6	Active	3️⃣Published🚀
rec8Jx57PkslfEOGD	Axyon	697d0be5a748b2754dc20853	Active	3️⃣Published🚀
rec8K7EbW4i9iJ7xV	NovaX	6613c02ad9064b50947eefd5	Active	3️⃣Published🚀
rec8K7Rj4I0FwhQVi	Leak	67d9ab6c4022b6e9cd3f05c6	Active	3️⃣Published🚀
rec8KGNCi5nfEowyl	Eric Waller	65567ed449b323da91a0f4aa	Active	3️⃣Published🚀
rec8KLZLWLFHjVbWj	Tracle	696e628386267f315ed7fe41	Active	3️⃣Published🚀
rec8Kha7Ym0n0ckJZ	PhysioFlow	696514f6d741658f0baa7495	Active	3️⃣Published🚀
rec8Kk0Ewmq2OU9eR	FTS - Freight Transportation Services	6760e11ca38eb9ce411ee645	Active	3️⃣Published🚀
rec8KuCIzCONVdy4y	Blogos	5e9e05d78b780010e44211e0	Active	3️⃣Published🚀
rec8LCjme5lF9l0Zd	Byrå (IT)	61947b232be1274549846ad9	Active	3️⃣Published🚀
rec8MF6jyR9NLOAjV	SkyRocket	65c68f14f4a403e61abdf521	Active	3️⃣Published🚀
rec8MxdLtHXjGx0I0	Dashly X	62d8d404c1ef5ce9854685fa	Active	3️⃣Published🚀
rec8NSBhiu0bWbUva	Glopay	68f0c59da41923235aad08a8	Active	3️⃣Published🚀
rec8O83kALmLXmCTd	Nonise	692dc2ffceae8a9e10ff33d7	Active	3️⃣Published🚀
rec8OCzGfWSAjHFBr	Dynna	68955a4829fe0f89d1bab765	Active	3️⃣Published🚀
rec8OV3TuHABMHkKO	Fresh Market	658f05dcb26b11084f215701		3️⃣Published🚀
rec8OfiHHp7ReKU8C	Frequency M	636bcd7fa9cee17541146280	Active	3️⃣Published🚀
rec8OrF3Y0YldBvCt	Nuvo Archived aywtyb9s	554a3d5fabf193924ca3c95d	Archived	4️⃣Delisted☠️
rec8Owkl8X8pZyVa7	vistahaven	67a952980c5becb6b51595bd	Active	3️⃣Published🚀
rec8OxOuYJTC1R6EK	Altuz	67f55620246bc7422cf52406	Active	3️⃣Published🚀
rec8PKHhisjX2t6VV	Argen	64d6498f1a3a08d8bfb0be17	Active	3️⃣Published🚀
rec8Q6biT6mS386EY	Aspire Archived 7gcc73m1	606a95b01cff2c5ff1f0bf4e	Archived	4️⃣Delisted☠️
rec8QKuFsQMmsolYi	Hibiki	686098f6399a0e4fdcb8984a	Active	3️⃣Published🚀
rec8RHA87SmfXpFie	Smoov	67aa6f0ed1fe2a1956c3503c	Active	3️⃣Published🚀
rec8RdTeX8rmL1mTb	Bobs	619597da7824df62c80e5ee6	Active	3️⃣Published🚀
rec8SOlsvAOvHbOHm	Insuria	695dd8ff5f432116f058a522	Active	3️⃣Published🚀
rec8SXCr36YqPm03l	Navis	67cf29ab1a3fb9cbf8dea5d1	Active	3️⃣Published🚀
rec8TgQM4V1RUZxJi	Singer 128	651ae23749b451b3a30e028e	Active	3️⃣Published🚀
rec8UE5nGEYf3zNj1	Neuraflow	6806c96899f96a5120ca1e0d	Active	3️⃣Published🚀
rec8UsUcUqSnasbPY	GlobalTruck Industry	67c801583113abd611b05b00	Active	3️⃣Published🚀
rec8V15ASiViqvPAk	Confy	5e83c1b3a94c531baea04e62	Active	3️⃣Published🚀
rec8V6vUW7BPR6wLr	Turkana	623d076418b089ce7107879c	Active	3️⃣Published🚀
rec8VsCorwIANZcUE	Movento	690bd3fb8467df9c70e9027f	Active	3️⃣Published🚀
rec8W0hjpMGWSXwst	EnterpriseLink	6564b7d5dc4f590093ae1c0e	Active	3️⃣Published🚀
rec8W9o1tylN9zTo5	Motorcycle 128	64dce0e6cad785f3d7af9a95	Active	3️⃣Published🚀
rec8WZBvasNORMD1t	CopyWriter	66db4d8790d790c25e7a4971	Active	3️⃣Published🚀
rec8Wmp8xcCdoiIS4	Twelve	61e884640b37a8c27a28c6d0	Active	3️⃣Published🚀
rec8XYrM3u82C5C1K	1833 Studio	6778d095afc0ef4f9d78b8e9	Active	3️⃣Published🚀
rec8XpGw663M5Zjmh	UnityX	678d154b0292451ca9228385	Active	3️⃣Published🚀
rec8YCxB232aD4TwY	Flowbite	65e906f0f3cabdc9f15321b2	Active	3️⃣Published🚀
rec8YHr1VanMhiUh9	Nubo	6960ab2b5c0317d8bc9eac3a	Active	3️⃣Published🚀
rec8Yie1Ya73AOp0G	Rae	66ba8460018f0a14b2080398	Active	3️⃣Published🚀
rec8Yxvf7qeT0YbXd	Sirene	6940c483f16baeccce2c0ce1	Active	3️⃣Published🚀
rec8ZRWRlecg7axZ5	Pulse	657cceb51cbe7e9f27f363ab		3️⃣Published🚀
rec8ZWbcayNJwZxjD	Medifye	67bc948ca056e1cf2b6c8953	Active	3️⃣Published🚀
rec8a1tF0iMoJ78OZ	FWD Archived wqml75qa	6584b0893a42089204a3303f	Archived	4️⃣Delisted☠️
rec8a38X78mawunYr	Delab	66ef4f8bdf9d4c640393c461	Active	3️⃣Published🚀
rec8aYedZCh4x9mEc	Name	649ef350eef6592c129458ef	Active	3️⃣Published🚀
rec8bEdnlFFthrvhy	Finnest	622a27fc1e19ab090ef0796e	Active	3️⃣Published🚀
rec8bEmeioo8q1FPm	Jack's Folio	64ab96b5304942f119055929	Active	3️⃣Published🚀
rec8bWPr2RdADvP0b	Imagen	66617da0a29f480c4087b2ac	Active	3️⃣Published🚀
rec8c5kuXvLKbaUC0	NFTZAI	6254d5d1ae040b6e12db7932	Active	3️⃣Published🚀
rec8cYtIuVWSx69Ez	Jorsa	6847aa5f5994b13830d99635	Active	3️⃣Published🚀
rec8cZJs7ndNxMvDn	Zenithox	666cd81f98332c1878073cfc	Active	3️⃣Published🚀
rec8cs7oQ712Efjkg	Neuage	686c4b5a8266a79a472cb66c	Active	3️⃣Published🚀
rec8cydZZPdWKEnyN	Nogency	65c3c8adec971bd561b1aba9	Active	3️⃣Published🚀
rec8dKDEQpwVCbzIB	Monra	698ea6d6995127e29dd70132	Active	3️⃣Published🚀
rec8dcXjSznCcXp0r	Zyforia	6978fe18ab661f5ad11040e8	Active	3️⃣Published🚀
rec8doFgWiZb8jlje	Bankpro	66b7a46ae63e989b8d1f4ee3	Active	3️⃣Published🚀
rec8f2SuAUpA0TVOq	Fluxify	65b10be0b4b671ebfe40dd70	Active	3️⃣Published🚀
rec8fDbGzzY433fLY	Prospera	66198a67f953f8a4d99260cf	Active	3️⃣Published🚀
rec8fLitIuby1Ghd7	Techiofy	6724ddcba31c707477a4cd14	Active	3️⃣Published🚀
rec8fc376mJfKMXiB	Kofo	63402e75e7b52a6a02d0376d	Active	3️⃣Published🚀
rec8fqtW195i87xzx	Rbn	665a36dd346cee055160bfd2	Active	3️⃣Published🚀
rec8gO6BMQGKq8G5v	DineNest	66f2cfdc840fe4119c2eebf2	Active	3️⃣Published🚀
rec8gn71ka1AWcAbB	Bauform	67aa06911e2e801d56992ef4	Active	3️⃣Published🚀
rec8hGvbDU97xxqG2	Bent	64909462b90ffbcead723d79	Active	3️⃣Published🚀
rec8hHYsDdkpXzBSK	DoWhith	664231d7aed835d5ba56e568	Active	3️⃣Published🚀
rec8iDIoWTW7jK5sR	Raise	63dc7c869589a84476e4934e	Active	3️⃣Published🚀
rec8iiNmUUL4l24BL	Rokvi	66b50a7236f880c270820361	Active	3️⃣Published🚀
rec8ipND2islvnPZM	CollabFlow TNC	659eb7fb2bb47ee3ee6de37d	Active	3️⃣Published🚀
rec8iqNlNvsUNmWVA	AndorDev	63cab84dcbc17bde6a268967	Active	3️⃣Published🚀
rec8iuQ9sc7gzIvAw	YTDH Archived xzak6f36	660252b694125228b29b10d6	Archived	4️⃣Delisted☠️
rec8j29KcAhDSr3z7	Bisfer	683cca9cc3930e093b1247a8	Active	3️⃣Published🚀
rec8j8yixOa98JifR	Confrix	603ee688e5788c8302ad1e3b	Active	3️⃣Published🚀
rec8k0IhmvK0tX4mK	SellEasy	63e11c68fb6761360f5b1d80	Active	3️⃣Published🚀
rec8kCgEnpGEOjBB6	Autivio	678d395c0292451ca922d321	Active	3️⃣Published🚀
rec8kbLfdmb8FSUbh	Uriap	648860fddd9f67a6c7f77dd7	Active	3️⃣Published🚀
rec8kkQbWtMstgH0c	Soaply	6334ea608ff88b1950d167d5	Active	3️⃣Published🚀
rec8lKP8xxcwAAuHV	CreativeMinds	606b64c427580619cb01089f	Active	3️⃣Published🚀
rec8lrWK60XZGRVLW	Aura Fram	691be06e3c2eb778e2a608c0	Active	3️⃣Published🚀
rec8lthaVikgrRh21	Yoga Plus	65492da098261b9aedd3c208	Active	3️⃣Published🚀
rec8m37kJ0ELnabHz	Olivia	6313cb2f7abad86044f2ff63	Active	3️⃣Published🚀
rec8mAh18MhXlHRuJ	Interior TNC	66258e9e3e3abfceb74852e1	Active	3️⃣Published🚀
rec8mgmGs5Chb2bFC	Netzy	67452593982d0763ba97756b	Active	3️⃣Published🚀
rec8mt3xDwLCzB6QB	Someday	62e5b8a4df58574dbbbf6cf7	Active	3️⃣Published🚀
rec8nNs8JOqjg63CT	Eilex	6830eba6f56afefb789656ad	Active	3️⃣Published🚀
rec8nPs4NM8QCGrO1	CloudHub Archived 08ja3ygj	65cc3a62398f0f3e1757a3be	Archived	4️⃣Delisted☠️
rec8nYYyf9RLn5dnY	Eclipse	640a0d14c826603e9b5ad6c7	Active	3️⃣Published🚀
rec8oFHjjOnbsm0ef	Noize 128 Plus	65ef7c498d4f23e3680e106d	Active	3️⃣Published🚀
rec8oQ776gvcRdErq	KeyWord	6625a52205e195163f652e2a	Active	3️⃣Published🚀
rec8ozoBWC8eLGnNJ	Potterinop	66156efbd8f2ba50300e08e6	Active	3️⃣Published🚀
rec8pJkJDWHYviyWp	Alterx	6941b55f4322d2658b0f47f4	Active	3️⃣Published🚀
rec8pzWGodE0CEnKo	Studioo	66feaf1b91a7319cfd2d1d60	Active	3️⃣Published🚀
rec8qF4Sw1n2WPgii	Plinth	681ba14438d45c2ddc501452	Active	3️⃣Published🚀
rec8qSGS67u2fhyQi	SkyVistral	67299e94f3babf933f41ac37	Active	3️⃣Published🚀
rec8rQ0UYsU1XqK6C	AirExploreX	6491f9ef5a592072358c9366	Active	3️⃣Published🚀
rec8rXDQ7mIeT8itP	Restinn	67a24855dd60c82cb73be006	Active	3️⃣Published🚀
rec8s4UFuJPp9tpNp	Bucefal	637709f6b7a79624fb40467a	Active	3️⃣Published🚀
rec8s7RdEuSodUKqH	Zaicipal	65716c7199ed24bc4bcf9a5a		3️⃣Published🚀
rec8tUbruPLGaYWxh	Zuno	68103c1196794bf8b54a1a68	Active	3️⃣Published🚀
rec8tWS54UIOntOXd	Unorks	67982c5ee5db537d8eb96482	Active	3️⃣Published🚀
rec8tfiO0KLVFXBdj	Haakon	6330e389e239129a37e23ca2	Active	3️⃣Published🚀
rec8tlzmirUthLNEq	Nerova	696d94359d527f80b1da621d	Active	3️⃣Published🚀
rec8uI9EEMzTYCqFp	Photy	619593d5d02241465238fd09	Active	3️⃣Published🚀
rec8uUDILyzwkVJGd	Laboratory X	6683ff41c7f5f7afa47cbf04	Active	3️⃣Published🚀
rec8uzzXaXfto5LEZ	Medic 128	63770c9948814a41466be75b	Active	3️⃣Published🚀
rec8v4L7Y8aShE1tN	Ambient	679d668afea68aaa6dbc9306	Active	3️⃣Published🚀
rec8v8VYAImYGPaW6	Verona	665d288ccdc68bb0cdb7853b	Active	3️⃣Published🚀
rec8vgvw4FhkTrSRN	Munchen	644142fd235bcf0a2cdecce2	Active	3️⃣Published🚀
rec8vpfdnd2GLHp7O	Nexilo	68c1a75726fca361ce19248d	Active	3️⃣Published🚀
rec8vxHzopcWeidPG	Wegency	64c7fa612bb951d0e1c79961	Active	3️⃣Published🚀
rec8wQkanC0WlpVsa	DSignFlow	6731b09816bc45a33458dae7	Active	3️⃣Published🚀
rec8wWcG2KLYqq0b9	Bryant	61e88ce09ac228c75b720c7e	Active	3️⃣Published🚀
rec8wfUSNqFg3ifU8	Liftline	68914d2a98fd27a7c2f65b30	Active	3️⃣Published🚀
rec8wiQ8y7mAM2tGI	Athen	6479f5ddfa8c6d06be48a6dc	Active	3️⃣Published🚀
rec8wvWGGlFkhpxoS	Tolio	65947c59f28cf3ea8fa99638		3️⃣Published🚀
rec8xITusr2kJNo0O	Pawfect	6931b4445ff4a1f4174ded1f	Active	3️⃣Published🚀
rec8xYlzR0a0BsqCu	Oxford	67aa65d0a4e50742817c9fff	Active	3️⃣Published🚀
rec8xorD2tSUAb8IE	LionEdge Archived jsyksadu	66d683a004c528b9104bd72c	Archived	4️⃣Delisted☠️
rec8yCzbkkU4x5vJx	Lana	5efa541ccbf3555ec4786019	Active	3️⃣Published🚀
rec8z0GfVTGKbb5bn	Elysium Jets	66a8fcb951e5837253408e78	Active	3️⃣Published🚀
rec8zbs9Hmz1PIXuo	CoinSaver	66a5f4883cd4756ecea5d90b	Active	3️⃣Published🚀
rec911O76c9AEpUSG	Orting	6386c80df2750261f688930a	Active	3️⃣Published🚀
rec91Uj2N4CmpHk4h	Snaxx	696e800ca0a7cfaf5675f08e	Active	3️⃣Published🚀
rec91ZxzHqJ0EPIjN	Terix	66f0cc863ecc8f9caae61316	Active	3️⃣Published🚀
rec91em9iCK7DedKW	Nolyta	684075d657e9e1f71accb51e	Active	3️⃣Published🚀
rec91hkkZWrH28Pnf	Manor	68eef2b9c6f999fcddf0325e	Active	3️⃣Published🚀
rec91k6ChiGv3HGjp	Muma	5c093d097fe1662dd330eac9	Active	3️⃣Published🚀
rec91roiGfD22Fm7j	Opalhaus	68a8016377d0ec3e1e9f723e	Active	3️⃣Published🚀
rec91sCzYoeLTlut2	Diary Dark TNC	6620d8c0b99ee03c54999ff9	Active	3️⃣Published🚀
rec91ytztpP6JKDsp	Scriber	699671a0826914303bbe4dbb	Active	3️⃣Published🚀
rec928GRI5N6hof6d	Montreal	65047f046fc58c2c0c900188	Active	3️⃣Published🚀
rec92PvxQeSYPp67D	Flowtemp	6608692c41ada2e2cf514638	Active	3️⃣Published🚀
rec93n0BRN3HBulGc	Magnolia	64b5a58c4d1bff10579b2864	Active	3️⃣Published🚀
rec943Y4mHVdLc64M	Taskopia	6931bf0fcad00d14c4b3545d	Active	3️⃣Published🚀
rec946xmCGs4Dbqn6	Shiny	6682c084821902ce753cc627	Active	3️⃣Published🚀
rec94Mcuel4YYgrcG	Loog	62322a6b9be736d117050010	Active	3️⃣Published🚀
rec94VP4KgekGvdDW	Market Funnel	65f872751ad9eb86b3923f2c	Active	3️⃣Published🚀
rec94bnu7ucPxaKWh	Colourless	66bd36caa7051df1186ef30f	Active	3️⃣Published🚀
rec94cyT5KdTXOYj4	Contour	67dc618b76af4e1f8a9513d8	Active	3️⃣Published🚀
rec94kpXmNGKYAYoG	Ohrid	68d16c0467c644a620505386	Active	3️⃣Published🚀
rec94toIvEJoE2JaN	M.Smith	68fbd53f1b0a1c513d5f7c68	Active	3️⃣Published🚀
rec95RAwhoziknzez	YOGO	67512fd4621211a02d40682d	Active	3️⃣Published🚀
rec95Z7Rq5Q8nFHjK	Xinova Archived v04olk05	5395db9e38947f542cc4b276	Draft	4️⃣Delisted☠️
rec95yWDH85KmH5z2	Ronan	653b3decdbbbec14325323e3	Active	3️⃣Published🚀
rec961JawkBt01r5Q	Vistario	6938778177ab4cf5be7dacbd	Active	3️⃣Published🚀
rec969oRjAgZJFrmd	Elevate B2B	674de144992c63180e4ba954	Active	3️⃣Published🚀
rec96VuDeNJjyjtVa	Commodus	612ea60e6664873e4b3484b8	Active	3️⃣Published🚀
rec96ei6XRBUK0LUw	Sacramento	664e225de5940b76cd08378c	Active	3️⃣Published🚀
rec96l8i9Szxem1q6	Bezone	66e4343de92f22c1d0bf518b	Active	3️⃣Published🚀
rec97ku206HooMkLl	Sasslo	66fd0bbbeb66900815edafd3	Active	3️⃣Published🚀
rec99ZYcTpj9HDsbW	WARP	68840ce4924293615e259e20	Active	3️⃣Published🚀
rec99bQpeAepSmYKE	Naxo	692f73a9b2277b23e6f1168f	Active	3️⃣Published🚀
rec99hhcoiNwS1i17	Analogue	611ea9639874b34480e662c7	Active	3️⃣Published🚀
rec99pGliDkVnv4NX	Unveil X	6679145bf0a36ef3d40365c3	Active	3️⃣Published🚀
rec99u2zOXANpWzKY	SoftDevs	672deef09b4a2f803239f98d	Active	3️⃣Published🚀
rec9AfTM7lgYfjS1S	Motorflow	67a591034e8dcc268cb01ad0	Active	3️⃣Published🚀
rec9AupnYhfgKqGr5	Owen	65a0777c64dd7b80818b0b9a		3️⃣Published🚀
rec9B8tg6TvHsDZ8u	Raia Collins Archived vcdj4wrq	68e4f26034c8e6d415e3ac58	Archived	4️⃣Delisted☠️
rec9BVrHB2Xuw2pUt	Renoria	698cd7e941a866bacc7341c7	Active	3️⃣Published🚀
rec9BrApCt8aLxWTS	Talsa	6798f9cddf8369a250e80bf4	Active	3️⃣Published🚀
rec9C62OzYg2bvJvj	Agnce	66c908283c134d7a8fbeeb91	Active	3️⃣Published🚀
rec9CpnlZA5xnJm9a	Rela Archived bjoitfks	61e0afa4f697ce1415587c27	Archived	4️⃣Delisted☠️
rec9D5qHEVd0aOAdq	Fazora	68e3c0f46c18e03ca0d63372	Active	3️⃣Published🚀
rec9DXGWRNmSYv9KN	Builder W	65a03e52fa0c3a435324d5c3		3️⃣Published🚀
rec9DbT6fhrZlQi8o	ParaDox	65de6db7ba86fdd0c2f909eb	Active	3️⃣Published🚀
rec9DiN1J7BmcLc5t	Wires	6933925dee358f91bd9d7276	Active	3️⃣Published🚀
rec9DtisWP2Er46kw	Alvana Chatbot	6835cee7368f15d1ddc6db7d	Active	3️⃣Published🚀
rec9EDBOxWFjBfwvJ	Bixol	61255b40db0de1c772ad0ba2	Active	3️⃣Published🚀
rec9EG0W9EBdXzZF6	Astro	65b13fec2680b912f552a44c	Active	3️⃣Published🚀
rec9EiPVxHLJYtl8G	Alex Kreed	661ccbb70a986e0921d50006	Active	3️⃣Published🚀
rec9EzL4CxPaFxR49	Travigo	63b04da8ea6dbc4349dcd853	Active	3️⃣Published🚀
rec9F4bnXNqUBp4M0	Carlos	655f8b3b7c58fa91bb63b9d5	Active	3️⃣Published🚀
rec9FBdeZ3e4iacuo	Faang	63bc39e9a9e9f2349bbc44bf	Active	3️⃣Published🚀
rec9GAUxe1HfZNUXT	Palette	65ca302e576fdde32dfd0fe0	Active	3️⃣Published🚀
rec9IO6eg1OCXgtns	Inception	659d5e6b85bdccac5ef75926	Active	3️⃣Published🚀
rec9IQZbBoXLZDJHU	Solaris	644f8554afe8eee132088233	Active	3️⃣Published🚀
rec9IfUx6uZcnD1BK	Lone Pine	6742457e51c3b171a3914de4	Active	3️⃣Published🚀
rec9JOoChnDg0bSeD	Hoomlang	6858385ffc4eaf5ee15fd777	Active	3️⃣Published🚀
rec9JXgTEdr9iB3VJ	Fylla	63b048676c21e65fbbf90d30	Active	3️⃣Published🚀
rec9Jn4QaSDruRYS1	DarkFlow	6578e0e0fea51ea7c059d1d6	Active	3️⃣Published🚀
rec9KM6LIeSsERjey	Blueprint Studio	669a9c96eecab2743fa785ab	Active	3️⃣Published🚀
rec9KePOyJdD1Ii2u	MedicApp X	61e0ab01a1c9b77160d8dd14	Active	3️⃣Published🚀
rec9L56FDpJhRqA0g	MinimalFolio	6267138f85dd7656df190131	Active	3️⃣Published🚀
rec9LHMImUiVhXwrr	CrypTopin	6329efad7b6c9281ea18a4fb	Active	3️⃣Published🚀
rec9LKnaUBulPfXX9	Lumira	692dcfe1bac507dad17df18a	Active	3️⃣Published🚀
rec9LeDRuc0hN9bE7	Better Talent	66478bbe83f81e99112317dc	Active	3️⃣Published🚀
rec9LidfX96dzNM9C	Pholens	663894e1f9b166369087db96	Active	3️⃣Published🚀
rec9LyssQsyWJTXqV	Promethix	677d76ea2c46c2da4f6ede11	Active	3️⃣Published🚀
rec9M3Aqc3eWfm7y7	Fintora	68b72531296abf25b995f37c	Active	3️⃣Published🚀
rec9M57Hv399C4yhX	Care	5f58fa7af51c4906ea45d1d4	Active	3️⃣Published🚀
rec9MXNr18Uj3rWLi	Graphixs	679da4c5312e2c69f2f41418	Active	3️⃣Published🚀
rec9MonMfToLkafgh	Placeholder	64f55f266e20f190be588278	Active	3️⃣Published🚀
rec9N7usw5Km8AVJb	Digdaya	/templates/html/digdaya-website-template	Active	3️⃣Published🚀
rec9Nm9oSaNsRX47u	ScaleUp	669073720e8d4d0582bec616	Active	3️⃣Published🚀
rec9O25acQfjNSlkX	Nimble X	668dc3fc56f57f25301e092d	Active	3️⃣Published🚀
rec9OUhmXYeEc0hfv	Oldage	693c324f7b251cb5060c16a8	Active	3️⃣Published🚀
rec9P3jU7hudRazRh	Fern	6750de2476edc95145115568	Active	3️⃣Published🚀
rec9POFmCodO0u5Cv	MedCare	660c70cbf7a54b20cccd943c	Active	3️⃣Published🚀
rec9Q0Cnc4Jd65sNM	Brickstone	68f08c4607221f6b1a4e7311	Active	3️⃣Published🚀
rec9QP9kXSUBUl1dS	Louisa	65b93b3bbe8d04ef082a5c09	Active	3️⃣Published🚀
rec9QRHWryRXFrNZV	Swimming Pool 128	665f2618f7cd4bc55a4a30ef	Active	3️⃣Published🚀
rec9Qq0pVK0FmUIrj	Hepar	673aa7bd8783fc08be56aa42	Active	3️⃣Published🚀
rec9Qv47zUPKi0IQ0	Zeryna	69333ba595d756a13c2c1013	Active	3️⃣Published🚀
rec9R002Lkmac0fsa	Kippa	656618291c7b81419414ed05	Active	3️⃣Published🚀
rec9R7KoMmgaLOfQx	Xova	656128d3b0748ff4743ae335	Active	3️⃣Published🚀
rec9RHEpCVoJSjXdo	Psychology	63da8b8638158c8452b796d4	Active	3️⃣Published🚀
rec9SLImDyMJBwy1u	Dentalist	67a940b809fa7c20d7335939	Active	3️⃣Published🚀
rec9SXlTuzD5ED0V0	Builder TNC	65d91e90efb4a94877b9cf7d	Active	3️⃣Published🚀
rec9SYUbL2LPbCD9H	Vertad	5f96c584b1ea7f2bf3dc9a64	Active	3️⃣Published🚀
rec9TDaPFqUNUKXOi	Boulder	687efb3db3947c5932991792	Active	3️⃣Published🚀
rec9TnNNCUSyHB6DM	HappyCoaching	62015e00c16d22957196b043	Active	3️⃣Published🚀
rec9UInYUZJOVJgo5	Savory	656127a6f64c23cdfa797edc	Active	3️⃣Published🚀
rec9VQtOeD62yBnF0	Photographa	65c68a72cfd914b09b44c562	Active	3️⃣Published🚀
rec9VRDL6OFnkho0R	Pixelflow X	67f54ea51ebbc5263fa1d5a4	Active	3️⃣Published🚀
rec9VcUISC7JJcCcT	Monovo	682cf1a531648e55dbad055a	Active	3️⃣Published🚀
rec9VjmsRgaaCeQx6	Payfix	68757a18417edbc7db831c12	Active	3️⃣Published🚀
rec9W0IxmtdAKqF3m	Wizmo	667efc8b72aef6b8f5bb9b86	Active	3️⃣Published🚀
rec9WcoDksPRPa9vU	Veyra	697152cb0fc485a2fc6a2c39	Active	3️⃣Published🚀
rec9WgT9g2NC2rDUL	Mindful	6450ebf15d4bb2c5645edea2	Active	3️⃣Published🚀
rec9XDiJMz6leT9yO	Naura	60d5261206f5782812e3212e	Active	3️⃣Published🚀
rec9XvSrATYWoZhEc	Flexi	649e0af876c899006d6e8731	Active	3️⃣Published🚀
rec9Yds0ONHgEVohL	NextGreen	65a599cb4024392de675bba6		3️⃣Published🚀
rec9YtHxa9edI49tT	Climbr	6979030891a65a19567367bb	Active	3️⃣Published🚀
rec9YzLsVgvyS5f1d	Relay	6875ec9c0fd01e296f1c95cd	Active	3️⃣Published🚀
rec9bNcgw9eh3VxXk	Architecture X	61033b9aa889c50ddad63a52	Active	3️⃣Published🚀
rec9bSbKgml8kdf6n	Trivvo	6813e9ef5a9726020d802736	Active	3️⃣Published🚀
rec9bYdswLYxUOc8f	Calipso	5cee91a5f0e08874e3238522	Active	3️⃣Published🚀
rec9c4ARhDxJDF7XU	Bremen	66a8fdb95ec2f3dcb511a8f1	Active	3️⃣Published🚀
rec9cJIIwuVfC1VhE	Bogota	658f3350007bdd67e3f2b539	Active	3️⃣Published🚀
rec9cbkeEpCcIY1el	Flores J+	63c360c7d3e27e5a8b98e469	Active	3️⃣Published🚀
rec9cx5WYGXZinTvD	Financio X	66c5245d2732ecabb176958b	Active	3️⃣Published🚀
rec9cxy5UuZcyNAoO	Quantive Group	673c88327a2fa521465a89e8	Active	3️⃣Published🚀
rec9d1zGiDuauar7P	Truvix	6810025a7ba8bdaaa982712d	Active	3️⃣Published🚀
rec9dKJZvE5Ti4849	Trondheim	6564b3e49ea6c55bcc65cb5a	Active	3️⃣Published🚀
rec9dUCUyX0sLiL2u	Magoz	6666eaa3ab8a677b739556a0	Active	3️⃣Published🚀
rec9db9XXPflTp05g	NFTcity	6227d0b299673c22bc277840	Active	3️⃣Published🚀
rec9dggy9nWVJHTSN	Sonixa	68433b29aa2c88a0f22f0477	Active	3️⃣Published🚀
rec9dmNvy7kn7wTx6	ConductLite	66a0cfbe3defe6dfd21bf2ae	Active	3️⃣Published🚀
rec9dtJo3VmCCXnrF	Syncro	66b39f1fea47e1727cf3b3f2	Active	3️⃣Published🚀
rec9eBXGTfaIsF2f4	Intelliscope	6726f33b5452fe782743d499	Active	3️⃣Published🚀
rec9ehRjDrmSsEVO7	Karcare	66b3022451916d8b30ca69b9	Active	3️⃣Published🚀
rec9emDwk3eRcpP4j	Musk (DE)	6148f8162e78d12cf2702fcd	Active	3️⃣Published🚀
rec9flKRKUtzCG27J	The Cheese Club 1	66f84873bae4fed7d5e030ff	Active	3️⃣Published🚀
rec9fm704n08jhrY1	Costafolio	63e29e138644617c8a288f94	Active	3️⃣Published🚀
rec9fwrRTrlxOxEZO	Portco	674524885c5f565f189b2182	Active	3️⃣Published🚀
rec9g62eVcAfMSrPb	Matrixx	6570f7e2edd1a5002548a4ce	Active	3️⃣Published🚀
rec9gP0z0cDsvttKy	Dishora	69751ead385bec2cccc51e0b	Active	3️⃣Published🚀
rec9gebE90zf7YRVB	Zenvira	69900d908345863d37d6af47	Active	3️⃣Published🚀
rec9h5WIKitlHn55p	Projectile	6279d7980739522b68651884	Active	3️⃣Published🚀
rec9iB16u9JdhtmmM	Vetimi	606a972b86b1f2810ac5d691	Active	3️⃣Published🚀
rec9idSbFHJLL1mzU	Deqor	65f9ffd2d7c935e5d330a84a	Active	3️⃣Published🚀
rec9j3KHY8MQlrZ9H	LetterX	6658944b03421a33609d7956	Active	3️⃣Published🚀
rec9jAMriWvEOvEDv	Revana	685d9f721f619d2bf3c62e71	Active	3️⃣Published🚀
rec9jes2JRqhigy1C	Gemfit	6711622f65f559a0642d8457	Active	3️⃣Published🚀
rec9kX7Q7n9GFtZrM	Zipo	6850ceff57273b36d0ff5e5b	Active	3️⃣Published🚀
rec9kYp8ru4hqh4kq	Taskxio	665893caa9defb701d816106	Active	3️⃣Published🚀
rec9kiFKEM8j4pEDC	Cleanflow	679a5718a42eb4d2bfff9f2e	Active	3️⃣Published🚀
rec9kwmnOlNShfPSV	Costafolio (Dark)	6446bbe21df34768218bc03d	Active	3️⃣Published🚀
rec9lGnyunq4uKiZS	Livinor	6986bfe5b467242ee4c91a1c	Active	3️⃣Published🚀
rec9lbkSpr4NPKnt2	Curator	68ed4ca0785cae344638eec0	Active	3️⃣Published🚀
rec9lpzV38Zg33V9o	Summer Festivity 128	66341cbc230ba3aeaba17fdb	Active	3️⃣Published🚀
rec9m2tyj9Iz4Ttcp	Agencia	5f21c848a0c64be38b8f6cec	Active	3️⃣Published🚀
rec9m4Qug3CQf9KHQ	Edufun	664cc497d8368c7994f6d64c	Active	3️⃣Published🚀
rec9mGuLKgos26YRI	Kroma Studio	672c44c1a98984f0d961e2f1	Active	3️⃣Published🚀
rec9mVZd8S457tZrQ	Curemed 128	64ff2ccdd76a130794e1123a	Active	3️⃣Published🚀
rec9nApBUNGweJh4F	88settle	60ada24f83d37cc3bfebc711	Active	3️⃣Published🚀
rec9otxoC6M9ylIWc	Shadows	650c80be8f40bc3aa3c2df22	Active	3️⃣Published🚀
rec9pHEDUtio4RTNO	Flowpress	67339d8c6d28f61f60f2b52d	Active	3️⃣Published🚀
rec9pLzUVw62CW7kn	Specifics Team Archived cylgvcyo	62e9e9438543205024f2c35c	Archived	4️⃣Delisted☠️
rec9pQLXM856POKQD	beWellfed	630e421b393ddc3b16d9625a	Active	3️⃣Published🚀
rec9peky8rhaCCoTc	Daily 128	64948f18f9e957dbecaf497f	Active	3️⃣Published🚀
rec9pthdq86tJvWMv	Realtor	57c4b0d5d83d9bd456920586	Active	3️⃣Published🚀
rec9qL2Fb0kUAJeI2	Devco	63ff5bd9e2d87715e1801335	Active	3️⃣Published🚀
rec9qXSyl3GWUePqM	Dyxor	68bf8c456c9976ddb5fc6867	Active	3️⃣Published🚀
rec9qhP89TANGozRe	Healingpath	66c5fc4f3afddfa9511b57de	Active	3️⃣Published🚀
rec9rLA8wFjqOIsl6	The Pizzeria	63a5d4205af7b91739639da6	Active	3️⃣Published🚀
rec9rOwUmgxMoDQ8C	StudioM	6863fb927a93e82f9d8473a7	Active	3️⃣Published🚀
rec9rVBUX6JImcLbL	Lioflow	683939344314f866b0d09616	Active	3️⃣Published🚀
rec9rakb8Piyiy0BS	Soconsulto	67243693ddc70d3f3ff544ec	Active	3️⃣Published🚀
rec9rg6hqaaSK4CZX	Quadkom	661963291fcc1a65a305fac3	Active	3️⃣Published🚀
rec9sIPlvZPEE7Jjq	Resorrt	66df35090b778a3e6e70e4bb	Active	3️⃣Published🚀
rec9sLzdMDcqglPQF	DentiCare	6132a8afd969e74acbc07668	Active	3️⃣Published🚀
rec9sfUnji2gMzG8T	Technology	6070dd91206a0825c9da816e	Active	3️⃣Published🚀
rec9sqSstuYlXD6Gv	Agenzi	6780b0b579ac59b27870cbbe	Active	3️⃣Published🚀
rec9t8sgU69YUEoea	Daysun	6852dbfc2661bd0a753f5a0e	Active	3️⃣Published🚀
rec9tQxY4FLkpOAGa	The Spaces	65cb6d763b112df9eca6c13f	Active	3️⃣Published🚀
rec9tk8THXuM42rBB	Startlab	64fb5a3cfc5b0159db4dad6e	Active	3️⃣Published🚀
rec9uVco6O9BrwvEg	VR X	6683ffb3f0929fdbde9db975	Active	3️⃣Published🚀
rec9ud76MNP8cWeAo	Indigo	644f86a3ae089028806d80cb	Active	3️⃣Published🚀
rec9uh48AWXfNuA6X	Tirana	6578d3f797cbfcbfd5f3a777		3️⃣Published🚀
rec9uj1muoFzb97c8	Eco Lite	66197489fce54a09115fae6e	Active	3️⃣Published🚀
rec9v8HTJwZu9Nedj	Smilefolio	65fd0433166e6337e17ea90b	Active	3️⃣Published🚀
rec9vG62RPw1y8XhB	Consult Ai Lite	67336dfa9bdad02f9bd60178	Active	3️⃣Published🚀
rec9vr3H2D9Rzr7Qw	Envana	694f7ca5d5d9e96efbddc4d5	Active	3️⃣Published🚀
rec9wP40rMbfSsn1M	Loraic	667596dc04c82eede675e5a9	Active	3️⃣Published🚀
rec9xivExCImwToyE	Evolve	612404eec34acb3e5b10ccb3	Active	3️⃣Published🚀
rec9yHcK1zcLOrV4B	Insight	62e5a72243831384dc314a63	Active	3️⃣Published🚀
rec9yJZcd0ouBe9S0	Scoinex Archived 0hvd9imi	65a6ad6140665798f3cb4e92	Archived	4️⃣Delisted☠️
rec9yPAEU0cAFAMsW	Tumo	6696056b182317f0ef26b495	Active	3️⃣Published🚀
rec9yajMWKVQOFbAI	Craftmaster	6667767821e3620bad8aee04	Active	3️⃣Published🚀
rec9yatncsFkuTJeB	Payvio	699ccc931a3589f6036634ae	Active	3️⃣Published🚀
rec9zkSfyc6F1mLWR	Voltz	662678f9ec03919756565b5d	Active	3️⃣Published🚀
rec9zr2mzKmiRZpdc	Interia	64595e43d74a10ea5a1f7b8a	Active	3️⃣Published🚀
recA0KUOXb4Sz7VpX	Ayzent	6980ecd5919dc76d93030fd2	Active	3️⃣Published🚀
recA0uQRzeSXZDFtL	Subscribe	67e43b024ef4c62baf6110f1	Active	3️⃣Published🚀
recA1NayOG2qzblny	Washington Construct	65048aac3042ab3595eb6c73	Active	3️⃣Published🚀
recA1OJOdPvoAgXSz	Softkit	631fa6cb4fe34bd19bc6b2c7	Archived	4️⃣Delisted☠️
recA1e9Z86r4RZyMh	Colonia	69407c6511cb15d208fd96da	Active	3️⃣Published🚀
recA2ItMFVeEotfeN	Zynco	6915896cf4c6297449671f1e	Active	3️⃣Published🚀
recA2OXBcD9WMYHdN	Lucaso Studio	679fdc58164865cc8cd57181	Active	3️⃣Published🚀
recA2RohOfnVCltNi	Mintra	676f0ce8db13b542f4ffe2b8	Active	3️⃣Published🚀
recA2cPhGFlGBUJ6x	DEVTask	66f3168f7434ca0438fe8c7f	Active	3️⃣Published🚀
recA2cvm4GXlKdSYf	Finzai	63938e341d481ffe820f6a12	Active	3️⃣Published🚀
recA31XElVObjuoNs	Dexter Archived v3ovz08g	5c759259f871ef5dd3a81b6d	Archived	4️⃣Delisted☠️
recA344mJWF0bW9VY	Chicago Az	64b49bb116222f7b812babd7	Active	3️⃣Published🚀
recA3mC7vgyDzkWgr	Infusion	65de23663e1ca5873342fa1b	Active	3️⃣Published🚀
recA47A5nz5rUqcwQ	Everlyn	694eb2e8d5d9e96efbdd272c	Active	3️⃣Published🚀
recA4pijPxMqK4obS	Arlop	66dfe2a8b317d09f8f612d3a	Active	3️⃣Published🚀
recA5aufzQ7bAHrPc	Bronx eC	65c0fcf08b955225e033ced7	Active	3️⃣Published🚀
recA64rGHPp6Q71gz	Places	63c3570f74f93491d5b15a87	Active	3️⃣Published🚀
recA6PUi1a6yRw8zk	Essentio	67cb54062d4c6731a79a4c0f	Active	3️⃣Published🚀
recA6r2BPH8obHFEd	Brad	646397c4cf1b811e83d6ef41	Active	3️⃣Published🚀
recA7Oj6Jm4QPNJhJ	Alite	657ca1c7b18adfc30f3025fe	Active	3️⃣Published🚀
recA7WJCHr7yxcRuV	Wixo Marketing	66681213b453d64c4df4a213	Active	3️⃣Published🚀
recA7lSkGEkfGAzuk	Magger	6717034292d8e7fb70213c77	Active	3️⃣Published🚀
recA7ncTpcYYjovVQ	Landly	66465011c00be9d6fc829380	Active	3️⃣Published🚀
recA8IfHy6glkuPjb	Organiccc Archived fr3fxwgh	6661bc8ab0debe3a63c1d1f9	Archived	4️⃣Delisted☠️
recA8YsP3tBt6Me0z	Freelance	63b8644a3b7bfc896f0c8e46	Active	3️⃣Published🚀
recA8b4C57sfY1tC2	Future Studio	66a404ed7e975ea10709df65	Active	3️⃣Published🚀
recA9Dv9L7xr9lomD	Zaiads	677f0e5ce90ae721ed4aefca	Active	3️⃣Published🚀
recAARJrEwJDtpFPQ	Tasklly	680b0b160bab76ee1bd8c035	Active	3️⃣Published🚀
recAAhIGGGisHSVF5	Bizcore	64a44016c4e161abf6b46e9c	Active	3️⃣Published🚀
recAAzMTZgo399sjh	Birmingham	667efbf3a3e0f7c052118f41	Active	3️⃣Published🚀
recAB28wMkbWVG9oM	Musk (FR)	6148f8a2e272f26a4f8c844c	Active	3️⃣Published🚀
recABXwgCmg43T53w	Katana	654bb4e0a38e7e04e08e9281	Active	3️⃣Published🚀
recAC1mprwYf7PsCy	Muza	63a090793286ec20f09949c2	Active	3️⃣Published🚀
recACWE1v28grPM3Z	Foley	68110a5041eb080626d44577	Active	3️⃣Published🚀
recACXwpU9dLXx7a5	Rewaste	69442a20eaa1fef0506ecae2	Active	3️⃣Published🚀
recADBM56ep42SIcG	Finetech	661f024b044ee36df187239b	Active	3️⃣Published🚀
recADLMcHWtw5hFvv	Modern Realty	657a6bb20e8144ca44615568	Active	3️⃣Published🚀
recADM0efEGWf5Ezb	Medleylite	67699b3772e42e362aeaa485	Active	3️⃣Published🚀
recADdRO5Ia4SfaAd	Omnia	6697d71d025604e43bff1e9c	Active	3️⃣Published🚀
recADzphRSCGnu6Nt	Builder Studio	670f23a4cabf0942be01098d	Active	3️⃣Published🚀
recAEx6AbuBiN6yHk	Travelo TNC	66d5fc9d1d90813f00f0ab90	Active	3️⃣Published🚀
recAFp3Kg5AUJH0nP	Neil Zeiss	672e06283ea49a2b31a0460d	Active	3️⃣Published🚀
recAGtTqwvBThEHOX	Milestone Plus	631b76a037f37a6a08c61d2d	Active	3️⃣Published🚀
recAH3ixdRJvv3DTE	Alenai	693c2cbb2396bd4d8b9d81ed	Active	3️⃣Published🚀
recAHXcGYxgabx9k7	Striveer	698e2b9ea44be44f02dbea5f	Active	3️⃣Published🚀
recAI6OJnvd8E1neO	Archie	61ca340564049f71795b97c9	Active	3️⃣Published🚀
recAILk7vc26zLvOb	SureTrust	6835d1aa368f15d1ddc6e1b4	Active	3️⃣Published🚀
recAJ37obXtnkIGO2	Prospark	663ddeaf90c2b6b608885ea0	Active	3️⃣Published🚀
recAJXSB0lMkZggPT	Cura Clinic	66ba4ef76aa92138fb2911f5	Active	3️⃣Published🚀
recAJiEqJOLOfSQrs	Madox	60243dc7dc22f328dd06e9b6	Active	3️⃣Published🚀
recAJoBX0qyLPrWRz	Calmoria	697d093699955d587cb6d5cf	Active	3️⃣Published🚀
recAJyC2rSiiCAYWL	Marketify	665f4a4a4a74b36e0afa4224	Active	3️⃣Published🚀
recAK9OOe7Rjt1r12	Cyber Security	6733818ce449a0418a1b90eb	Active	3️⃣Published🚀
recAKQzUyYoj0Ef77	All My Links	64383c376dfb4418213c250b	Active	3️⃣Published🚀
recAKXXxDwupT1k9f	Syra	67819a6b67d790b7d811f14d	Active	3️⃣Published🚀
recAKforRHgmf3L2u	Hunter Archived 5orydx5s	60932ded4c8daa475a2510c1	Archived	4️⃣Delisted☠️
recAKtwHtOlosC0ji	Mia Wallace	653b3b47ba2475c473c5e63f	Active	3️⃣Published🚀
recALRCJfpMiNGfgs	Launch W	660c4395a308096ad0109310	Active	3️⃣Published🚀
recAMF6e1IKAcFnPg	Zohsmart	682272def2afb04b3f5be286	Active	3️⃣Published🚀
recAMWkQVG5eTOx5R	Quincy	65e7c8dc9df3ee9ed3a131a0	Active	3️⃣Published🚀
recAMrTqN2Shn9VQY	Belluri	6329ef0ccfc9c0d8de22feae	Active	3️⃣Published🚀
recANBXFCmppRPHHi	YourFlow Pro	65ddf7368920a4268b32af75	Active	3️⃣Published🚀
recAOR15JjLJnLr5J	Eco Power	67afa8134550421b4d5b4438	Active	3️⃣Published🚀
recAOoPnzD0YTyZtg	LogicLinks	672021917961cc43ed9df0a0	Active	3️⃣Published🚀
recAPKztm8KiXipXx	Reverse	675b18838fee728a60367572	Active	3️⃣Published🚀
recAPrFMi9IaeYSiw	Hiagro	693070e0f50e40c92b70b192	Active	3️⃣Published🚀
recAQ2GhWLeRFySyv	Sastek	63d12fbc266eee489f4fc9c6	Active	3️⃣Published🚀
recAQ52B0MC9ApdLG	Leevi	63b60b15d99c7cf613b43da0	Active	3️⃣Published🚀
recAQ7FCUyaMsmsBU	Myflow	658476217ee16c5a78ddd445		3️⃣Published🚀
recAQnvqnj6PpYLo4	Abetor	68d22cd85086e1c087e192d9	Active	3️⃣Published🚀
recAR9Qz8HENXnzrF	Wonder	5fca9b38f4a0160e97cc61fa	Active	3️⃣Published🚀
recARO1Xj0qPNES1R	RealEsta.	6729f9028ef1272bcbe737b2	Active	3️⃣Published🚀
recARZTzSHgzgNdwy	Quero	67a1990d4376cab9fe0c8eb5	Active	3️⃣Published🚀
recARrmDb35unSlV4	Abu Dhabi	65cf367236fe6ebe4fba9f5e	Active	3️⃣Published🚀
recARtcrJRnT9DhS7	Reader	5d34d0ad77686831935237df	Active	3️⃣Published🚀
recARv0sOgehUvzHz	Coursely	62a777e302b71d600cbf5700	Active	3️⃣Published🚀
recAS2KBHJcH9txaW	Touriva	69082967568e3080aa0d8589	Active	3️⃣Published🚀
recAVY4Iw8e3JQESy	Spectrum	63cee356b1ef7736a744dcc6	Active	3️⃣Published🚀
recAVjmPVMG3fSc1I	Azure	677f10c3d10be7d594122f2c	Active	3️⃣Published🚀
recAWWE6xYsV37Hr8	Pixelit X	63bf0280ba32777f903ed04f	Active	3️⃣Published🚀
recAWWdMDeELhZh7h	Skill Sprint	658f1e3131d16c0a019c5d7b	Active	3️⃣Published🚀
recAWY0fwLZOsEkU5	Nexade	6525824cfbb47fb7bb075cfc	Active	3️⃣Published🚀
recAWgnwD6GEWYlE9	Aquemini	645cd99a45e0648d62be39cc	Active	3️⃣Published🚀
recAWjfh5WmmOddNq	Legal Legacy	65612a22e46c4adf3ce84170	Active	3️⃣Published🚀
recAXT7cca4Nrxftc	Supreme CMS	5637a165b4c4b368739051b6	Active	3️⃣Published🚀
recAXxxszTWpmr9Y3	Sastozai	63bdbfba8ae21d4407914b09	Active	3️⃣Published🚀
recAYOqD7mkMMq0L6	Hallofolio	66f0edbcae32d8ebe7c9fdec	Active	3️⃣Published🚀
recAYsefY0ki2zvJk	GYMFreak TNC	664e100b8e7764cdce2f603c	Active	3️⃣Published🚀
recAYzzsTf0DJa39B	Savvy	63caba2eb1dce70125410e7b	Active	3️⃣Published🚀
recAZ61sXO1cO0WKY	Leniq	674e7b8130a5557ccae8af49	Active	3️⃣Published🚀
recAZhCSY45I9DTW9	Kibe	6787f19d546feec4bb16d932	Active	3️⃣Published🚀
recAa8TQ0ESN99A3w	Ecommerce TNC	660b375e06d063b43fd8163e	Active	3️⃣Published🚀
recAaI05nrGJhjEQN	iDesigner	66f72b618ae7adc3f1fbaa60	Active	3️⃣Published🚀
recAaXGDtOs9sYx4x	Coastal	664a4004c813e95f1a8948bb	Active	3️⃣Published🚀
recAbCDGKyMufX0FP	Strobe	6627d0fa3cb8b3df090f5a59	Active	3️⃣Published🚀
recAbEj8VG4DyDxgX	washmotor	6753fcdde5c867c416d3bae8	Active	3️⃣Published🚀
recAbTGF9Z2lseRiO	Bold	6063d529b75a2a488e8edb3d	Active	3️⃣Published🚀
recAc06P1WOdGRs5a	Stremax	694ff4461f9bb4578a23a911	Active	3️⃣Published🚀
recAcM5cX61sDD8OV	Sofa Store	6749cdf12fd0a72d159060a8	Active	3️⃣Published🚀
recAcdUOvKCl1evk0	Orchid	663911b0b3f4dde72a20159f	Active	3️⃣Published🚀
recAclycPbG7Q2mim	Nicole Nelson Archived rpmxl48x	614de10941b97dda1175fc58	Archived	4️⃣Delisted☠️
recAd7Uj47PujJQii	Xchool Archived kyfayvx3	6491fc23789eef3bea9af361	Archived	4️⃣Delisted☠️
recAdNgCeBZDoVvY5	Larisa	69270bda2222b7be0eec576c	Active	3️⃣Published🚀
recAdaeaYm8YsAW8v	Saval	6995d76902f049aa64cb5942	Active	3️⃣Published🚀
recAeF47Wc7HzsZUl	Paints-NX	66d5ea95f4020d1494fba0cd	Active	3️⃣Published🚀
recAeFPDlPa5TvqvE	Innovia	67987bb9c9d415e091270139	Active	3️⃣Published🚀
recAeiMbiediE5s5J	Platform	658361b3acc5a7f2e06c6231	Active	3️⃣Published🚀
recAex5Vb48Nv6eur	Discovery	6703e2005c18cd173ad57013	Active	3️⃣Published🚀
recAf6zdJzVQufMQ9	Pestro	67da3ec853241e6553065230	Active	3️⃣Published🚀
recAgLknt5TheZaus	Loop Ring	678d8e683491aa42288b17d9	Active	3️⃣Published🚀
recAgQbMs5HyJFgOq	Blisszai	6811535404a40890d7455f0c	Active	3️⃣Published🚀
recAhH2rCpaC4BOYC	Solar	68ed070a57e531396af97591	Active	3️⃣Published🚀
recAhHULS5X8YV9k0	Lunefolio	64f55f7f9d914de1779a7afe	Active	3️⃣Published🚀
recAhSOFxOgWSgJLD	Harrison	65c263d0dba67ac85683bfd5	Active	3️⃣Published🚀
recAhWfgpbvIWPmMI	Neuronix	68a3e7d05c676b671b852a6f	Active	3️⃣Published🚀
recAhzE8cykbZ7wLR	Kicker	60ecdf7083be9eaa4d0bdf7b	Active	3️⃣Published🚀
recAiKb99GnfaO6bt	Sophia Healthcare	66f59d7313199b7861c38d1d	Active	3️⃣Published🚀
recAilbO4VaJkTFGx	Adventria	690e205c34f63ed021bfaf86	Active	3️⃣Published🚀
recAivJzxyhoNcdX5	Kodex	65c24af4777aa49c1dbe09e6	Active	3️⃣Published🚀
recAj1axPbwzuk0G0	Krissi Template Archived xa3iiwm2	6711aa956b0c1e7f94d3a52c	Archived	4️⃣Delisted☠️
recAj1v9st0OjRudP	Lovelyacts	63d936372235d257db81101e	Active	3️⃣Published🚀
recAjUK8malMMKZ7h	Global	5dc26854acd63f4f7a06b5ff	Active	3️⃣Published🚀
recAkK4VMzD12aX4y	Lino	65f3e3bd47d2efd61792ade1	Active	3️⃣Published🚀
recAkoFZuUu7VOsrF	Brandifix	6857773a63422357e170a82f	Active	3️⃣Published🚀
recAlB3SAToNCD72E	CargoLinq	65c12e2ac69f03d949a95b1c	Active	3️⃣Published🚀
recAlCdZrvDvuoxZl	Achate	606a919d0b7cdaf7d9742522	Active	3️⃣Published🚀
recAlXbCeCKtPEbXo	TechNova	6581d724225accd24ea91c2f		3️⃣Published🚀
recAmCiAotk5PdxBk	Bridal TNC	65f7d1f5d647903cca873618	Active	3️⃣Published🚀
recAmblkGrnQew92S	Fluttery	66fd4494b24ed17b3066d3c0	Active	3️⃣Published🚀
recAnBVPhoRiBy2jq	Maeve	67a9562909fa7c20d7336879	Active	3️⃣Published🚀
recAnH5F1xSGGAxXG	Arcanaa	66dd2c03b1ddeddd0b4ee5e1	Active	3️⃣Published🚀
recAneU98tX3raIKh	Buildo	65c23efe75160af4f2e49ca1	Active	3️⃣Published🚀
recAngGMPT2RuXjFi	Lumon	68432f379d58c6f56e0590a7	Active	3️⃣Published🚀
recAnmAyJlz8CSKNZ	Eupay	67b2a175df8c3dfe7892e452	Active	3️⃣Published🚀
recAnyZJHiAOTdrs1	Ai-Content	65392e8c84ce285ff6c01e8a	Active	3️⃣Published🚀
recAooJpTs6pCez0B	TNC Conf Ecommerce	6553a5b879d09b6fb89b9eff	Active	3️⃣Published🚀
recApB55A4kZsbXXz	Awake	63cee7e0abdc371259ece591	Active	3️⃣Published🚀
recApOYMGTaKlkjkS	Ace	618470e3435539e7ea96ee9f	Active	3️⃣Published🚀
recApfiEBPDWbDBjv	Profolio	60932ab686bf3bb67b5c6ffb	Active	3️⃣Published🚀
recApgxyNUAA4huMp	Kalium	62a9442011caebece7db6a6a	Active	3️⃣Published🚀
recAq2TegsDlTuSBn	ZaiTL	651ad25b5231f1c3b08f63f7	Active	3️⃣Published🚀
recAqJmzAy4x8xBZv	Alpha Studio	6984d1e9c413e6b910559915	Active	3️⃣Published🚀
recAr54VIHrD5BiOq	Quicklinks	61033ecb7b7ea039c14f8fa2	Active	3️⃣Published🚀
recArGRFg5h1rLh1K	Plumbo	66f9ed93da53b22d4c0061db	Active	3️⃣Published🚀
recArNdR8P7hfwmud	FlowArch	64fa0011ac77e8e10b5b500b	Active	3️⃣Published🚀
recArlS87j56vEwDy	Summitra	689be72a511dec1c6f2c73c3	Active	3️⃣Published🚀
recArlTLlcDBnhad0	Visualo	65cc37c0f99292c62aaca6d2	Active	3️⃣Published🚀
recAruMWMUFAi4mw4	Peak Studio	67ddb0ac169c16cf0d9c14c3	Active	3️⃣Published🚀
recAs4nay0QEYdIgs	Street Care	67ca4e8ed8cb207d4ee14ff8	Active	3️⃣Published🚀
recAsT3LX0aVK8JxJ	Danai	68f08f018aaf1a3fd5236205	Active	3️⃣Published🚀
recAtRpEzfMBgOnwr	Paymun	690030ffcae6b70a57d136ac	Active	3️⃣Published🚀
recAtagnU3kqgZOdj	Pollux	649ef51613dffed6fa023a45	Active	3️⃣Published🚀
recAtm5WNhoYnB2v2	Zainet	65ffc3ff5ca456b0465b5e16	Active	3️⃣Published🚀
recAtmtnAuBWGS3de	Stepi 128 CMS	65fbb23909e116230e3ba2d6	Active	3️⃣Published🚀
recAu2hHoixYvdeyx	Minimo Archived b622tv2o	5490c151b473fee828cf5dea	Archived	4️⃣Delisted☠️
recAuuUzBWOc4IVRH	Walter White Archived ena2ejoi	631532bf31af9254fc8eca4f	Archived	4️⃣Delisted☠️
recAvRMd2ulfhabSj	SaasGo	66e7534b73f65bd26aa52c00	Active	3️⃣Published🚀
recAvxAKoTiF3oGgy	Braxtons	67da3c0c53241e655305e018	Active	3️⃣Published🚀
recAw025yGJzZ6yb6	Freights	6720c9a718361919274d0c1e	Active	3️⃣Published🚀
recAwZX1XYf4PZDSL	Minimalyst	66759d3a5650e525199dc4c0	Active	3️⃣Published🚀
recAwptNFIHUmjOt6	Runn-er	699cd1138b2dc356441e8c83	Active	3️⃣Published🚀
recAx0dMFw7MT9b6T	Softwin	64288edc2b8b8c09654f71a6	Active	3️⃣Published🚀
recAxAd9gTqeOuQgH	Visua X	681bfe94b9ce7032448bab86	Active	3️⃣Published🚀
recAxYVOZ8L7Y7CaN	Tulsa	65946428018d15d629506294	Active	3️⃣Published🚀
recAy23qY3dxxocWN	AI X+	650db2066edb57e1cb8fcf7d	Active	3️⃣Published🚀
recAy4TG1wJftJp88	Daxory	6835edbc37d190281f1cacf3	Active	3️⃣Published🚀
recAyGDlxWZbNdfva	EatWell	67bc824eaa0bf25a8d218835	Active	3️⃣Published🚀
recAyGm5dA5QVxrh5	Infinit	65805d039013b8715275f9a7	Active	3️⃣Published🚀
recAybynhs9KsBwHw	Cryptomatic X Archived 42if79gg	654013f2845b9f83d0ce90a6	Draft	4️⃣Delisted☠️
recAyzgxLFED4SWS7	Overmind 128 CMS	660722fe3d8cc2d49b54efe0	Active	3️⃣Published🚀
recAzVaiXm8wxGYfQ	Byra CMS	624e058d886a7943ef616256	Active	3️⃣Published🚀
recAzy77AFAOFyWUv	Zaiwit	67b413e4051672e75d7131b4	Active	3️⃣Published🚀
recB0iSraVEqt07qI	Solaryn	697bc0c714d1b2fda1e3adab	Active	3️⃣Published🚀
recB0lVQjOGjAVO7O	Lifecoach	67382e986540e46d380e3583	Active	3️⃣Published🚀
recB1IbfxwVCYIkot	Mercury	66668e4aa901ec22a3870b41	Active	3️⃣Published🚀
recB1MG59i060TAhe	Jester	68634fd685d5d64fe97a18c8	Active	3️⃣Published🚀
recB1UHOapmgJirar	Majestika	65ddf4fac7fdc896cf5f9549	Active	3️⃣Published🚀
recB1xolzr6atISa8	Custly	696fa0c0ede0c23a5d4034bf	Active	3️⃣Published🚀
recB1y9yovzFP0pKE	SoftCom TNC	6709f89aeba9f010b256a032	Active	3️⃣Published🚀
recB224K4tlqwFnLV	Uniqurm	674ffd60040c95eddc588b05	Active	3️⃣Published🚀
recB2Qsllilko6B7I	Sora Banking	668d8f78ad2d87cebf241532	Active	3️⃣Published🚀
recB2UnuEqQxWTfLB	Sauce	67636cd1a54e7a1fedc6212a	Active	3️⃣Published🚀
recB3A9rwZsPeSn1L	Artgram	634014a7bf6fab63b206f5a4	Active	3️⃣Published🚀
recB3d4afAO3gDP5q	Purely	6526c6ca6a0fbc5be5892078	Active	3️⃣Published🚀
recB3wGOiHfSuov0R	Vintar	687fd7845a4801dd48d2b479	Active	3️⃣Published🚀
recB4Y3El7AHUVbgc	Oxera Studio	695c02b75429d9169e572e28	Active	2️⃣Scheduled📅
recB4l9Nhl3NP6vT6	Gimaxion	652580f3aedb5f36d613f927	Active	3️⃣Published🚀
recB4sAxuq84SKii0	Imaginary	6882275b742915065fd0f600	Active	3️⃣Published🚀
recB5b7uz7meZybKp	AgenciPro	64931c905bfd1de9b34c96d5	Active	3️⃣Published🚀
recB6V6QR07SFidp0	Zozfolio	65a2bddc8ad6c1d35ef764fe	Active	3️⃣Published🚀
recB6bH7jCQ6o72FH	Havier	696e64fe190b5f12ada5a2c3	Active	3️⃣Published🚀
recB6oHPs2MzLiWpB	Beauteria	62705fd6b234ba26dc1a9040	Active	3️⃣Published🚀
recB6vBGUsye2PLbv	Editortech X	66da998e6f3751e15d420bc2	Active	3️⃣Published🚀
recB7Mx9zzbkCs9xo	Salma	624623152a1efb9203b43207	Active	3️⃣Published🚀
recB8776QM4ZihCtz	Intra	68e162960088613a204ea005	Active	3️⃣Published🚀
recB8SRYuF9JoZCQZ	Layla Folio	656f662aa209cfaf706216dd	Active	3️⃣Published🚀
recB8knEcc54rRdSP	PrismaLP	674526e01036caa1b428bad6	Active	3️⃣Published🚀
recB9W42X5Aa2nCYh	Zenithg	66c7b581fa1d6d2ad23612e2	Active	3️⃣Published🚀
recBAJKVlbroOeBYp	Lumix	680afc669a7dd235a7b9f590	Active	3️⃣Published🚀
recBAeV1E9pVxsQSO	Bearest	682d1c773a79c1ecd615d9a0	Active	3️⃣Published🚀
recBB105PNlMlVcM3	Evrgreen	653b3e4f8289366d655aa4fc	Active	3️⃣Published🚀
recBB3R4KCTfQcCOr	Clavion	6958a079bbdcd1ba650da5af	Active	3️⃣Published🚀
recBB6HPE2lpzrDpV	FlowReel	685e04a1a5906e84283f02f6	Active	3️⃣Published🚀
recBBV7c85qurpw0F	Mojito	5f74a223ff9effbc3bb20686	Active	3️⃣Published🚀
recBBl2Y2VtNabhvK	Freshify	699cc5ab9224e96507185d99	Active	3️⃣Published🚀
recBBr0bU3gdxvjj5	Cliping ZF	673c21e4da9d6db8c1dcbcb2	Active	3️⃣Published🚀
recBC3pGD30fvz89U	Movzzy	693b49d806418598c7a3b752	Active	3️⃣Published🚀
recBCCvA4mgRrKZiW	Lumio	6515bbcf44cf53a039b3292e	Active	3️⃣Published🚀
recBCOAIKNdi9ccVM	Verdana	678b454bcf5c560d533afe6c	Active	3️⃣Published🚀
recBClgLeWioDKSL9	Tekko	67e862607ee415f40666a2a4	Active	3️⃣Published🚀
recBDDZG3WrCAuBD5	Lucida (ES)	619477c65c583a3bc0189fa9	Active	3️⃣Published🚀
recBDFXtoYUAUdgmU	Fincito	67ff286f836514af9743350f	Active	3️⃣Published🚀
recBDX5xXLoiwFjF7	Newman	609b2b9bbff4f509c46081b8	Active	3️⃣Published🚀
recBDoATg3cdbuU48	Telemedicine X	67000c2d4792d87f63615c38	Active	3️⃣Published🚀
recBEG67CUwinIFW2	Revolver	612eaa69a40a75007f6e4137	Active	3️⃣Published🚀
recBEPKgt9UG6nUXe	Elian	66ce0c6d4a15495de0045508	Active	3️⃣Published🚀
recBET3DsGYu2GUM9	Brandable	6867e73f1ee4b7c69deb6938	Active	3️⃣Published🚀
recBEY4aMQ32CxFON	IntelliTech X	6683fed1f55eebb5ea501d2a	Active	3️⃣Published🚀
recBFNLrLCjkEYXNR	Marqly	686350fd0b6fd7271737f1d5	Active	3️⃣Published🚀
recBGBxXMTKl76B2t	Good Biz	652d630bc9215a7b08c98508	Active	3️⃣Published🚀
recBGcQRsa9C00OxA	Sublime	6315336b86e62c8e4abebb70	Active	3️⃣Published🚀
recBI2fL2wlNIJw4O	Apex Studios	672df47f4ca8686481577c6f	Active	3️⃣Published🚀
recBITvGXKueGIjHK	Visura	68d5b18eacfd8ad5445d6a77	Active	3️⃣Published🚀
recBIi3DfsTzl0paC	Aderon Archived gflbe7tx	67d9fddc43345f25f90b7e18	Archived	4️⃣Delisted☠️
recBIm8f9rhFhgq3r	Axza	672c47e409cd89d0c76d55c9	Active	3️⃣Published🚀
recBItuUTfkGF1xyS	Geluna	686cb215f373270c1459c264	Active	3️⃣Published🚀
recBJ2feMdfLexXf4	Memberbase	636bd112d39d3016b0cfbc5e	Active	3️⃣Published🚀
recBJ5XZggeqWOmPE	Darkzai	640a0a71efd58e91fc2682b4	Active	3️⃣Published🚀
recBJgyOuBPdPQ3jc	Becool	6627cf9eca4418f57d44b9ef	Active	3️⃣Published🚀
recBJjYPU8Cb9VZQt	Nordi Living	6400bcd487f80b7f83b23d02	Active	3️⃣Published🚀
recBLNDa20MZxdHTY	June Studio 128	672a0cc1cd688aee4c707095	Active	3️⃣Published🚀
recBMF1wR4YFeeO6k	Hera	5e98e6d606f3ea2be2a81e6a	Active	3️⃣Published🚀
recBMKwnQqmxbCrV2	NFT Avatars	624f1064061d1910c0ccd651	Active	3️⃣Published🚀
recBMjhzyF29RqYEv	Flovy Archived tgjpc2gg	675b1d410dfe0cf4a775c32d	Archived	4️⃣Delisted☠️
recBMvq2kiZIawcat	Codenest	68474c51ab8333a46e8a4099	Active	3️⃣Published🚀
recBNjye559OYMGo5	Bronze Creative	661eafad28e40db72ae1e591	Active	3️⃣Published🚀
recBNyTNMKekty3jT	SecurityForce	67af9102041bf90cbd5913f7	Active	3️⃣Published🚀
recBO1rdxQSM9F4mQ	E-Homix DB	657ca7dcc4467ff3f6a0349f	Active	3️⃣Published🚀
recBOLvScSFyhnqnu	Room21	616edc28abf4452bad22616f	Active	3️⃣Published🚀
recBObYPjRT1u6xRG	BlueCollar	62a92753d02f16306e96c8ae	Active	3️⃣Published🚀
recBPVyW2kXSradgL	EduZone	64663da60b059f705112eda9	Active	3️⃣Published🚀
recBQOk2Bl5HI8y53	Saasix	677ca63c3148c96ffac4d4e1	Active	3️⃣Published🚀
recBQxVML4KVy6vD1	Requestco	650b1456f8cb06609d19dd69	Active	3️⃣Published🚀
recBS4oj3AhKVXh5G	Covze	666f593e022754dcb89afbf0	Active	3️⃣Published🚀
recBTVe88dSdVYM1E	Neroliiva	61538d73595c81009cb1ccae	Active	3️⃣Published🚀
recBTnpCLKaewNF94	Cryptole	6758998f65c48ca6633c8527	Active	3️⃣Published🚀
recBUzJi7FI5D7YYv	Mydash	670e007b3b7fb6d1ca48d9c9	Active	3️⃣Published🚀
recBUzd73EOa36CXJ	Avida	65539ebd0d5ce94df68c6b10	Active	3️⃣Published🚀
recBV9vkrXx3ZAXfj	Interax	68432d7eb665ab93028756b3	Active	3️⃣Published🚀
recBVS3nq7QDpvxem	Agentic	651d7cb986296e439aa75f24	Active	3️⃣Published🚀
recBVdAUChHxJhjky	Pontero	5543a75ea4edb1ee0ecad2fa	Active	3️⃣Published🚀
recBWsbLD4jDxi4jG	Buildy 128	66bd30ee239ad03f9e57cca4	Active	3️⃣Published🚀
recBXy7okIRG4hJ4A	Frame	5c66fa902f71d61b69ec0041	Active	3️⃣Published🚀
recBYQZ8c24QPRrbh	Prolance	6778cef6ddcd251706e6140b	Active	3️⃣Published🚀
recBZJj8yXDrQZ2IH	Pixoto	6442aa153066893402b40efa	Active	3️⃣Published🚀
recBZTB752fNnaugT	Nexo	6500a091ab9c5184fa360e89	Active	3️⃣Published🚀
recBZcKgtKJGJxdV2	Black Zero	669027cf61625afac21ada2e	Active	3️⃣Published🚀
recBZlrqXsf9TnHIB	FundMate	6925ababe89a08bfeeb671ee	Active	3️⃣Published🚀
recBaJPsAIF3NT3Vb	Function​	671ad316d2d35fd2b87de4cb	Active	3️⃣Published🚀
recBaLiYQDxE9pBNn	Medivo	6778c67b3f581fa54c99a55e	Active	3️⃣Published🚀
recBaWZmSGSNtDuRZ	Ryza	691375a93c413ea1d873115d	Active	3️⃣Published🚀
recBavzQklVuesTHT	The Way	6568d85db856aed70754a1ad	Active	3️⃣Published🚀
recBbF26tim0fYwMQ	Bukland	63d8048e725d2d4dbb1fdc5f	Active	3️⃣Published🚀
recBbOmCtNlROcKXS	Outsourceo 128	627dea95cc9071479abe0e9d	Active	3️⃣Published🚀
recBchVeekqgsIWZy	Up Comes Archived hxpkv8n3	5fff824c4c150b706b43a9d6	Archived	4️⃣Delisted☠️
recBdik2IugIWn7f9	Sarnai	5e62df2f6f97344fa4870459	Active	3️⃣Published🚀
recBdnfFqfoSyGT26	web3go	676178a80a042ec804459588	Active	3️⃣Published🚀
recBdpUbvzJDU1JN9	Kate.m	68c989fb29514fb668f394d2	Active	3️⃣Published🚀
recBe8YHvlWMNyXwO	Roux	693071c552902d2f040f5c3b	Active	3️⃣Published🚀
recBezzAZMRV5VUJ6	Bulletin	614c96067e2e247e0ddc1c36	Active	3️⃣Published🚀
recBfkFDinjCeqNkg	Sulu	63cee53d5680739dd2810921	Active	3️⃣Published🚀
recBfqgqPR10a95Hx	Bermuda - Ecommerce 	5fa96156111c6911961afa15	Active	3️⃣Published🚀
recBgidlrrPniYBCN	Hado	6401b79534cc1119ac0b9c30	Active	3️⃣Published🚀
recBgjrROGMzuOxhq	Optiima	6990d24523918b690ebbb42f	Active	3️⃣Published🚀
recBhHQT2cT4dRisK	Candreva	6722fd674adc612620f8bec5	Active	3️⃣Published🚀
recBhHU4k8NvwBC2u	Omia	64552461cc7393f0a15195eb	Active	3️⃣Published🚀
recBhKhKRRi0R7tSP	Links	6046d96ab9ba2e8182001047	Active	3️⃣Published🚀
recBhY7OminDcRXO3	Dinter	648890e3611db6fbd64a3836	Active	3️⃣Published🚀
recBhqs7BrBL22pWa	Kristina	64de4a27080f9f8a50f14a27	Active	3️⃣Published🚀
recBiQLvacbxVZ6sv	Eduvolv	679fceba532e90ca364551b3	Active	3️⃣Published🚀
recBibElKKJTtmb6c	Start	595d2408ccc6b31f58f2e345	Active	3️⃣Published🚀
recBj1p5rfB3VTP87	StagePro	693c333bb9831af6cbdba92c	Active	3️⃣Published🚀
recBj3W1ImlQtkBlB	Infinite	65eb55185133484b2fbbbbc6	Active	3️⃣Published🚀
recBj3eAQSufuft49	Tonia Archived 6h8nk5xr	63cab966d6290e82eeea479a	Archived	4️⃣Delisted☠️
recBjyjRAVlro82i5	Fortuno	669986aaf236cd23fabdbeec	Active	3️⃣Published🚀
recBkAI5FOxP2Qs4L	Labico	66a3ba777e78d4f4868a0835	Active	3️⃣Published🚀
recBkHy5JD58jv0f9	Artek	66b39fa7396152fe59f7ede5	Active	3️⃣Published🚀
recBkQKdjS8cH1Emp	EthosAI	67cf314ed09a0242d720a12e	Active	3️⃣Published🚀
recBkUePEAXZApuDM	Fitcore	6976fcc7bb2526628bf94cb8	Active	3️⃣Published🚀
recBlCh3nRZP1Nm9r	Titan	6606d76f11ebe064ea69a128	Active	3️⃣Published🚀
recBlisAdIoDllyVX	Thomas Scott	65cba5728382f9c086ba645f	Active	3️⃣Published🚀
recBmDXpqULkyG2Rl	Unleash	6621a42a42406ab4e60dbef8	Active	3️⃣Published🚀
recBmLqIugGFh74rL	Wizency	6585f4f1dd17aea55d266ffd		3️⃣Published🚀
recBmXoiCPxJ0AxzW	Matcha	6847bf914df6ac89ac570e7f	Active	3️⃣Published🚀
recBn4vm1X5A2CGiO	AgencX	653b3ee66b9ed74216339ee7	Active	3️⃣Published🚀
recBn84rUih02FpZb	UXer	62a93039649898d64a1f281b	Active	3️⃣Published🚀
recBnAZbKCgj6FCNU	StarUp X	63192e975e03ed8e7b41cb0a	Active	3️⃣Published🚀
recBnrsPYxGVkW4SF	Salerio	62e9f6e3ac3336652ec5e961	Active	3️⃣Published🚀
recBnsfiCG9GUrTmh	Sapruin	66647689470c35208fa74184	Active	3️⃣Published🚀
recBnveON5mEn8D5N	Arcane	68f66a070cf9a1baf37e17bd	Active	3️⃣Published🚀
recBoIt4B9UmKC951	Alffred	65833f317d11c99530584887		3️⃣Published🚀
recBoRPe3MZuqMKjN	Finohub	650329348e3acecbaf8d8b8d	Active	3️⃣Published🚀
recBorl4KyWHzaKQg	SaaSup	6201469d486978491cfac006	Active	3️⃣Published🚀
recBp9IMTuBglW7ew	SoftAI	65b2e70d6c0d964c273fab42	Active	3️⃣Published🚀
recBpmAZk11tamrrg	Omeg	6170da225a4f4ffe6d4ab5c5	Active	3️⃣Published🚀
recBps09g3SCrIPZd	Profa	686e06f4f8990d1f26198f47	Active	3️⃣Published🚀
recBq9PTP9HZ8hIA8	DIMITRI	652582addd61d4071d4d5797	Active	3️⃣Published🚀
recBqSo2joTYCVyMF	GenerativeAI X	646ce7e271ab1d28fcc86df9	Active	3️⃣Published🚀
recBqapUBzZcRTPn4	Morris Archived dxs289ji	68923e1189b8b859dcbf1110	Archived	4️⃣Delisted☠️
recBr7bJnk1rGkgcM	Consultek	667ae3f9268f796d9dc70c0a	Active	3️⃣Published🚀
recBr8ar9PGdhdA0V	Olivia12	699663be826914303bbe443d	Active	3️⃣Published🚀
recBrbYjvXnTqDyOw	ShowFolio	671011e18e5adcbad53a9ae9	Active	3️⃣Published🚀
recBrebHd0wB1x4hg	Brutalist Site	6776f743b3954b36cfbb6da6	Active	3️⃣Published🚀
recBrwtY2JtNJji6k	Carpentryy	674149497ce878fe4cef38b5	Active	3️⃣Published🚀
recBs7cLWx8FvdHoT	CardX	66071c87d22851c240326f43	Active	3️⃣Published🚀
recBsRSsPwx83GfhY	Zohafin	63b9db56fe573c050f55bcc0	Active	3️⃣Published🚀
recBsUPOSB3jqCtqB	Cozilex	6553a74d42026cf90c359da0	Active	3️⃣Published🚀
recBszJgIWieihcDs	Aura	610ca2bc40aaf75aa2f78d7f	Active	3️⃣Published🚀
recBtwRvylbzai1HZ	Avento	6769df195fa1681382d91b35	Active	3️⃣Published🚀
recBuVfaBti3uBcaQ	Tunnel	66a7610941679c8b2902dfd0	Active	3️⃣Published🚀
recBukx2oYrp1kGaD	Exploreza	679a46de4d133cbfceb34c4e	Active	3️⃣Published🚀
recBv65drL5twIpuh	Podzai	6317b59a84b5ef79143ab00c	Active	3️⃣Published🚀
recBwHYCw9m3CLqmS	Webfly	617ddcaa6b8fde3e3a234ddb	Active	3️⃣Published🚀
recBwQEOwGhLwXuiA	Architected Archived eyxyalhf	5ed141c886ba41253de11926	Archived	4️⃣Delisted☠️
recBwWOjvGisDqk8Y	Candly	65ed0268155259a6d0f1dc04	Active	3️⃣Published🚀
recBxJab7XxiECKR3	Waveee	675a5a7449554c9b2981fb83	Active	3️⃣Published🚀
recBxTNkxvHmqTKrW	Raze	6386d27cb2ea1817d5c91941	Active	3️⃣Published🚀
recBxl8bJzbWjKt6v	Edurio	69081a39600cc4ee60abbd6f	Active	3️⃣Published🚀
recBy9hiIULpzbB5m	Inkova	694aeece03295088044148ba	Active	3️⃣Published🚀
recByLrchogdxQ5cR	Cadence	5903a3401f3e565cffd9adac	Active	3️⃣Published🚀
recByM5NI1YelhQPV	Trackflows	67d33b65f785f6bf2f64a3fe	Active	3️⃣Published🚀
recBygaUKRuls5vAi	Pixelnest	6839bd7bd06aad8869238ade	Active	3️⃣Published🚀
recBzN077oTvsjzTG	Kebite	67e5e84ed5d5f6a260255791	Active	3️⃣Published🚀
recBza3MLTtro5yPC	Datagrid	678e546a203d8daf840a64e3	Active	3️⃣Published🚀
recBzzkyyj6LwzDr2	Regular	61de09b99da6ae063a99c344	Active	3️⃣Published🚀
recC0sdoBuPmy759G	Piper	699a64cf468c68c4a67adca4	Active	2️⃣Scheduled📅
recC0zkpWNhDCxpLI	Portfolia	6436e0979548c7636451a708	Active	3️⃣Published🚀
recC107dG9bqO5MJ9	Fabric Studio	642f0fd672c51e6752422bbb	Active	3️⃣Published🚀
recC122SeP16p8qwK	Proinsias	67184e993c93b9db9ee842ba	Active	3️⃣Published🚀
recC166PyhGs7Gbf9	Sarah	63c4a6d194eb390942069f85	Active	3️⃣Published🚀
recC1Rpo0Grd1M9aR	Konsal	68c6cda1d8f6b9ca291a078e	Active	3️⃣Published🚀
recC35UbU8w3UmfM7	Marketingly X	61947decaacc42850f32901d	Active	3️⃣Published🚀
recC3SuKEIBcZflhI	Zaibition	65948f1546744e8e0e0035a2		3️⃣Published🚀
recC3rYSMkjD50bfi	Shutter	574357b8f73852c326cbfbaf	Active	3️⃣Published🚀
recC4I4DPrH6gBMzm	Sculpt Studio	659466d52f8fa0a335866960		3️⃣Published🚀
recC4MB3w7mhluB4I	Reflex CMS	655f89dd73116bba4fc3e6ff	Active	3️⃣Published🚀
recC5FTcHDQtCLyRj	Lume	64cbcb16abc5e1eecbf00038	Active	3️⃣Published🚀
recC5evwoMJEygC9S	Echo Agenci	66e0b00b772b99bd618e2867	Active	3️⃣Published🚀
recC5pGOmlQL1dfvF	Worq	67984b505f6ef4bdb7a3cc09	Active	3️⃣Published🚀
recC6lT0vne5K0SpH	Markio	668b89b7211e4ddd37477bd9	Active	3️⃣Published🚀
recC6mEIERpa0G7o8	Johnson & Green	686cae686e45579eabbfacd4	Active	3️⃣Published🚀
recC6seUqrGOXsUdU	Lentera	66eaf3722d499a50a5c44c26	Active	3️⃣Published🚀
recC71K3mtVMad2SZ	RedSun	6740aad5e8efec4543ab7c83	Active	3️⃣Published🚀
recC7Go8EZ6TPYeke	Zohaking	661502526d43f280d2ae8f04	Active	3️⃣Published🚀
recC8JwAbCbInVo3j	Startso	675e2e21e99d8f9a4571dd0a	Active	3️⃣Published🚀
recC8PTRPyoowxGEk	PhaseOne	665654e998b8c0d3f21a81b3	Active	3️⃣Published🚀
recC8anHB18XcGLGq	Portfolix	645958a17812b516ff441631	Active	3️⃣Published🚀
recC8vQ8RX7lTe05r	Craftout	69304b2bfa38d0d7a2d5e643	Active	3️⃣Published🚀
recCADxAoWHTZEuYS	Aromix	694eb97d0a5f109f08da9555	Active	3️⃣Published🚀
recCAKtwTxpYGKcWl	Ripple	66d1817d0c8f5cb716059939	Active	3️⃣Published🚀
recCASFv56FOXcOS5	Constead	66371719dbc082950a10220c	Active	3️⃣Published🚀
recCAkLk39Tl5xP4O	Wider	5653c2a389436a0716fc180e	Active	3️⃣Published🚀
recCAsbvu1icBcSVj	QuantumLab	69042a8f673b8d5724512a25	Active	3️⃣Published🚀
recCAtpyYePlVi9CS	Codot	687f22a8b3947c5932998c29	Active	3️⃣Published🚀
recCAuqjfUKRNGMUa	Skyo	6928cf4f11387eeb62976507	Active	3️⃣Published🚀
recCB6ptIXklFVraO	Hugo Logis	67bf8c903c08c795d71b91cb	Active	3️⃣Published🚀
recCBM73J2kyNfhJt	Startui	64133ccf10e1934250ff3c94	Active	3️⃣Published🚀
recCBVVcHrV0X3x0z	Flovo	68adfd5e0a252d1f0646657a	Active	3️⃣Published🚀
recCBnNO7RbEJ1xa9	Capify	661d56963d0377c66a341ee4	Active	3️⃣Published🚀
recCCufb9j8P6rCjG	Agen	65a141f51c7e9a05c1af31cc	Active	3️⃣Published🚀
recCCxf0MAVL0yYXe	MofiX	6509e4569e02d3fc7f5b9f99	Active	3️⃣Published🚀
recCDG1KJbdLFH753	Sienna	689fd03a12f97340d7b763d5	Active	3️⃣Published🚀
recCDRyqcKIpp4JVc	I'm Ada	68c75b36d8f6b9ca291b609c	Active	3️⃣Published🚀
recCDWZ4sOnynQAsz	Arc	5e167eb33c053f033880c473	Active	3️⃣Published🚀
recCDtKzIBhec0CpA	Modulabs	68df27e2aa5437e93e1c4908	Active	3️⃣Published🚀
recCE8cnhFSYIApTh	ProCapture	65e2a66b7b458b7e85f2406f	Active	3️⃣Published🚀
recCE8kMYHs68emoY	TNC MedFlow CMS	653b2e97299ab4a113162874	Active	3️⃣Published🚀
recCENjVWETC9j8ad	Readco	6453e5b78da6a0a358e05f39	Active	3️⃣Published🚀
recCEX6fmYPpJtTkH	AirCast	675b0bd6c5ab3ff2f7fe1d46	Active	3️⃣Published🚀
recCEZuGFNWKPQxxJ	Layvix	6837a07d6587a3b83405248a	Active	3️⃣Published🚀
recCEgYuC8XZcQs3k	Newport	5faddb178955fab0d0f72504	Active	3️⃣Published🚀
recCEmzFH5YlxatWc	GrassFlow	697a90b4a164da6902a1c9bf	Active	3️⃣Published🚀
recCF4xAlPv4xAxcp	BuiltFlow	669e09f7c0d915d963d7a3d8	Active	3️⃣Published🚀
recCF5v2IWZ1Lp0tg	Handymanz	663557f3ddd0648a81c83ad3	Active	3️⃣Published🚀
recCF9FU9t94v4N6Y	Catalogue	65b94cba6aa5d21f28b43650	Active	3️⃣Published🚀
recCFMUf7hLmjBTRz	Accting Lite	65d90ba5de457afd65e5a981	Active	3️⃣Published🚀
recCFj565R3OAoodI	Fire	652d497d5821f3646a6d3947	Active	3️⃣Published🚀
recCGcidBXQWErQXp	DirtDevils	672109dc474e3b883005645f	Active	3️⃣Published🚀
recCHCDAWLGtz2Xe1	Stavanger	65b78b641119bfbbe9f2fa81	Active	3️⃣Published🚀
recCIYZKQpuZOsgg0	Datasas	66668c6244d79dbf2f04c194	Active	3️⃣Published🚀
recCJMzPAyJzhkQuH	QuickReno	66cba343c554ff4dc8c9aea5	Active	3️⃣Published🚀
recCK5ZTNSqp3p5vK	T&T	61e8821760775e7568903e0d	Active	3️⃣Published🚀
recCKANqdCgp7BVJr	Sasson	656f575252242b3da2098de4	Active	3️⃣Published🚀
recCKG58shhY3EdXb	Accountant You	6627f334946d9e6c2a830774	Active	3️⃣Published🚀
recCKT9J9kDMDuthJ	Glaaze	679c5ef6752f6d6a0a872c4e	Active	3️⃣Published🚀
recCKx360gIyfZyRW	Gringo	613ac67e4e1dbdf4bcadadcf	Active	3️⃣Published🚀
recCLEOGiM6S7CHRn	Stark	5fca9c79cd6aac6799c42f70	Active	3️⃣Published🚀
recCLUJgTY4dQy55I	Technology (FR)	61328c5df63a2e811fb1dcf3	Active	3️⃣Published🚀
recCLdr44Qn7ZIBU1	Propertize	6428974a26a472717dae13a6	Active	3️⃣Published🚀
recCLxE3bPrgBSOD4	Stratum	68cc7cee72ca48bebe068254	Active	3️⃣Published🚀
recCM6uPXXtB1C15P	Faraday	60515d2b0cb9b40fc7dd8e13	Active	3️⃣Published🚀
recCMdXK6LZnZhk2Q	Zen Soul	66905d57f1238ee4a4c18bfc	Active	3️⃣Published🚀
recCMlPd6z1dz2K1m	rumaagent	67ca8a78417f2ec13ab293ad	Active	3️⃣Published🚀
recCNBOPThjGKkCgB	Nost	6526c85d2c44aaf3cfd917e7	Active	3️⃣Published🚀
recCNCTvx7dzLZenH	Night Club 128	62c46e34447ab8f22f245ebd	Active	3️⃣Published🚀
recCNQ9EjWAVtV8kv	Defi FZ	68a8a2a7b9a37ae723e5180d	Active	3️⃣Published🚀
recCOAwmkc2Z6ot03	Sappho	660bfed71b6fcdad5264ca82	Active	3️⃣Published🚀
recCOHB10ZGAvNxmG	Vigor FZ	686c44146e45579eabbcb973	Active	3️⃣Published🚀
recCOIjx5q46N0D7t	Imazin	651d76bf517329fb369cda64	Active	3️⃣Published🚀
recCP25Z1SQrOugG3	Blume	63cee69ff23b89ee266376dd	Active	3️⃣Published🚀
recCPKkaqr8JLj5TS	TransitFlow	641339693d66b7b1140f7628	Active	3️⃣Published🚀
recCPimwytOxkscMa	Lawyer Firm	66da95bc7949ed8c5440daf1	Active	3️⃣Published🚀
recCQ5FhR3VukxA5j	EvoltX	672deb98c5d10f92c4a9bda6	Active	3️⃣Published🚀
recCQBHadQT6uYtkY	Toptech	631250f1dea0987c54edfeee	Active	3️⃣Published🚀
recCQBnqBSTDBGcru	Tofael	683b4e502ba30c5ce60276a6	Archived	4️⃣Delisted☠️
recCRpSiysYCbV1VL	Focra	68a3f35bf1ec7ddcde471f2f	Active	3️⃣Published🚀
recCRtfw6gPe2qlwG	Odda	63401555bd09836786967e03	Active	3️⃣Published🚀
recCS5oTxMr0LFrEh	ArtGallery	678d3b1f0292451ca922d5d3	Active	3️⃣Published🚀
recCSF16JO3w23wsk	MetricFlow	676f7ec3bb2339da86747492	Active	3️⃣Published🚀
recCSI54cijQdPGk4	Vibecrafter	68ff9fd124ff9b40a49ee02b	Active	3️⃣Published🚀
recCSnkq6n3pYQpYe	Solene Archived ikilzpde	65d53030b2cc4809b52c2257	Archived	4️⃣Delisted☠️
recCTNdl11E2coIbx	Monoflow	695be7a63f8eae1ddcf2f6e5	Active	3️⃣Published🚀
recCTW6uqRIUpAHXx	Zero Waste	5fc97d8168899c3d79345a78	Active	3️⃣Published🚀
recCU4xy6U1zLV0Jy	Meteors	6605b6a06a9aec9f5969a819	Active	3️⃣Published🚀
recCU7kYR5HYHjhuV	Flowitall	606d054ef089bb112ec88f01	Active	3️⃣Published🚀
recCUD7rsu7so3XdM	Awakee	690e15ae2c8b1388c52353ec	Active	3️⃣Published🚀
recCUY9UBOlCI35rC	Agencē	64f0caa6a6d5f9d1cc9c99fa	Active	3️⃣Published🚀
recCUpySC91tH6PXZ	Menturo	679fcb0de9f022767fb2881f	Active	3️⃣Published🚀
recCVkXf9e48rarQb	Consolio	67fc23958160e8a713b4a7e2	Active	3️⃣Published🚀
recCVtlstP2iWL2eW	Luxe Arch	66be373760f8bc210d36cb21	Active	2️⃣Scheduled📅
recCVunLmnjHK02Kp	BestBefore	688d33bf1f507284a7172ff5	Active	3️⃣Published🚀
recCVxs8TRMw0fgwg	Lapaz	66ce65d9cce95ef6963d4b51	Active	3️⃣Published🚀
recCXZDUqQXDMq0P8	Essential Archived 8rerv0iw	53b432b9146db98661cc3bfb	Draft	4️⃣Delisted☠️
recCYP6ynMrh0RmX0	Teresa J.	65bd0b16a9fcbcbafc563f49	Active	3️⃣Published🚀
recCYek4DMYQWChRE	Amelia	62461e566df952c24c57280c	Active	3️⃣Published🚀
recCYsuxbdmrdyWCY	Holt	6987fb822dc76c7015818e32	Active	3️⃣Published🚀
recCYwIFhcwIB90gq	Muxra	68f9589a1a2cf994622126f6	Active	3️⃣Published🚀
recCZAtzKPEVuH6zF	Concept X	684b18c322c8334b60fcb0d5	Active	3️⃣Published🚀
recCZJ2wo1YiX7xoG	Housing	6441488d9f4aa72c2f268a36	Active	3️⃣Published🚀
recCaR1JCObaLsFJ6	Mira Store	66995fdcd73877141f2e8dc6	Active	3️⃣Published🚀
recCakgXrSh3Pf9ca	Mill	59a4514f8e0c2d0001950b17	Active	3️⃣Published🚀
recCb1HTuvpL8pyqv	Concept Studio	64db97e48de491e9a364e9f1	Active	3️⃣Published🚀
recCb3B5UImqqaV74	DigiMark	67ad869adeede4e238b2d627	Active	3️⃣Published🚀
recCbEgDTspIZYunK	Cleaninger	677af12684ef493b5c15d656	Active	3️⃣Published🚀
recCbThAsnJyAPiXq	Healix	6494921c9151c564aeba07e6	Active	3️⃣Published🚀
recCbdU8pcAgItqu3	Omeno	649db205b4d0c07a3f982d78	Active	3️⃣Published🚀
recCcTNvXmYUbjQJR	Ubox	65f89b046b0943b9430e597d	Active	3️⃣Published🚀
recCckNppqEANe8K5	Scriptly	68030b75a1b328538c1d39c8	Active	3️⃣Published🚀
recCco2l2HZhtmlKd	Joy 	647635b6fd99a7195ff88622	Active	3️⃣Published🚀
recCcsnwwxQSTKV4y	Acelia	67e38a1427434ea4138361fd	Active	3️⃣Published🚀
recCdCki4dqkGteIL	Platea	6310f9319cbb9c46c26e60ab	Active	3️⃣Published🚀
recCddqzZapYJsUwI	Flexova	696f9e58edc74a0a768027f5	Active	3️⃣Published🚀
recCdw7UEZZpc4IZX	Havrin	690e182caac627e132261590	Active	3️⃣Published🚀
recCexLlclxQ5JZu4	ModelClub	65e4b27a34d216f5a1a4f5b4	Active	3️⃣Published🚀
recCfwfGrNdg92TDF	Nancy Archived 7jlr4vgq	63bed51bbd2de302a885e4b9	Archived	4️⃣Delisted☠️
recCg0h5NiGJvmNsy	Anthony Dale	685b89c554c1e04de60acbd1	Active	3️⃣Published🚀
recCgMnjTg9vBDLFw	SasPro	665f1e72dd172d763d03bd3f	Active	3️⃣Published🚀
recCgzBxUP1L2j71e	Zailog	63cfef19780bf2d25003b811	Active	3️⃣Published🚀
recCh9O3zxyVXV3xC	Portia	67ca63f361948ce17ed4260b	Active	3️⃣Published🚀
recChc56WE2igdRNc	Blocks	65cb945ce24217c70ac58b3c	Active	3️⃣Published🚀
recCilsXLLdX2BeME	Nexure	68b86851981b0b6802c02ec3	Active	3️⃣Published🚀
recCjcAxPVu7yqUVt	Euphoria Archived t2w03m7b	653172c2fa1c530162b61fa9	Archived	4️⃣Delisted☠️
recCjhSxfXtqJPe8A	Haven	5c3df86efa928d6a1619b9af	Archived	4️⃣Delisted☠️
recCjlKtz4PBfEUrw	Shipsmat	670b1e45cd657f10f4eaab07	Active	3️⃣Published🚀
recCjvsG5qgHHOiEs	Digest 128	66a9fa0b3ea758f49b2ed924	Active	3️⃣Published🚀
recCkIC7jlbomJlg1	Lito	6099e8dfe274ac7528d00e6d	Active	3️⃣Published🚀
recCkQGdD3ivsQo2F	Flavorful	6654daa246cf76136250c183	Active	3️⃣Published🚀
recClOfGFP0vH1Ako	WhitenX	67cb07f4df1baf884837234a	Active	3️⃣Published🚀
recClkKvfheliJxFh	Astra	626fd4c171d935dc179408a1	Active	3️⃣Published🚀
recClkWZsOs0kSGQP	Axentix	67a65f9ca6bef9ae8b9b8060	Active	3️⃣Published🚀
recCmDoC2uSMzAcwm	Mood	6070de153d7909a58bbea2d2	Active	3️⃣Published🚀
recCmWRu2CjChoU6C	TechConf	6089d056187c641d2a122c10	Active	3️⃣Published🚀
recCma1L22LNOk1Vu	Jewelleryz	672113c2c5a20791dff06e51	Active	3️⃣Published🚀
recCmbFoFLIF0iWUM	Lizel	654d5f4ae06d2035f68e61c3	Active	3️⃣Published🚀
recCmccAjzGLOG0WD	Glowzai	655791f9e8f9cfb73dd21f16	Active	3️⃣Published🚀
recCmtV2UE0WSxtGs	Tokenization	6810552c45c8a465d7bc7d39	Active	3️⃣Published🚀
recCnE2z4kqy4vRsw	Prime Vision	682cfa17cc3e9029cf3e2913	Active	3️⃣Published🚀
recCnM6y8WAO0wzOz	Typewriter	62e9f3b1156de8b4dcaff53d	Active	3️⃣Published🚀
recCnvxreJAR2ctIp	Eclipsis	696ab61faee737d1b503eb4e	Active	3️⃣Published🚀
recCoLIBLQs5MblOU	ZaiHR	65567db7e9a59722edac69fb	Active	3️⃣Published🚀
recCoQb2F5BoHeFT5	Revert	665ededdfb20e764c0c4f91e	Active	3️⃣Published🚀
recCoWKHcvneHdZQP	Designizy	66be4e955ada2aa3334cff28	Active	3️⃣Published🚀
recCogHSEf12KUnRo	Oppensphere	668c1a74301e4bdef4feae76	Active	3️⃣Published🚀
recCpOySeYGgaERa2	Architect X	6334e6a48d9e97301d159468	Active	3️⃣Published🚀
recCpdmIvNtIxBrNQ	Visvo	67690010c7b0baf96a1f38fd	Active	3️⃣Published🚀
recCqJ9pjC7ng6cmJ	Agencies X	611fe7226a3f60207c252859	Active	3️⃣Published🚀
recCqYcSMH6Y6nzyS	Pinaf	63c6a6bb9d6ed62acc195b15	Active	3️⃣Published🚀
recCqeNGPIdrUNnbK	Cōnstruc	652436283c0de09f454c5d68	Active	3️⃣Published🚀
recCr43md3YuxJOtY	Quince	6387d0cc6f4a3b30e21a898d	Active	3️⃣Published🚀
recCrSfjmdn3CKPA6	FormaStudio	6590e404dc527741839d9625		3️⃣Published🚀
recCsH27jgr0waYEC	Echoes	66a75916207a372a75a0cf3a	Active	3️⃣Published🚀
recCt1lNsyY4lhIP6	Xentro	6937bc4059cf8ec5fdb5f879	Active	3️⃣Published🚀
recCtFMSlzp9m0UGB	TNC Sales Funnel	651c2cbcecf64d9a2c8ad376	Active	3️⃣Published🚀
recCtJ0z0SegoZjDB	Zaiwork	65d6c38c05b5143bf2348ec6	Active	3️⃣Published🚀
recCuBdhoQWUUdmVc	Devsync	68c397eb3c6b3995110cdc3d	Active	3️⃣Published🚀
recCuNDiACnzi6Woc	Adzan	6813d58a0eb8e8dd2e2ccbaa	Active	3️⃣Published🚀
recCuQR1bRMhFneXO	Influencer	5f84e8f0d840bd77e232f4db	Active	3️⃣Published🚀
recCuUy5ZBfXClHbQ	Blake Alexander	67e1d731b5bed8a9d9c67fbd	Active	3️⃣Published🚀
recCuqTVKtA0fAAQk	Fifi	6330dca9fa208db058934a35	Active	3️⃣Published🚀
recCv72OpYn4anjEW	Poket	63ceb18cabcb110b5d37fe35	Active	3️⃣Published🚀
recCvI7HxFvOafmqy	Seodo	66d6260640c3b080b4fcf189	Active	3️⃣Published🚀
recCvO1jDclW9IeFo	Ember	5e559f610c031b740ec866f1	Active	3️⃣Published🚀
recCvdR91tixLQmqs	Shelter	5d094378a4ef8f3dd62fa8bd	Active	3️⃣Published🚀
recCwGX2xwYbljCZP	Zinco	666d575d7bafa32fa47100a7	Active	3️⃣Published🚀
recCxD6XuiDMjkKoV	Aventra	6765723e67fc3cce15818c52	Active	3️⃣Published🚀
recCxXQo3pNAZKWd6	Cutaway Archived bn2si07u	5f64977df05fe784c13a78d4	Archived	4️⃣Delisted☠️
recCxar1ky2w4DhMA	Nerdstack	69682e730d75beaf7154aefb	Active	3️⃣Published🚀
recCyM3IXMta7IQ71	InHarmony	6664790fb1da4e373c870106	Active	3️⃣Published🚀
recCyOJ7o7L4RAhK4	Dekual	686d525f249294a1ad60dbaa	Active	3️⃣Published🚀
recCz4B3hDdvMuFsQ	Heaier	6564b4d8ee677a352902ef63	Active	3️⃣Published🚀
recCz8dNyRJAaiVKz	Azency ZF	66bfb4b8dc782f17bb953c87	Active	3️⃣Published🚀
recCzV3HOo8EYaBcS	RedAI	66a67769aef40fa90b7cda69	Active	3️⃣Published🚀
recD04Umlt2Sd5wJc	Adveza	66b141565196c12842db7098	Active	3️⃣Published🚀
recD0T4Yn0m0CaELe	Florida	64b4a26a917f2bbe27cc378a	Active	3️⃣Published🚀
recD0UAw7gTNhwWTd	NanoPro	64f559126e20f190be532cda	Active	3️⃣Published🚀
recD1QFxdUjxjvBBJ	Joyfest	6682c1521c8ab9227aa0b1cc	Active	3️⃣Published🚀
recD1kAN7SzMHgEYl	Scarr	6387c01fff6659fd10402077	Active	3️⃣Published🚀
recD2Qy133kOrWgtl	Cuizfolio	67be0952d8f84244b02f386c	Active	3️⃣Published🚀
recD2iaBqqDasa77S	Canopus	643437b6e557aa7749a3538a	Archived	4️⃣Delisted☠️
recD2unqbrcm18DeF	Branding X	61de001f904c5a0d762ec780	Active	3️⃣Published🚀
recD3d4drYrFfRqYX	NarrativeN	66da98844a97a6c529d36e34	Active	3️⃣Published🚀
recD3dHmAR78eoMrz	Monnic	6822db93164456566922bfc7	Active	3️⃣Published🚀
recD4MvdRiNE2KAvh	Santi	5b64b4d1d2f71f37b6f5c25b	Active	3️⃣Published🚀
recD4pHmfuV0R6J7D	YellowTree	63d803297be3f206e7ce77b1	Active	3️⃣Published🚀
recD4wUU5VHuEy3Um	Catalysty	66a405b9540c21c4df86cf38	Active	3️⃣Published🚀
recD52RfVitXXha72	Zeal Fit	670434d9c241de4ea9a70e8c	Active	3️⃣Published🚀
recD54dqo02E2Jh0e	Drop Studio	68225c61a11187b0c5590dac	Active	3️⃣Published🚀
recD5D2YIEPMOdHOI	Vhalo	697138cd6b50cbe8901f1ac0	Active	3️⃣Published🚀
recD5INt7VA8OhHeE	Flinka	66fd5e79b4b18bf3dee4025d	Active	3️⃣Published🚀
recD5T2KGoxR4jnQF	Coolest Comfort	6584b188cc4f4af01de0f1e1		3️⃣Published🚀
recD5vJkSuBw61Xq3	Agentise	66df00e5d9ee4251e7e62de1	Active	3️⃣Published🚀
recD7IFF5oqIC3Dsi	Zeal	6386459346000a020361e670	Active	3️⃣Published🚀
recD7W6D6SFXVxYhZ	Modiva	67e85a802fa3284f611cd48b	Active	3️⃣Published🚀
recD7aZTpavhm9RfZ	Snooze	675f58bc8a9efab1b79a839d	Active	3️⃣Published🚀
recD7rnueTzI6etM2	Optic X	66d699da3c91adb9f7b08027	Active	3️⃣Published🚀
recD87knaSchH7Ovo	Techdark	6704718c45df0dd49458a2dd	Active	3️⃣Published🚀
recD8BoNWqfDAAyNw	Greeko	67acce9f42fe2987e130e87f	Active	3️⃣Published🚀
recD8Pwf90PCCrPMj	Cloudoo	67694aba1dd275da15f1e5a4	Active	3️⃣Published🚀
recD8i8zN82HbxCNI	Payflow	653937d752b2f7aa649cb477	Active	3️⃣Published🚀
recD9BhKo14xpkrpn	Vet X	613ac208cf12200e1017fd12	Active	3️⃣Published🚀
recD9KCyNYzfGyv5f	Chatapap	65d79e43304f3f4c5457383d	Active	3️⃣Published🚀
recDAhFzZLOGOhiV5	Luminyn	6785712be2487da1ae0c4df9	Active	3️⃣Published🚀
recDAlHQYiQ87Xr52	Klaas	63a2017a5694ce6609ab8601	Active	3️⃣Published🚀
recDAoV9NN9A5xrDL	Codeza	68ef6aa8f391f818ccdf6eb2	Active	3️⃣Published🚀
recDAqQOReUHvxjLW	Builtly	66c480965ea65af9b5dea662	Active	3️⃣Published🚀
recDB6TOpznwb7wpx	Corin Vale	689168c298fd27a7c2f69efd	Active	3️⃣Published🚀
recDBGKWzd7KSa2o6	Bizmax	65e165e37aec81f938155a0a	Active	3️⃣Published🚀
recDBLjmPIyhBw5qp	Flexyfeet	6747f8c143a57d0936dd4816	Active	3️⃣Published🚀
recDBhJb7UikJXdCz	Creativeo	6689cdf04caec0e1c7b71977	Active	3️⃣Published🚀
recDBkJHLxMUOEd1Q	Legal Ease	6764e55aa767b03e226f5074	Active	3️⃣Published🚀
recDC4bB9vkgGOhKj	Aspekto	68ecbe86569e540d34188f7e	Active	3️⃣Published🚀
recDCwAZutLQfQ8tt	Binko	685ac961b7caf6ecc0a0b2f9	Active	3️⃣Published🚀
recDDfvZsqyqL7MuY	Trackable	5e78f9a371565a6e0c3737fb	Active	3️⃣Published🚀
recDDtBbbklKvEVVP	Hosppy	66647c2d0dcc771454251606	Active	3️⃣Published🚀
recDE24kqDGm23szH	BuildMasters	657cc670663f5d89d93113f4	Active	3️⃣Published🚀
recDEUlVRWZGbcaku	Avignon	65bcd8641f6380b9b9023844	Active	3️⃣Published🚀
recDEyVa7F3JrZqgZ	Myfoliyo	674b8175f6dfbbffd045cd53	Active	3️⃣Published🚀
recDFMLPRybWAP4sn	Nexan	66f5548805368deceb6ebd9d	Active	3️⃣Published🚀
recDFsI8dxX6z6sIe	Lasko	63fead3590705711a11f2897	Active	3️⃣Published🚀
recDFvqeN00zw9uIU	DesignDystopia	65f7e3bd81129a65c9302c45	Active	3️⃣Published🚀
recDG4fJlb3Dfo8tw	Pleasant® Archived yzy84upa	6635637b060f683716db75e4	Archived	4️⃣Delisted☠️
recDGWRVHaBQkGwpM	Greenze	6928c7a4979255a26d64b1f3	Active	3️⃣Published🚀
recDHVBv0MXY3qrDa	Duotint Archived rmutxd4p	611ea5a4a389409455e87d4e	Archived	4️⃣Delisted☠️
recDHg3YPmKMOtSkR	Portino	6340166502c227c310e29f29	Active	3️⃣Published🚀
recDHkjdVSaWqU8sh	Sailwindx	691be8d2cffa09b226e55342	Active	3️⃣Published🚀
recDI2ABlkLLb5rY9	Software	600b7c872137eddba98570bb	Active	3️⃣Published🚀
recDIX5fT35BBCd7E	WebHook	5f3fd1095e3506705554711e	Active	3️⃣Published🚀
recDIdI8FPhxJWxO3	Agrona	68f7110bf1c06453b72d49f5	Active	3️⃣Published🚀
recDIiYUPah28DdzS	Mark.R	68954985cd5be50d97752340	Active	3️⃣Published🚀
recDInoxjtGNrC7hp	Jurri	6613c4811e501225d2f3bdbb	Active	3️⃣Published🚀
recDIwtSXjSiXlPT0	Rachel Harllow Nutrition	6495cfa1eef228b4608da480	Active	3️⃣Published🚀
recDJ5d4wAagcqcHE	Zohco	6800809af95b5a1669403640	Active	3️⃣Published🚀
recDJDzUInlKfPpGQ	Mirai Illustrator	67605516fbfd9769ea380049	Active	3️⃣Published🚀
recDJM5v6NCyEKk6g	Architectr X	650daf893473d8b88f5f4e94	Active	3️⃣Published🚀
recDJkhkwkMfkLBtr	Canny	65de28a30225984b551ace2a	Active	3️⃣Published🚀
recDJxhtiUYk97PWa	Bitubi	611ea8c8935a21290aff662e	Active	3️⃣Published🚀
recDKFUpdeED91lme	Driven	6436e1122a48af5ac562db97	Active	3️⃣Published🚀
recDKFvwuaj7n4T8k	Links X	60f798270237496a9adab9ef	Active	3️⃣Published🚀
recDKYVvf08vsrgEI	Vienino	6882cacdb4077b7b27b11ff7	Active	3️⃣Published🚀
recDKqWBcGPXGbBl5	Impact Studio	65c7c28c723f67efc2bb754d	Active	3️⃣Published🚀
recDKw8g8noEb1yz3	Kayan	5f21c4f16619590b8c391cf5	Active	3️⃣Published🚀
recDL14RdER9Tj51x	Neutral	613bafb7d8396607a1fd293c	Active	3️⃣Published🚀
recDLliZ5hfw69wW6	Zaicall	664f666b669b42ed27d3be51	Active	3️⃣Published🚀
recDMfgrJEFNNCAEy	Dwayne Ecommerce	617f4f45bffa9330e3b3e667	Active	3️⃣Published🚀
recDMyse0PwGJm2xl	Crafthive	678dcf383491aa42288bc317	Active	3️⃣Published🚀
recDNBYyDkKAbIJb1	Sintek	695bedee7c66265cbeaad1f0	Active	3️⃣Published🚀
recDNQSDcDo6NP7ZQ	AER Agency Archived pbncqifs	666cd6d8fe2772f7f274ac37	Archived	4️⃣Delisted☠️
recDNRI5kxGaA0D8u	Blossom	64a591cb2cc4af90b9b6afca	Active	3️⃣Published🚀
recDOVawDg0F8fNvP	Agoncy	651c2940fa7b60ad8a16e46f	Active	3️⃣Published🚀
recDOzBBCtEXzf7pG	Sumpro	6750c32d8059dfb1166466fd	Active	3️⃣Published🚀
recDPexHhTp0NDEGC	Studio Moncler Archived 3e8gilky	66268d3b0e84691ffee8bb0e	Archived	4️⃣Delisted☠️
recDPjmitOUb5WLeT	Nexafusion	6542aa49cd975cbfce81223d	Active	3️⃣Published🚀
recDPlPyCJoVrPLh7	Lume 3D	654d631a3d4a31987b00b5df	Active	3️⃣Published🚀
recDQVeeETcoPcvPe	Bizgrowth	68239e0685ac8b5253f67dd9	Active	3️⃣Published🚀
recDRS155YiZpqkVK	Agency-X	665a262294348e2cca72cd0f	Active	3️⃣Published🚀
recDRYm7Z44krviwI	Vistara	6862f7025a64f3f37a8ec3ac	Active	3️⃣Published🚀
recDReycUvkUF4PHi	Washy	67cb3a1a9c4ecc4b5ac3dd00	Active	3️⃣Published🚀
recDSaszlghqzxzLz	Moero	63a9b7a3c62947fd77e1c529	Active	3️⃣Published🚀
recDSec0GKjNfYWmP	Arte	5ea74bc0d2eeb9a4d619dc8c	Active	3️⃣Published🚀
recDSl34MFmaeqyAw	Flux	6446c052df1160be0ade1067	Active	3️⃣Published🚀
recDT0YMXBDRPmElG	Juno	63aef9a4493ff77aa661493c	Active	3️⃣Published🚀
recDT7TSD4SZJ4zZd	AirCode	6756df8c7fb095b5f1f9e5ef	Active	3️⃣Published🚀
recDTJAAltwYFJOrv	Alexjorgiya	67cfa67008399176c75668b5	Active	3️⃣Published🚀
recDTOuhi4yCOa4QH	Zenith Templet	68c75be3d8f6b9ca291b621d	Active	3️⃣Published🚀
recDU919tLbmRwZ3B	Surgeon TNC	67acdb2242fe2987e1310295	Active	3️⃣Published🚀
recDVBbMjalztrFGZ	Leah	6201a9835e2c4443569a4a6b	Active	3️⃣Published🚀
recDVESpQ9Zs0vpgs	SignalAI	652d8073b58f4090a573bee4	Active	3️⃣Published🚀
recDVyYDDnLxDpxpa	Petrichor	62c46927c8998161d84e2311	Active	3️⃣Published🚀
recDW0Se0X46Uy1kO	Nimbus	669a9bc8dbd492eed27f1487	Active	3️⃣Published🚀
recDW75wvfTIg9TKj	Nimbo	637714a3eadb5c7599ec0cad	Active	3️⃣Published🚀
recDWHMUv87vFl3lR	Kaivalya	670f16340990621ecc46eb8a	Active	3️⃣Published🚀
recDWgBWu4zvczWPX	Digest	5c87f95154b42c0dcf8f38e2	Active	3️⃣Published🚀
recDWsqP1mNuCx6u6	Noctics	67586cbbd19102add81b42f7	Active	3️⃣Published🚀
recDXQzQLHKWdpttb	Hummingbird	667dc1a5a458dc06ff620b14	Active	3️⃣Published🚀
recDXkdPJOf0eSC1Q	Gradient X	6387c679fcbe3f6f3b06da2d	Active	3️⃣Published🚀
recDYkeWSB1rbraHE	TheDesigner	66bc5d983819a048f2dff192	Active	3️⃣Published🚀
recDZYafL0wVI8h2v	Atypical	66d0ccc02075911d58645884	Active	3️⃣Published🚀
recDZkjshrG5GqU6V	Polobit	69067baba83a534983c78663	Active	3️⃣Published🚀
recDZo1gHEPVY0iPa	Hexim.	6716da04de409d58e781e6c7	Active	3️⃣Published🚀
recDaAI1ft1Qrn9Uu	Brandor Studio	698537994af2fec166079a99	Active	3️⃣Published🚀
recDaUbROXmnyWSda	Active Aura	6721f42fc5b4672bf477a20b	Active	3️⃣Published🚀
recDasAwdhSfXOrBP	Banky	6132a2bdffbafa227b107fa8	Active	3️⃣Published🚀
recDbFQgxUbZj0MIk	DIGIBI	661971ae0a8031d6f190b1d5	Archived	4️⃣Delisted☠️
recDbbLKy9CEkbLUT	Rocfklow	659453e35dc1ccf53655058a	Active	3️⃣Published🚀
recDcCXpmfP9p8NLf	Acounty 128	6578cd0696516901e49dcced		3️⃣Published🚀
recDcblNofQWuMHrY	Easiest	66ce18f9769ddcbadbf5ebfc	Active	3️⃣Published🚀
recDclftyPcVdXYam	Claire	677310e89222f0707424a0f1	Active	3️⃣Published🚀
recDd5xPuhT2CLoa1	Mori	6446bf8090bc0b1946d8b344	Archived	3️⃣Published🚀
recDdJObYODLcEOvQ	Moon Coach (Ecommerce)	64555cd6669ad6332e9b2bfe	Active	3️⃣Published🚀
recDdWx9UtdtqaSEn	NVblast	65f7c7a8a05c1a6291ecc2df	Active	3️⃣Published🚀
recDdkQivEVOmbecL	Algarve Studio	6976ac19385bec2cccc6c75f	Active	3️⃣Published🚀
recDege5KA67yV78k	Medlab 128	649c86565e029a280d08bf6a	Active	3️⃣Published🚀
recDeqIawpfyh8seD	Agency X	6099e9ae54bdeb72c4e92979	Active	3️⃣Published🚀
recDfNUSFDP0JKItQ	Tottori	664b9c561564a2deeefeb202	Active	3️⃣Published🚀
recDfNsjqzwEtfk8t	Athlenia	68e148000088613a204e9204	Active	3️⃣Published🚀
recDfmYbjRgKFNPRC	Playello	6785b7a9c25b4a453d8d3fd6	Active	3️⃣Published🚀
recDgFWJ62GzmDy2E	Lymk	6965103cfcf2cec28dcd2a80	Active	3️⃣Published🚀
recDgKZUnSG6zqHXO	Homely	603eed972d15ef69a82e3573	Active	3️⃣Published🚀
recDh5xdwTgt54rq8	Finni	60d5232388e4414093e009ee	Active	3️⃣Published🚀
recDhJOiqA6UctXWl	Forestry	65d4b591ede9fe239484bd16	Active	3️⃣Published🚀
recDhx1E7pNJHGbSR	StonePixels	6797e92c4f420a98dd355074	Active	3️⃣Published🚀
recDi6wAofmUKtwcm	Active	63bed6f911e947bd169a4d9a	Active	3️⃣Published🚀
recDiPotl8SOalqBx	Trendfy	68191c52f8e07e66ce508e47	Active	3️⃣Published🚀
recDiRnXxIrNV7D8y	Elvra	6995ed12da3c939a969c161c	Active	3️⃣Published🚀
recDjSXVkJvAu6Hux	Asency	665894aeaf1c93682ac27721	Active	3️⃣Published🚀
recDjUVnMyTKuwz5y	Paperfolio X	63befc12a690749e70bf72cd	Active	3️⃣Published🚀
recDjbF35LQExLXtn	Sleeks X	66cac2fadde493cf81fc6e76	Active	3️⃣Published🚀
recDkNv0QfmYSjeJ6	Audrey	68ed0f1c569e540d3419390e	Active	3️⃣Published🚀
recDkVgxDhltQYdsX	Straxon	66cebfd41ea4dfc3029af1e1	Active	3️⃣Published🚀
recDlHPy5K31jTXE0	Modena	5d34d756d1cb7f38ab36c4c6	Active	3️⃣Published🚀
recDmE6z6lJjdvGlB	Renode	65a6abcf0badea2997fa99ab	Active	3️⃣Published🚀
recDmGcQIHQWCIXJr	Solara	693c5cc4adc112312ab6df18	Active	3️⃣Published🚀
recDmfRp5WJsCQ5OC	Pepper Archived 5hupxucy	63a5d531ed59558d2c283a68	Archived	4️⃣Delisted☠️
recDmu8NNdcGBbmjp	Planner	64da3abeb06e45f54bfa60ff	Active	3️⃣Published🚀
recDmydrQERwA6Jal	Honey	646e317b7dbd641c017e67d5	Active	3️⃣Published🚀
recDnRs23OEGaOfka	Black Plus 	6479f4db85b275c85b2e76d8	Active	3️⃣Published🚀
recDnXgPCYFv9A7CR	Signal X	68fbb538d9ce51dba7d3dd07	Active	3️⃣Published🚀
recDnYHe4mkM5ef4i	Dawn	6046d855b9b63fef70c6f896	Active	3️⃣Published🚀
recDnZTGxegAQeTcG	Netdocs	66267a0afea88e6bb2cfe049	Active	3️⃣Published🚀
recDnaGUMzXfJlUUM	Cipher Security	6708be968edba24687ca3243	Active	3️⃣Published🚀
recDoHQp4NHU7ollP	Exponent	6321d3ddd6ee3746e2f52952	Active	3️⃣Published🚀
recDoN1GNwKamq4qp	Portfoly 	67bc9241a056e1cf2b6c8056	Active	3️⃣Published🚀
recDobCW91ZsPZ7w2	Jidenna	648ca48c47f151345d5ab2f2	Active	3️⃣Published🚀
recDoxlT1jDcccfky	Jake Carter	6745ffa9a455790c95065b8f	Active	3️⃣Published🚀
recDp88JFNpoe5AFP	TALL ENERGY	676cce4ebe9e2cbfcf113c4a	Active	3️⃣Published🚀
recDqxIAIVaAQk9Uz	Trend Trail	657a2eaba8adb0010be39876	Active	3️⃣Published🚀
recDsbfVmVl7LUKwB	REBUILD	64cbcc53c93bc90251963e6c	Active	3️⃣Published🚀
recDtWFpsTugfGypY	Templyst	6787f7d13a4abe6baa768408	Active	3️⃣Published🚀
recDtmc7CMvY3Ndu5	Qwery	60d5257ef342c9fc896ab240	Active	3️⃣Published🚀
recDv2e0jDTCCPBJd	BlakeFolio	6777181db0c2f458b6c66e04	Active	3️⃣Published🚀
recDv2kKx70juscrX	Crosszone	65aaae98c6d5fb76cce76533	Active	3️⃣Published🚀
recDv51vaxGQLkw12	Avtar	689f70edbe95161748bc6bd8	Active	3️⃣Published🚀
recDvliklIGZyHXkp	ApexCare	68d5b73a2f0909c69705c1ac	Active	3️⃣Published🚀
recDvo8qGzgd6vSK5	Nal	664cd289db8e148a8a970955	Active	3️⃣Published🚀
recDvug4FbeBvJ7xt	Lumens	69120ed6c6adf0491e446811	Active	3️⃣Published🚀
recDwSB0uw3kthkee	Constint	66a3d41cc40765acbf853d69	Active	3️⃣Published🚀
recDyE04o3EbmxwKo	Inner Archived 3qjnw14w	631b78e537f37afc6ac632a8	Archived	4️⃣Delisted☠️
recDyIJ1BN6wDESPS	IndieGo	5da4cd4cb9d537cf0756166b	Active	3️⃣Published🚀
recDyhbfd5d7NNUMs	Atila	5dc4897e53c72ee5a1b6a91d	Active	3️⃣Published🚀
recDymoDHKnb5blAD	Hugecon	696891918270dcd88838fd62	Active	3️⃣Published🚀
recDz1qY96hxW1kEf	Collective	5f21e68f35200a84a5f59f83	Active	3️⃣Published🚀
recDzLFQ5wfBGiymJ	Oliv	63de897e1b4c0884533e2b45	Active	3️⃣Published🚀
recDzQaCIL79XyLwm	Buildazo	65d9e01958b734286a68d15e	Active	3️⃣Published🚀
recDzUAKqFlG8IJBL	Joyfolio	6520323bf65a3ac72ce192af	Active	3️⃣Published🚀
recDzlTSh0xQJ9OjD	Tranquil Clay Archived snqbu8ir	652d7dbb8d19d5df3ee12219	Archived	4️⃣Delisted☠️
recDzn3Ahurg1caCk	Wind	65b5b8a5a0e2af577b50b196	Active	3️⃣Published🚀
recDzzDRQKBfcJ6OU	Agencium	657ca08e9dbeff4273c15cea		3️⃣Published🚀
recE0ZjhwoorEd2nl	Furnish99	695d2796b4c3c82904ca8853	Active	3️⃣Published🚀
recE1mHnFJH14NaPQ	Grownix	661c41f42bbf0ff22cfccdf5	Active	3️⃣Published🚀
recE1sQpFX7OqeUEi	Identity	679c5bb7cbfb39d25479bccc	Active	3️⃣Published🚀
recE22A6ggWyLEUtv	LeStudio*	67069cac54a03c945148ef5e	Active	3️⃣Published🚀
recE2OgiDUrJNRGsO	Befawned	695d47c6d2caf10ed79aa119	Active	3️⃣Published🚀
recE33b3Om8WjPrsf	Outdoor 128	65f372c8e0e62d5bfee5f646	Active	3️⃣Published🚀
recE3GhtYybPmXpib	Gymnastic X	65846432f909a53b39cfc186	Active	3️⃣Published🚀
recE3VtfdlzmmJ5lx	Realtor You	6644e13f197486565d14fc2f	Active	3️⃣Published🚀
recE3x4hgIUkQ8dzD	Digicom	6706ffc598a11bad0b264b53	Active	3️⃣Published🚀
recE4n9mMQb0H7eIL	Slayed	693c95f06323e17b155f571e	Active	3️⃣Published🚀
recE55mNNtUOLQQZo	Phoenix Creativ	64f0bd35c1246612c12a7657	Active	3️⃣Published🚀
recE5Zuvrkgvm1JuM	Visionframe	69176294859345a05c41d1b1	Active	3️⃣Published🚀
recE5gewqnqoWbqxh	BrightHive	694ed1390a5f109f08dab082	Active	3️⃣Published🚀
recE5w8qyVFNDhwnQ	Florence Architecture	66009b1197fdea31bc9c9635	Active	3️⃣Published🚀
recE6aRfZ5JAjMFyg	Dinamic	6669ca7da01f7520f9befe25	Active	3️⃣Published🚀
recE6fQFVPddLEm6k	Urban Estate	670436beec4af2119103fa10	Active	3️⃣Published🚀
recE7NiWHjvCO7DUP	Etonal	64a6ea85e07bd716ae12c078	Active	3️⃣Published🚀
recE7i9Fn08aSjaNH	Lapp Archived bz0pa5wg	60b02b637c8bd085a061fe0b	Archived	4️⃣Delisted☠️
recE8sXlFrzqd8aKG	Sajabo	694642600de029c21894a4bf	Active	3️⃣Published🚀
recE90KHlIY1DbjjX	Sport Club	66371e84a188a2ffafa46708	Active	3️⃣Published🚀
recEARltGcGdzbZDJ	Pixu	699cb0aadb4440ce060e8ad2	Active	3️⃣Published🚀
recEAT1oQ8wHNdMeK	DRIPZ	64c7c9d0897054d95be53836	Active	3️⃣Published🚀
recEBPTbrY79YfL2T	PixelNova	681a3b0fa54ee86d0b4361f6	Active	3️⃣Published🚀
recEBorkUUOpOuZ2a	PortfolioX	67210108a0327daa78a574dd	Active	3️⃣Published🚀
recEBufJAUHIENXrI	Zaithorty	65b41feb8f8b706cdc0865e2	Active	3️⃣Published🚀
recEC9jsMSA41kGsF	Marketor	66479fc15716af00e320f355	Active	3️⃣Published🚀
recECOA29hIE1oswR	Smokehouse	68ed0194785cae34463884dd	Active	3️⃣Published🚀
recECrWMLyXTWOu4K	Tactix Extend	661081f5b05dc00b242bcf31	Active	3️⃣Published🚀
recECzxsf04JS6pYK	Jeeti	60e784cecae3f7469fc57fc9	Active	3️⃣Published🚀
recED3OiGiNeExB63	CloudAI	64ecc3e470dfcc4122cb94c7	Active	3️⃣Published🚀
recEE7jjteg49yXkP	Venteru	693b46360f08c47611dd1e76	Active	3️⃣Published🚀
recEEnL5nwRcpthMw	Responsible	600891a24e9aad008509e423	Active	3️⃣Published🚀
recEExkZYJFN9yoCA	Lumari	68f44ff1ea16dd382f084378	Active	3️⃣Published🚀
recEEyIuXHik1nf6c	Johariv	65612827aeb0c62b57a30b37	Active	3️⃣Published🚀
recEFX1PkvhPms5gl	Lezo	6789d4456659e6b212f28df2	Active	3️⃣Published🚀
recEGLZEg6R3JYw1S	Leo Lutz	62a9390a3c027a554a56b94f	Active	3️⃣Published🚀
recEH6OFhq1MSg9dn	Accomplished	634747246ce7b3bbf25c6685	Active	3️⃣Published🚀
recEHA9dYryAizSBi	Campione	6822d99b0bef531eb6c6a48e	Active	3️⃣Published🚀
recEHKyxs3LIGZk8a	Papers	61e0b1b9787b5c2d7fced397	Active	3️⃣Published🚀
recEHwfeOHr3zeabN	Nase-Author	652d84c910303cef4c059922	Active	3️⃣Published🚀
recEI2Uk5GMBqeWLl	Zozi Smith	64115f5b241033276801befe	Active	3️⃣Published🚀
recEISfpGfQ4GH0Hw	Klaer	5c87f891590edaa9db487a54	Active	3️⃣Published🚀
recEIaU1CuD6UWEOu	Eternal	63cff028fffc82348b840a3c	Active	3️⃣Published🚀
recEJ7iz6ERTqlobY	Noter	6446c0ef60bbf9a14c6b98db	Active	3️⃣Published🚀
recEJ8vM34fsZNsYy	Nurturing	69821d76eb9223751c579df6	Active	3️⃣Published🚀
recEJGbEGKX9JpLuu	Creado	5e83e0a0428d2e87072e6727	Active	3️⃣Published🚀
recEJjfCYhAiRyT4J	Bnkify X	660dda53dd956fbf8e0495f3	Active	3️⃣Published🚀
recEJmtxTy9knTOHk	Market' Buddy	6453e627cf1dde61d86ff628	Active	3️⃣Published🚀
recEJujv1C7kAP8hY	Consult Me	6489f77aa6d6ed627a6205a4	Active	3️⃣Published🚀
recEKf3UzGcQ45N5m	Weathy	66f1f745d4d929a813442f5b	Active	3️⃣Published🚀
recEL9ZoFX4bqIqat	Weblog	658892254e5d3f1d1fce9eae		3️⃣Published🚀
recELfAmp5SBlMZY2	Yokohama	661963b2d8e757a45d41dcab	Active	3️⃣Published🚀
recEMBozZdu2qS9NL	Hello Stacy Archived ira4yw5c	60b6be224e2c32fe44778c5a	Archived	4️⃣Delisted☠️
recEMJGDJg2UR3rg9	Hamburg	63c361649bcbb47dfa7c2d38	Active	3️⃣Published🚀
recEMdJTeMhu2jbDc	Purplio	67f17d58b61e17b7f6fb2057	Active	3️⃣Published🚀
recEN1Ec9KPCXBZbK	Hahawhat	6675b4d8da102491fbcf6862	Active	3️⃣Published🚀
recENONMR5R8gVsoX	Megn	685ec0bc064e7c9db4420b7d	Active	3️⃣Published🚀
recENPB8hfllf0hir	Luvy	6607178c75e196862639c92f	Active	3️⃣Published🚀
recENta4nYazpQSIH	Syndicate	626ff8f9ff41923d681cde3c	Active	3️⃣Published🚀
recEOZ2KPjOcvWJZC	Komfert	645cdae369005d6c86bddd54	Active	3️⃣Published🚀
recEOfdHmg9NhRkDf	Finexpay	66e60e820dcb8cb0f1b3ce2f	Active	3️⃣Published🚀
recEPaaGH5B6zci0Z	Diet X	63168bbacf6f3b381559b97b	Active	3️⃣Published🚀
recEPexQwTWAMrcdI	Darklit	6793f04607053a386ed40f3e	Active	3️⃣Published🚀
recEQj70TtUs0BV0k	Libero	57b246ffd22c96512499486d	Active	3️⃣Published🚀
recER6bUELVXu5pEM	Aardvark	630a5373f1f8207cd24ca4ac	Active	3️⃣Published🚀
recESGNEVEhJkxUw1	Limes	6654dd90a8cb387ae9bebac3	Active	3️⃣Published🚀
recEScR845EpR2Mvp	DoYoga	640ba90b09bfca66fb58c52b	Active	3️⃣Published🚀
recESvkKRcSmO6xjB	Aligna	6893ad42c6d20e42bf231ac3	Active	3️⃣Published🚀
recETCoR6OBKXzccL	SELLOC	63994d61c56174113956c9ae	Active	3️⃣Published🚀
recETGyMdY7kBDcFe	Saasy X	675733d31aee89b1f0ceabc0	Active	3️⃣Published🚀
recEUcZ1vXiIrJlHm	Skware	65f9e78e6519b061ac0b985f	Active	3️⃣Published🚀
recEUlmb6hX4sWxFf	Zaine Grey	6330de7524771a860d80c851	Active	3️⃣Published🚀
recEUz2O23bzCZ1Up	AGENCY3D CUBE	668b8b5e27b91fe128de81e8	Active	3️⃣Published🚀
recEV3WGMa5s4k5j9	OnDemand	68446c651143f801d3161fc5	Active	3️⃣Published🚀
recEV5jPQK9PKo80F	Montage	68adeed1b8236981b3868e33	Active	3️⃣Published🚀
recEV6NaVCI0NDUIv	Zoooooom	68255ea5a5137a96383401a6	Active	3️⃣Published🚀
recEVJTw0jndhrCf5	Paynext	6867e67b1ee4b7c69deb627c	Active	3️⃣Published🚀
recEVJsaRG6hEnVfQ	DUO	666b6895ae238f4f5af28a92	Active	3️⃣Published🚀
recEVK8zq591ZkWR9	Flowence	69120d98261d3b7b8e1e0f7a	Active	3️⃣Published🚀
recEVRFZq1FN9frv9	Brann	68b91b11c784449ed0c44fe9	Active	3️⃣Published🚀
recEVWj6CPr1BCceu	Carent	67986b82e878f5e75598c102	Active	3️⃣Published🚀
recEVdGQZwzisIdqh	Natura	5b3381d59fe435eed1f882d9	Active	3️⃣Published🚀
recEViW3DcYXqGQ3q	AirNex	66104b6149a3b977f48b222d	Active	3️⃣Published🚀
recEW32mB2onSQqDj	Yoga Instructor	609da59289919084ceea14d6	Active	3️⃣Published🚀
recEWRJp8N1avsoj3	Ruby	6695b090f94d158560911614	Active	3️⃣Published🚀
recEXUsvqMRj85GRB	Taskio	6734037725241acb9e0d1369	Active	3️⃣Published🚀
recEXsN8BlLi9jtOp	PursePulse	66267df89c8f3fe2833c9790	Active	3️⃣Published🚀
recEYCqUdRR5ZSaEf	George.M	69499572768380912760579a	Active	3️⃣Published🚀
recEYSZsEqUXMMljO	Egencify Archived owt5sfbm	6491faaa6d75e81f1dc61d52	Archived	4️⃣Delisted☠️
recEYbvZfvQa6RVAO	Apptivate	672ad7bccb1c90f1606e0aae	Active	3️⃣Published🚀
recEYjESu5k6z18y2	Skold	63c4a4db2c404be1d00c7789	Active	3️⃣Published🚀
recEYlIdc2HliXhkS	Gente	66b39e9db435db0adf0ad89b	Active	3️⃣Published🚀
recEYo3NPzYXe5JqI	Small Portfolios	5ede87780fe9674925b1b59e	Active	3️⃣Published🚀
recEZ8LGvIeVT9oiv	BrainX	664cd6ccdb8e148a8a999785	Active	3️⃣Published🚀
recEZoRMXr85yfB1u	Polar	6464fd7d5ca55dd671a377b1	Active	3️⃣Published🚀
recEZtKMdthKqLNRY	GSAP Draggable	681152a604a40890d7455db3	Active	3️⃣Published🚀
recEc3pAsoWxq7sn6	Uncover	656f5e49302f82067b37fc26	Active	3️⃣Published🚀
recEdwcYukwEGbFXg	Shokti	699cbffa9224e9650717bfc6	Active	3️⃣Published🚀
recEe4XtRunAfxiOO	Photo	5989afb9153f320001959181	Active	3️⃣Published🚀
recEeH9tkkEk0dyPH	SkinEnvy	66f8ae83c066f93e4da4c0c7	Active	3️⃣Published🚀
recEeaqNopXyC16sf	A3time	6603137e0d55e96958a62b44	Active	3️⃣Published🚀
recEfGohbzCjHamcR	Finozest	67610021774d8d8557fbe0b0	Active	3️⃣Published🚀
recEfbJCPUSmEoDDu	Davidsson	67ca8f9d417f2ec13ab2b3d6	Active	3️⃣Published🚀
recEg24qg9jM6Q3Jv	Everett Studio	67f97c9c07545a042be177a1	Active	3️⃣Published🚀
recEgChdCyVZsJnQ4	Evan Maison	62bdeffbd787c40858d9d93f	Active	3️⃣Published🚀
recEgItQCIefhYOh7	Vectory	67cbded5632a4d8cd82e8718	Active	3️⃣Published🚀
recEgxK0qRrTgbYQE	Almighty One	600b5b43afcfe920a5e772ef	Active	3️⃣Published🚀
recEh9ISO16N0ehQr	Aldo	677de11b454739af6cd1cb4f	Active	3️⃣Published🚀
recEhAYuXea7Xboza	Manis Studio	65cb7078c86f9617102c7e4a	Active	3️⃣Published🚀
recEhJmsGqE4NJbvR	Donora	6940c28bf16baeccce2c068b	Active	3️⃣Published🚀
recEhr0hly7rCeXax	Alpha 128	674a272bf745268d953da070	Active	3️⃣Published🚀
recEiZjC9vH5h4ezf	Cloudis	681e9742b93142f117f60bfd	Active	3️⃣Published🚀
recEixH0MzquZrwcS	Capra	66d5ebe4671e8cfa876a3a10	Active	3️⃣Published🚀
recEj3qHMq9QiqKZh	Lunna	687ddc90b7a61fed552c194e	Active	3️⃣Published🚀
recEjJ9Z4eWj7NWQ1	Gulla	6695fec64f1f44f4c00f32a2	Active	3️⃣Published🚀
recEjlcOzr29PmKQz	Wayo	6976fb63385bec2cccc75671	Active	3️⃣Published🚀
recEkN5JeKZBgnbI2	TellDesk	67c534687bd0bcd1f6bdd297	Active	3️⃣Published🚀
recEka92niPKEDemv	Clarkson	5f7204703b83db5b3ec849b4	Active	3️⃣Published🚀
recElLm1PDulUcGCp	Alliance	62e9f75dedb082d992ec29e6	Active	3️⃣Published🚀
recElfw8jDEyJRyYq	Capsule	657a6f3ffe62ca110a277b71	Active	3️⃣Published🚀
recElunimtKn05fCi	PolgarLite	65e7c726df078ced9b36c0d6	Active	3️⃣Published🚀
recEluonW0gL1UIsx	Ark Studio	645a5add59f33e4221dfd2a4	Active	3️⃣Published🚀
recEmQvo0h8SiMqLA	Colorful	66a753ff88331de1c5439308	Active	3️⃣Published🚀
recEmdvzx9cIJ3SFd	Fusca	679db7eb76bd05f094856386	Active	3️⃣Published🚀
recEmupPeVkedcLWg	Niore	69042aeacf6966de82c86500	Active	3️⃣Published🚀
recEn3QO6bRtr309b	Crons	6907c669568e3080aa0d3052	Active	3️⃣Published🚀
recEnMM1RbHpboSDP	Fenestration	6602553c23227235a20518b7	Active	3️⃣Published🚀
recEnP6A3W8RTEh07	Gisou Collective	680851edf3fe891f092d0500	Active	3️⃣Published🚀
recEnQKxTmz2EP5yA	La Mansa	6740a11959aadecd64008ca9	Active	3️⃣Published🚀
recEncgMpiz0V7JpP	B2bizz	689e5b8b5e23663f95353919	Active	3️⃣Published🚀
recEnlPmXLsn451Jz	Finture	68dc19f95104e7c3df9ead2e	Active	3️⃣Published🚀
recEofUELZdMt1yKg	Donutland	659704aba1eb28dbcd8da876		3️⃣Published🚀
recEogeItp2wLOsYN	Neuro X	66ddf6908b7957d393a549f9	Active	3️⃣Published🚀
recEpEvfrvLTHQQ0B	Caibo	6279d887632daa65f3217486	Active	3️⃣Published🚀
recEpLdzrZDDmZ0wM	Chrone	67f55f44b8c4b59f93e1c240	Active	3️⃣Published🚀
recEpNHWS8KOHIh4S	Sascard	6491c3fc0048b2cc5b8da05b	Active	3️⃣Published🚀
recEpOk3tjKctAeGF	Theta	6495cbec26f60d7c461b1bae	Active	3️⃣Published🚀
recEpU4HVXfWIbh86	Omega3	68a3ee595c676b671b853a35	Active	3️⃣Published🚀
recEpaJegAcUvjQlP	Zentree	68434cba4741e1761e6e73a1	Active	3️⃣Published🚀
recEpeSmVKPClbSlA	Pixan	67d8de3bf3542517b37ce204	Active	3️⃣Published🚀
recEpfIFZVSP7puVd	K-Lane	68748ace38c8b40f540f7dac	Active	3️⃣Published🚀
recEpxyy7IpZPj9Na	DeColardo	683f1df69486f71eb738f7f1	Active	3️⃣Published🚀
recEq66U9BXmj0Hiy	Jones Smith	68ecff04785cae3446387dda	Active	3️⃣Published🚀
recEq6G9XMl9j8fMr	GameOn 128	66dfdfdab5cfe9827dc0f89f	Active	3️⃣Published🚀
recEqJGzphaBCwn4W	Jade	67bf51b159f26a62a0642abe	Active	3️⃣Published🚀
recEqtlvUy9DXppEj	Architax Archived tn60n7we	68841675ccd7a486715ac2aa	Archived	4️⃣Delisted☠️
recEqvGed5po6q8bM	Dinnico	628bf02a3c72578f900fac67	Active	3️⃣Published🚀
recEqvH3LLzQO97hc	Camply 128 Archived yubmxta7	640a08bddd7e10011414b78f	Archived	4️⃣Delisted☠️
recEqzsspQspQhv4Z	Chapel	6184789ea5d45573cabe2910	Active	3️⃣Published🚀
recEr9nYbrchrt0l2	Ventero	697b7f88839835805d45b68f	Active	3️⃣Published🚀
recErt5eAg3WBTLRB	Kozmo	689f9d33d258d0182e3afdfd	Active	3️⃣Published🚀
recErulmBOLAFl3ym	Heyday	5f6138de85b5d593a5d1460e	Active	3️⃣Published🚀
recEsB31Yj3yol9jC	Native	60c16327baac34277647b71f	Active	3️⃣Published🚀
recEsWnRsi0qs9wz2	Mary  William Archived k4uvy74b	62321f5d9878ce524f4ff75e	Archived	4️⃣Delisted☠️
recEsfM6PxfxgZIRg	VisioGen	682d134c4c01da074bb0a5e8	Active	2️⃣Scheduled📅
recEtVNAVOZmClPGT	Bricksio	68efe3aad2aef235eb32672b	Active	3️⃣Published🚀
recEtqILUmj88T5w0	Alcay	673e027e35187915bc2055d4	Active	3️⃣Published🚀
recEtvK5sLZ5rBpSX	Nest	6089d10145f99575e8c2ba26	Active	3️⃣Published🚀
recEuJNmSC2uNLCKR	Horizon	5fff7986ccfc4c3299e9d9b2	Active	3️⃣Published🚀
recEuWWNjyQhjXQpU	Pulsara	686351f30b6fd7271737f2da	Active	3️⃣Published🚀
recEuurupazNAHZyl	Gorgina	651ae38ce82c248c5463e5ca	Active	3️⃣Published🚀
recEv9ylDbcoPKtD3	Thrive	65eb43bd0c55ea4b5dbbc00f	Active	3️⃣Published🚀
recEvMhEQ2t7m3oWu	Østen Wilde	65fb33d93f602da08235ca2f	Active	3️⃣Published🚀
recEvanMAQX2x1oVj	Voxelry	67e9ceb2c8935d1d5e7f3666	Active	3️⃣Published🚀
recEvipsXkszE2wVJ	Sofie	66e89ffea69200928f47f50e	Active	3️⃣Published🚀
recEvpHPb5Fs1qyni	Pearson	67357c6b42140efe2ccc4b7b	Active	3️⃣Published🚀
recEwSgXVjEuITZoQ	Photographer TNC	65e90546e44da13127cc5c5c	Active	3️⃣Published🚀
recEwkMhE9KAF6NwY	Digital Payment	658062bed18d73552bb33a99	Active	3️⃣Published🚀
recExHjU2wvmwKHIQ	DriveLine	697b81a0be9537456a986387	Active	3️⃣Published🚀
recExLEVJ5ZVxxwCV	ZealTheme	649ef63f5d1d8ef2bc331e8d	Active	3️⃣Published🚀
recExhaLXbqF8uBBe	QR Code X	621d17b2a47def34ded74e57	Active	3️⃣Published🚀
recExzdO3IMQkxVXx	Doctor	607782aca11f87c9af01313f	Active	3️⃣Published🚀
recEyHnQGP5BzWJUs	Magnetix	67770104867846b7ad3db93d	Active	3️⃣Published🚀
recEyvSFBWYVzmIEo	Inventive	63d3f5744c4c4462af3414b6	Active	3️⃣Published🚀
recEyzB1GgCPhgajp	Sasjet	6581fb75cc9d0a44c844ce5e		3️⃣Published🚀
recEz1IYdDqpFbEe9	Nomira	6852e9950df60909f7b3f46a	Active	3️⃣Published🚀
recEzOo41s3UX1A8N	Personalfolio X	6584bb56aef3d50699e4bd2a	Active	3️⃣Published🚀
recEzRGw7lMMxZsUC	Smartify	696c5de69d527f80b1d94c9e	Active	3️⃣Published🚀
recEzVKKRFgI4YTQs	Mift	6957f6eabbdcd1ba650d2e6d	Active	3️⃣Published🚀
recEzYHEyTnAot9o4	Psychologist 128	658df78a1ee35e8b17648617		3️⃣Published🚀
recEziDXcp6r3cT1i	Civitas	698b775cb222deac4f78ab0f	Active	3️⃣Published🚀
recF02rSNRVlXcRRm	Obanai	64b95b4cbaa1d4667e60c3fd	Active	3️⃣Published🚀
recF02zUBWbY3M1Dj	BeautyRx	677224aa270f258db9f673c9	Active	3️⃣Published🚀
recF06j2qCcrqkhei	Contently	67803292db659a837d0a549c	Active	3️⃣Published🚀
recF0ZHiIMjjjRzjX	Maxfolio	63dea4172ae9b02433c5b5e3	Active	3️⃣Published🚀
recF0xRVU8TUq0E1m	Tarius	67c9abcdf62910e5892ef412	Active	3️⃣Published🚀
recF1I2GSnI6YoWRv	Tattoo	60ecde86d9a751211a62edc9	Active	3️⃣Published🚀
recF1c3ICzLESKBYs	Roofs	65dc120450ad66f0dfb784d5	Active	3️⃣Published🚀
recF24O5buA91Adb6	Restzai	628bb56764eae73028089300	Active	3️⃣Published🚀
recF2iZRNrhr3AIuq	Harmoni	67324d9a8bd4cb8517d76fa7	Active	3️⃣Published🚀
recF3AjzyvDelaaLc	Coliving	642a19a9e7274162d748b65f	Active	3️⃣Published🚀
recF3COxzBJTGJ0Lq	ThirdEye	67fd78141aa25ac0c118ec8c	Active	3️⃣Published🚀
recF3DvJhUcbmsqS2	Crescendo	64b49e2916222f7b812d7d2e	Active	3️⃣Published🚀
recF3MYlwdWKZ5qBs	Educore	67b7d59a7c09d2d5fb6887eb	Active	3️⃣Published🚀
recF3z9a8laTIr89M	Plumber 128	63dc6a3928132d3190b4fe40	Active	3️⃣Published🚀
recF49AWtVFpXFYLT	Powerful Ecommerce	623d00f9fbd20a86343acfe0	Active	3️⃣Published🚀
recF4EP6CU8b4CQax	Pioneer	6536a9ed97337eee55ec005d	Active	3️⃣Published🚀
recF69PTdtzMTYghg	Monte	577bfaa51a78df73570ee1a2	Active	3️⃣Published🚀
recF6HGTVxSzAxN20	Blokit	650326cc1945dae4b2d8ba95	Active	3️⃣Published🚀
recF6g6zZUcpqBA2D	PicsNow	66e2667d1e4141ab59a8818f	Active	3️⃣Published🚀
recF6wSklwOEtXjFB	Gather Agent	64a4767ff36646411e815e3b	Active	3️⃣Published🚀
recF75t8nme5iEm6u	Base Studio	656f74552bb6965f9ad21222	Active	3️⃣Published🚀
recF7gtxikiN7cCRV	Zeus	60a985eddd40bf609038d74e	Active	3️⃣Published🚀
recF7wCfLAT9KaFIP	Rentifys	6744ce1c3a9fce64fc1044a9	Active	3️⃣Published🚀
recF85VFy5bOX7jkf	Sushiko	68426ae3023d688185736ed6	Active	3️⃣Published🚀
recF8XrAV5UQ1nJEt	Tekna	63dc68b0395c3b18481fbcc0	Active	3️⃣Published🚀
recF8lqfbMP3THqnW	Zenmic	685e056319ecf82ce23233c5	Active	3️⃣Published🚀
recF8oLSbbbdqEf1J	Reko	6685258ceab1c223f8d846c4	Active	3️⃣Published🚀
recF8tB0FQA1JFk2s	Homefy X	63191715376c583df0435782	Active	3️⃣Published🚀
recF9C7eTelL08jw3	Davai	690bcf0d6614ced12c62744c	Active	3️⃣Published🚀
recFAFLlW4R1N0oNY	SeoGuru	651d902ad45815aa08749dbe	Active	3️⃣Published🚀
recFAYWZMVyl8EQEh	Cattleya	68fa5818305d5ee63ff6d4a3	Active	3️⃣Published🚀
recFAanRNTidyPHqy	Reelvo	69751a08385bec2cccc51c76	Active	3️⃣Published🚀
recFB8x7LJ3Hi2ISJ	Promarket	67c8b700ebfaf51950f01b49	Active	3️⃣Published🚀
recFBAzv2JmrAYJ1q	Elevnex	694eb0400a5f109f08da749f	Active	3️⃣Published🚀
recFBcn816vlKdyES	Lenjoy	6995ddf4479d40ea39363fa6	Active	3️⃣Published🚀
recFCHrOpCEEHEV7H	Unicorns Ecommerce	6201a780dd45ae9b43438f8b	Active	3️⃣Published🚀
recFCJshOIeIDTD5a	Thunda	65b7ecff6a31624b1c04b279	Active	3️⃣Published🚀
recFCZqzA44hjDe5B	Aciel	6638a2dec1d499aeb9c09d76	Active	3️⃣Published🚀
recFCcI86HVmoHr0F	Radiate	64a843a2e23fcd79e572365f	Active	3️⃣Published🚀
recFCeiDPYc6DaAPU	Echo	63e297c0f3107905b8aafc19	Active	3️⃣Published🚀
recFDE3K2cFuX46E5	Portfolio Starter Archived	5c75a7eab05c3fd864a6436c	Archived	4️⃣Delisted☠️
recFEQVElOF2X3eAL	Eyre	62a9280ea8465270fb4b71da	Active	3️⃣Published🚀
recFEoo2By6JFJGjc	Artist	5e8de993c2e6e35a9fb529f6	Active	3️⃣Published🚀
recFF5Lw2g4OyFYqJ	Qarin	690d5190a0594d83ece432a9	Active	3️⃣Published🚀
recFFdtOUtq9HCrEC	Caranger	66f8be3ef4ec4031868e501d	Active	3️⃣Published🚀
recFFtZHZKhq0fdI2	Algenius Waitlist	662adece24614ad3f1fa6471	Active	3️⃣Published🚀
recFGIj4wU3XiCzFP	Justify	669024b2e81264f39c0edfb7	Active	3️⃣Published🚀
recFGSKWB4rk1FNx4	Agencū	64932e9e5861dcd9e447ae9d	Active	3️⃣Published🚀
recFGYdMgNyca1fV6	Nawas	671dc7b5409351203f8f0be2	Active	3️⃣Published🚀
recFGfdHjfPFofJHY	Adva	64a6eb296beba62c2c841aa4	Active	3️⃣Published🚀
recFGql52T8LCzjkK	Natalie	62d8d2309043af65dda2ab37	Active	3️⃣Published🚀
recFHv4VsdiqVIGik	London Bridge Blog	66154108724bdb7cdcd5d199	Active	3️⃣Published🚀
recFI8BKnAgrgacft	SelfFirst	6688213b2ab99fa5fb39f720	Active	3️⃣Published🚀
recFI8CTbiXxPZ8jj	Nebue	68730ced6d38f99bed8e817e	Active	3️⃣Published🚀
recFILYFjqQFhNHPi	Minimalistic Archived c60i35lc	5f15b02abbe8601c13719cdf	Archived	4️⃣Delisted☠️
recFIaIwKU4vBB45a	GOAT	6390a0bc069fb0894d3f83c9	Active	3️⃣Published🚀
recFKl21Hwu7hDcNB	Lawn	66d69578f1311efdefdd0256	Active	3️⃣Published🚀
recFKnTWon8oEjn70	AI Writing	6568d460300e76c78892580b	Active	3️⃣Published🚀
recFL5edqdniXwUpG	ElderlyCare X	65be650f74f0ae3313739a8d	Active	3️⃣Published🚀
recFLIOkb3VRQQIWC	Lumino	664a41bc2551fc3525c70f9d	Active	3️⃣Published🚀
recFLlMl9CsYImokW	Sworth X	66ea56e09af71be6a22d02e7	Active	3️⃣Published🚀
recFLnIqcWu02FKHW	Futur Consult	662245cc35e3160685a69d9d	Active	3️⃣Published🚀
recFMFairfQCwqpjs	Skye Basu	657144ccc6492c342cfdb20a	Active	3️⃣Published🚀
recFMPNbGyZbyWe3y	Velora X	69137352a454d51173573639	Active	3️⃣Published🚀
recFMh7ZRYq1inFMx	Culip	68f11b2590ea0f58bc120a36	Active	3️⃣Published🚀
recFMhPUZkkb82w7C	Zohatal	63bc41eefa7f1d9c55a67ac7	Active	3️⃣Published🚀
recFN7fYBEuUcAtud	Bubble	658f3465cc289cdec06e755d	Active	3️⃣Published🚀
recFNNAeWff7VT78e	WellSpring 	68d424ade2f2c085ad7fa561	Active	3️⃣Published🚀
recFNgQRDGltNXdqs	Manual	66759ebf56805f825ff62299	Active	3️⃣Published🚀
recFNzIhM39htbRG7	Jethro	673f5f8e83daac066d0a5f59	Active	3️⃣Published🚀
recFO5DE2peNXUbys	TNC Crypto	650327cea0420637bafaf289	Active	3️⃣Published🚀
recFO8PhIvKzzSRe1	Startop X	657f61d01e8318870c18de1f	Active	3️⃣Published🚀
recFOIXzIYOF6BzD3	Trainer 128	657a6d58ec98d48d254bcae0	Active	3️⃣Published🚀
recFP2gqJ5cd8Ht00	Reality	6699672d497ec6dc5b5d761b	Active	3️⃣Published🚀
recFP6UgK260q2Ksn	CreateFlow	678d3e960292451ca922d73c	Active	3️⃣Published🚀
recFPDKrs67nG1xjq	Otake	664234421df7c49b467fb349	Active	3️⃣Published🚀
recFPP85Yi3HhqDzV	Hailey	60e783dd143ce281d8c540e9	Active	3️⃣Published🚀
recFPdHrm9YlE3j94	Darken	67610f4ca38eb9ce4145ceb6	Active	3️⃣Published🚀
recFQDEpC6cUOOCIa	Aastronaut	6310e845d038e062ab112168	Active	3️⃣Published🚀
recFR6HTl8QKDKnNU	Lawfarm	67604454a5e4025a5040182c	Active	3️⃣Published🚀
recFRPA6T5l8bwLKE	Brownfolio	6526c2190b984cdf6389bb91	Active	3️⃣Published🚀
recFRVE4hsRGaIYij	Starpify	66feea304d818fdfb46e4883	Active	3️⃣Published🚀
recFRpo8aUIK2GkpF	Da Maria	68506497f4d27072224a120e	Active	3️⃣Published🚀
recFRwMPn9E5pKYAt	Aygen	65fa65f5a01b4a96564a91ed	Active	3️⃣Published🚀
recFSEIuUpU6CLuQv	Briqs	68914f9f98fd27a7c2f68950	Active	3️⃣Published🚀
recFSdeMgJ5K2DdRE	Mrfix	686d60e78f25a1e34f506019	Active	3️⃣Published🚀
recFV7KEXB26zpzWR	Securor	63cabb32c66020f6c0618f8d	Active	3️⃣Published🚀
recFVaawq8nZWDiZY	Builderss	6768f7425eb1ad80d44a3b97	Active	3️⃣Published🚀
recFVctwDZdZq8DbZ	Summer Times Archived 2rzcpa92	6321d47e901241079afd0c6a	Archived	4️⃣Delisted☠️
recFWChfzuC96QAjn	Myrage	61ca37c2663724961cfa9a06	Active	3️⃣Published🚀
recFWMdHNUkjTE2JR	JYMMentor	68472d37de87ff2088b8c43e	Active	3️⃣Published🚀
recFWfsPPm2LFVrBa	Webee3	674e8ede8c0288eb6d9fe41f	Active	3️⃣Published🚀
recFWfvO95tOvaB0u	Forkly	68f2c40874efd59bd58fd5b1	Active	3️⃣Published🚀
recFY55nqikOHzitP	Berlin	63a9ba3bc73ddf4fb1e5b12f	Active	3️⃣Published🚀
recFYIIH7fkB62fmE	Vectora	692dae05c82c05a9920b3f77	Active	3️⃣Published🚀
recFYQIjciosYHyKi	Cybersecurity X	6703e3a0e3cff5aa592488c7	Active	3️⃣Published🚀
recFYfepiSNQRxc32	Netflare	66026aacf140513d2e1c1c85	Active	3️⃣Published🚀
recFZ7xyCjue0mlO0	Folio	59c9624e93fc0100015770fb	Active	3️⃣Published🚀
recFZ8qfPAjMxEbIh	Fundly	646fb6e7715bce51cd083b6b	Active	3️⃣Published🚀
recFZN13kfs4pzFdF	Thunder	6697d80aba5796d21d1b4c9a	Active	3️⃣Published🚀
recFZPlFwelQOjWnI	Studio 11	6646fad8b026390907487ab4	Active	3️⃣Published🚀
recFZe5W3K2vyBUsO	Gearshift - Webflow Car Rental Website Template	668f21d62708fd6998f2be55	Active	3️⃣Published🚀
recFZegFh6P3RTmhZ	Inventista	66895956f57e20c6a712ae04	Active	3️⃣Published🚀
recFZgyTLNLfk7r2Q	Torch Archived x0kyt0ji	6706e96d9a1ac6af22f67dc6	Archived	4️⃣Delisted☠️
recFZv5cMRZGmHaAI	SalesAi TNC	66ce0929d1ebb9b072f2a189	Active	3️⃣Published🚀
recFaBM3yDex7rhUg	Noruk	688a9df9b5a9ad166c959dfa	Active	3️⃣Published🚀
recFaS1MsRiLRXYVo	Texly	68e53c0b876216e3712f5b28	Active	3️⃣Published🚀
recFajfkZemd39sIf	Abstraact	6763037dcde63b86d26448b7	Active	3️⃣Published🚀
recFawOjsuFXXuoVq	Fortitude	62db10959b6142ba4ea7406d	Active	3️⃣Published🚀
recFbDLETFPdwoasU	Dntist	6542aafaf77860b3dcd6f10f	Active	3️⃣Published🚀
recFbKPV19m2Xhd7p	Jurisvia	68ed0bd9569e540d341928ab	Active	3️⃣Published🚀
recFbPlvczoqbafga	Mailmagic	6756fa7e81c5d23c6bed0e69	Active	3️⃣Published🚀
recFcA7tVvdQmVW8C	Techwear	66dfe171369395ceb9362f85	Active	3️⃣Published🚀
recFcb77qCoRe1KQg	Syntelle	6710b16479cda2bf78e1df7b	Active	3️⃣Published🚀
recFd3kkeQeloF8pD	Vedgraph	68a8be185d83609beed42867	Active	3️⃣Published🚀
recFdOnaSQCrzNvmF	Wizzper	656f6bcbc597e83bcae7af49	Active	3️⃣Published🚀
recFeDTppqpcc3P3i	Ecolite	697782f0e0586e446777f9a4	Active	3️⃣Published🚀
recFeaDDClZOgzxkA	Changelog	671ad0ae51e30f83c71ef160	Active	3️⃣Published🚀
recFecSxHtaLikk3u	Babysitter	6750b34fd9e09f811b8cbf23	Active	3️⃣Published🚀
recFf0kU3V9czZKPN	Ndërto	5f88d8454e6c596efe6df35c	Active	3️⃣Published🚀
recFf8LRm1MVUkXu7	LunaArc	67721ee7c6b1a11e4323ed84	Active	3️⃣Published🚀
recFfWnDAsCM9LJYd	Lenses	65b43c7dc22fa0fb00df3850	Active	3️⃣Published🚀
recFfsaJQsdA2PLiE	Arzac.	6470b54b1fe181526bfc503a	Active	3️⃣Published🚀
recFg1PGI3IULHigs	Celestial	6735b9a48b0c8ecb559e79fd	Active	3️⃣Published🚀
recFgQT9b7Ea7SeE1	Minori	66e623177f39a5ad36355f58	Active	3️⃣Published🚀
recFgVnxBLFNf02Mg	AirInvest	673342aaaa9780c12cf054ef	Active	3️⃣Published🚀
recFgXLAGgM1ZhPbZ	Akaunt	664f5746c0d5a402572c7c03	Active	3️⃣Published🚀
recFgbZiM1TuPSspp	Braxon	6892ff54f17d3d9e30ae083a	Active	3️⃣Published🚀
recFhAnaUEkx1kMFf	Renue	687d70fec839a6e20c96c0f6	Active	3️⃣Published🚀
recFiALCIPY4bD5n9	Elias	63b4e895f6d39024022a2f15	Active	3️⃣Published🚀
recFj9h1ud2XouEWz	Orrax	688ab645f5efbed049277997	Active	3️⃣Published🚀
recFkNQ987yYvAS72	Rebel	6386357344ee3dbe0332cd67	Active	3️⃣Published🚀
recFkk1ic3Npli4E6	Dashbrd X	6750abd50322bb2b4b2f54f5	Active	3️⃣Published🚀
recFlHoyloWsZZ9hA	Funder	624e063b380b5c4b8a03d66f	Active	3️⃣Published🚀
recFlavAGusbk9kW2	Port A1	673a9e5d82767acb2d3a9f0d	Active	3️⃣Published🚀
recFmMTrrbWzEsAFj	Umbra	651ed3bb3362f026c5a58c09	Active	3️⃣Published🚀
recFmiXwEYBITmJty	Physioxi	690683ddec4508a4cbd01129	Active	3️⃣Published🚀
recFmigngQ2yuDIdl	NovaSaaS	669e9f4f6e668e6a8f0a7be2	Active	3️⃣Published🚀
recFmirULa1nPK8kO	Zailanry	667efb37efc40e5b844ac3e2	Active	3️⃣Published🚀
recFmj5EkcDnDIDB8	Puredermi	6584712c3d94bc4c764be67d		3️⃣Published🚀
recFmoxZhMx8dU1e9	Mezze	67d9d404574c5c8d22f4e4b9	Active	3️⃣Published🚀
recFnNZpyw4VK2qf6	Webuyer	664cb484c819777067a3230f	Active	3️⃣Published🚀
recFoKsgnopXMFoDw	Selly Archived kffn0ugl	6089cf1ec8a13b63a2a083be	Archived	4️⃣Delisted☠️
recFoZjXwrOR2Ju1G	Zinle	686d5188249294a1ad60da33	Active	3️⃣Published🚀
recFoxHRsUuG1wLsH	Conzai Archived qj0gjwkl	61e0b097060a27a85db9ec1f	Archived	4️⃣Delisted☠️
recFpMZoO6gwcM9Yi	Pankha	69731d74c792cdac79432bdf	Active	3️⃣Published🚀
recFpcgS7AdFwUbP9	Agensio	65d4afeb63a741bbb4ce756f	Active	3️⃣Published🚀
recFpdCI12FcGhWdA	Launcher	596cf63da870404f935e1c5c	Active	3️⃣Published🚀
recFpfxYdQTnJrdQF	Tattoon	63236ba84a0396fe45783994	Active	3️⃣Published🚀
recFpueGqX9HU3BoF	Wanteo	64ca6b24514a6a3881c6ff3f	Active	3️⃣Published🚀
recFpxirKsYfjMImj	Consilo	67e873dd2fa3284f611cd568	Active	3️⃣Published🚀
recFq4jfJqm7S0zF8	GradientPro	67ac28c4949db740f7de0adf	Active	3️⃣Published🚀
recFqYc2k6RAl2VTQ	Zohaport	63bc416b352d65722c9ce3d6	Active	3️⃣Published🚀
recFrA9xppqOsTDaA	Frivalea Finance Webflow Template	66453b6bce233f7241468fc7	Active	3️⃣Published🚀
recFsSCtPwogxxhtM	Tachbot	6740abfaf0998d99cf4cdb44	Active	3️⃣Published🚀
recFssobDPwhWfxwR	Blur	64b7f0d35a07e3a67059ee3d	Active	3️⃣Published🚀
recFtLEF1B4OLhHbF	Imageron	680032545b0581d2b87e7c66	Active	3️⃣Published🚀
recFtPsWEDzkMjjNQ	Babuu	6772223cdf0efbc8628b48d3	Active	3️⃣Published🚀
recFtyULDchhumHVi	Quartz	64cbcca30aaf3517db076b9d	Active	3️⃣Published🚀
recFu8KdOwhyvs3Wk	Detroit	63a9b91fc753bd05784f26bb	Active	3️⃣Published🚀
recFuYUCR7kxTXloa	Sideways	6699667654226da4c463d533	Active	3️⃣Published🚀
recFuhjAHabpD0eir	Nextlo	68c03e8af009952316ad883f	Active	3️⃣Published🚀
recFvBe9i3HabM0Q0	Helochan	65ae82ff03bb23ac271a5b0a	Active	3️⃣Published🚀
recFvI1Yuwh7gLkkM	Aurox	6982267ee0f89544c001e775	Active	3️⃣Published🚀
recFvXTrxxbBnJcUr	Exbit	680714a1f0dd718d639974ee	Active	3️⃣Published🚀
recFvkNMiWMLlqLi9	Cloudly X	6494727554bc53644624e8c8	Active	3️⃣Published🚀
recFvq1MQALkk5C04	Advisio	6925f4e0e597971a3a8674e4	Active	3️⃣Published🚀
recFwO8PgsAhrrgTs	Cloudsy	66e3ccc3edd8d90bd4ee3b1c	Active	3️⃣Published🚀
recFxfqcxJzRc8Ffa	Houz X	660dd709518acc329b5d0a45	Active	3️⃣Published🚀
recFy2GOAic5VLlbg	Inc Archived nu37nbpw	57229c5197f6405d18378f71	Archived	4️⃣Delisted☠️
recFy2iU7a5VEDpIn	Product Code Ecommerce	64763dd32850b2c9de5fd10e	Active	3️⃣Published🚀
recFz77hnWu3Io3ND	Markza	675736861df088f28287cf02	Active	3️⃣Published🚀
recFzQfw9E5PiwbMg	Palais d'Or	651dd9a813b882d4e38d141e	Active	3️⃣Published🚀
recG0oTzlQpLpfCFm	Alegis	68e08e7e0088613a204e22cf	Active	3️⃣Published🚀
recG1IicANADdCbj2	Compose	630e50167b2a6a5c29c7a45f	Active	3️⃣Published🚀
recG1QieDpxnIuafw	Alice Muse	64d3cce59a4bee5d8fe4cc9c	Active	3️⃣Published🚀
recG1pFtrvEI8FeDg	Aquarela	653bd070e8684359c063fdc4	Active	3️⃣Published🚀
recG1wVdrvA14y3lE	Unique	531561fb5cf6834766000172	Active	3️⃣Published🚀
recG2IJe9zqSRHm0u	Azura	662c179dd064885d2d13dd8b	Active	3️⃣Published🚀
recG2mO3Bgcdi8ytZ	Illustrator	619c35def650fae74ec35fba	Active	3️⃣Published🚀
recG2svYM4II2dwxd	OriginBeauty	666499ef77c25052ebf49c48	Active	3️⃣Published🚀
recG3GV9U0dqIFQzx	Soul-trane	68433048e0e37403557daa0b	Active	3️⃣Published🚀
recG3bOqiqyxBISxU	Topdot	63b04a4f359373cae441db90	Archived	4️⃣Delisted☠️
recG4ibiF8u8DsLJV	Ryan Jones	68af4d7745dfe45467e3dc34	Active	3️⃣Published🚀
recG50VK8vPzfu8ux	Bluetify	65a1a003be439667003d52af	Active	3️⃣Published🚀
recG51zhFk28X0Zh1	Sanoras	68f1cec40d0ef10771df0654	Active	3️⃣Published🚀
recG57CpgELcFZIiu	Studiofy X	62fec78dda7ab1e88c4274d0	Active	3️⃣Published🚀
recG5elZw4a3sHLEg	Polly	62460bb7f6401132595e7d33	Active	3️⃣Published🚀
recG5y71vIsWh2i65	Archeline	6883178a516fe19e4c3493bb	Active	2️⃣Scheduled📅
recG5zQiUwuiWzxwF	BODO	674540ff6398e79b4c9b2762	Active	3️⃣Published🚀
recG7Mm8Hf8XfoXcl	Educare	5ee10e4b1a45f13922029177	Active	3️⃣Published🚀
recG80inr4hHmUZRy	Nextcloud	64cd0be77909dd405a63943d	Active	3️⃣Published🚀
recG8EBHQp2XSvekQ	PrimeProperty	678d1aae5b30c4649ea737bf	Active	3️⃣Published🚀
recG8GEpRv8PZ1lXT	Landbox	64a1a4affd5bcfa2fb8d8b42	Active	3️⃣Published🚀
recG8MpHTj6FQapoo	Velin  Archived z4v1bcny	68ecb2e6785cae344637d124	Archived	4️⃣Delisted☠️
recG8T73IMi05mMoa	Bali Travels	675a19eccabea8d84025301a	Active	3️⃣Published🚀
recG8Z4qqJQ32mSsF	Readster	64e38cf55f742709e0ab6f56	Active	3️⃣Published🚀
recG8vtr8NEbZPjay	AirList	688182d6ed5386356f28e722	Active	3️⃣Published🚀
recG96uVGCt0sMWD2	Luminate Dental	66eb4032df47138fa70c545a	Active	3️⃣Published🚀
recG9v2qeCdiUQVzz	Impress	66273fa57113f7238d89c04a	Active	3️⃣Published🚀
recG9x50G7FmARppe	Mindscape	68406fa05d8153ad797f6a36	Active	3️⃣Published🚀
recGACPtUsNss84Hb	Velura	68b85d4eb857c93fdfb53a4e	Active	3️⃣Published🚀
recGAwO5dgi2VDId6	Vuci	675b39c1d7e8f79b7ab7095a	Active	3️⃣Published🚀
recGBZHnHq730w6Uo	Reako	69375e1cd8fdf4ff3630ce50	Active	3️⃣Published🚀
recGBkMTRbGTnhjP3	Revono	692c867b87def59ee7e24cc3	Active	3️⃣Published🚀
recGCalU3SHIXg7FT	Store Directory	653fd1641366e2ae665c593b	Active	3️⃣Published🚀
recGCegDO4Jt0rc0r	Glamping X	672ec4a7e0e15c7419a76c0b	Active	3️⃣Published🚀
recGCjTZnB3H6CldA	Learnify X	630a581a3d72346c727495a3	Active	3️⃣Published🚀
recGCndU5D1E08RZp	Star Power	645a774afbe64d6f195cfc36	Active	3️⃣Published🚀
recGD5qPBqtUUg14w	Whisper Brush	66bb5036a599c7f2618ba493	Active	3️⃣Published🚀
recGDO8PJ9nS2880D	Leuven	65946a6c89ec85bad785e3c1		3️⃣Published🚀
recGDiYJF61lY6h5I	Precision Design Studio	65a6a91091164a8b03eeb5c3		3️⃣Published🚀
recGDw90daTfqeM3o	Flatdesk	62a93632b1a8102442f81d21	Active	3️⃣Published🚀
recGEGVFLHvjgoxPj	Cryptozy	6495cb7ee9423b235c6c5ffd	Active	3️⃣Published🚀
recGEHqkQvEX8HOnS	Mars Studio	668fa8caae736cd6d39ba935	Active	3️⃣Published🚀
recGEUhAZa6wRMwkh	Ruc One	6602aff954bd05cf0f3e28c8	Active	3️⃣Published🚀
recGEfGCRZELVd0xE	Belysh	6827a6724f3bf07357fe065e	Active	3️⃣Published🚀
recGEnsVIxQAFW5qd	Diagonsy	63eaa6ba63b6a7a653a3b7ec	Active	3️⃣Published🚀
recGEwFkOkTkG9DVl	Boomslang	660721f19cca9d67644d575f	Active	3️⃣Published🚀
recGGGM4DRz1NCjrW	Lunista	68adfcc4b8236981b3870530	Active	3️⃣Published🚀
recGGYgPFN2CXMOu9	Echo Studio	662044ff81dcca70c11e979c	Active	3️⃣Published🚀
recGGiHflgz7ClGFY	Vitacure	68c050953b5e1a69c834cb9c	Active	3️⃣Published🚀
recGGnGNvDEM06iyb	Output	67aeeca2e882c665549cf70e	Active	3️⃣Published🚀
recGHh1omXugztV2A	Lori Archived lubfa6ae	65f3b542bb898767da65e5dd	Archived	4️⃣Delisted☠️
recGIDmjy5Z7eSdWW	Agennix	6655fd8f2f9ef6405d7713f1	Active	3️⃣Published🚀
recGIJoF9seU0XMtY	Propertica	67516b028e55f203271986a2	Active	3️⃣Published🚀
recGIcM5RbQOnzTTt	Memoire	6990e7a923918b690ebbd84a	Active	3️⃣Published🚀
recGIu0oldjElwou0	Febos	694ec1430a5f109f08daa663	Active	3️⃣Published🚀
recGJ1mQiaudTnaJa	Easy Times	56ba49b823ac054969b87b14	Active	3️⃣Published🚀
recGJpSToHeoASFjB	Yolo	63d3f6b16ad425b9fc08d898	Active	3️⃣Published🚀
recGJyUfls2FV7DVc	Club X	63e27c6ad157dc1b32e414be	Active	3️⃣Published🚀
recGKNLrw9PwsnGsV	Uniflow	67eb46b3a31f4d9399331d36	Active	3️⃣Published🚀
recGL8kH1DddFCPkS	TalkDot	6813d9f9a59ae20e995dd95f	Active	3️⃣Published🚀
recGLtOnP6vWfaHQu	Belle Amour	67e20934099161b410f6bd51	Active	3️⃣Published🚀
recGLx6ybVVNy02z9	Agencix	6441441ed2759d47d915441b	Active	3️⃣Published🚀
recGM9OjgBa3beE2s	Human X	6245fd5de1ea46a385167b6f	Active	3️⃣Published🚀
recGMGHMPsQww7mMs	Qatar	6619a2314f89fa51e0e8182a	Active	3️⃣Published🚀
recGMZWNFt6lvgJg9	Glueto	66ce6137daf42d90d04a47f9	Active	3️⃣Published🚀
recGMxLh37rveMlWc	FolioWorks	69541895c2946ec81f10c5a3	Active	3️⃣Published🚀
recGNSPY0NTY5oxQF	Quanta	66bfc6737886e4c98329a92e	Active	3️⃣Published🚀
recGNor9qADcZU9Z1	Latte	6254d8c610f0e2578da5b47d	Active	3️⃣Published🚀
recGOU2TVvq2YUMhC	Training	651d8186fcecef4c8ce0fe5e	Active	3️⃣Published🚀
recGOjBkijMx5mkCv	Orlando	65c68ea2b32e42a755da75b2	Active	3️⃣Published🚀
recGPGbrqkaroOPTS	Molloid	690680a0600cc4ee60aa638d	Active	3️⃣Published🚀
recGPOgyQ7w8J3Gu7	HandymanPro	66f3897c1a6e0e9eb0d6df27	Active	3️⃣Published🚀
recGPRZQ2R8abWAQO	UniFin	677c9f6b971ad02f9f4ad0e2	Active	3️⃣Published🚀
recGPZLLnIrjM9jRi	Caseyfolio	667053cd3d844847d06e0b3f	Active	3️⃣Published🚀
recGPzvk5c6RAzqTU	Nathan	657fc4178d8a314907e70c67	Active	3️⃣Published🚀
recGQPh0hFzpsbsEN	Sanaris	68ba42cb44deaeade416989a	Active	3️⃣Published🚀
recGRHOcwt7zXZjeZ	Oreo AI	64bfe96e7616d4599189d229	Active	3️⃣Published🚀
recGRMWeSDLFR5yEy	Agentflow	6969af46ae5e6ddb8f82720f	Active	3️⃣Published🚀
recGRRU1hq1zBbwIh	Finteck	66d15e83d1725a25aed0b8bc	Active	3️⃣Published🚀
recGRdt4TMkfvVDlV	Saazperity	6867e1f71ee4b7c69deb5a70	Active	3️⃣Published🚀
recGRws8TAcaHev4e	AiBuddy	66589401ecec529a330d5fd1	Active	3️⃣Published🚀
recGT2mHMXJAqjk48	WealthyFlow	6607296b1b0450ddc2167141	Active	3️⃣Published🚀
recGT4HD8Aj465wnk	Theo	65048b62890635c840b5d37d	Active	3️⃣Published🚀
recGTKkYAFT277663	ArtVista Studio Archived nmcyqxlt	6602b58b9f885c2598e1576c	Archived	4️⃣Delisted☠️
recGTqIyCFo96Zq5s	Tilted	656fbb379f1ed1a2e18be985	Active	3️⃣Published🚀
recGTv3VM9VYPmfnn	Impression	63d292c8b63e632f2de4d63a	Active	3️⃣Published🚀
recGUKUPY3PtQSmAB	RealStruct	67dae7e271aae012c8b0bec4	Active	3️⃣Published🚀
recGUniK65P79zOFF	Boldonse	682cd6d7b9e939bdedeece01	Active	3️⃣Published🚀
recGUvFEDDcIuy2LU	Numeo	68c75283d8f6b9ca291b59c5	Active	3️⃣Published🚀
recGUvJ3NVqolvWcW	Guardian	641162074ba89eaaf936195e	Active	3️⃣Published🚀
recGV5nF9V6mZFFEL	Chatnext	692dacec86da10eb85f1cb57	Active	3️⃣Published🚀
recGVFkgoVXeixbPa	Consultix	67bc75e9c4bbeec970543e1a	Active	3️⃣Published🚀
recGVYPZMWIDeEwQs	Venus	652598f4ed20f86511914e97	Active	3️⃣Published🚀
recGVgqxVE7DFL52Y	InspireX Archived i9cku0f5	6789d62d4943a79d82e498d1	Archived	4️⃣Delisted☠️
recGVjDagO9bzATl0	TrustLegal	66e9ef149e007059f0867828	Active	3️⃣Published🚀
recGVtw1OkNadjIp6	Culini	68795eba2d17df9c582eb39e	Active	3️⃣Published🚀
recGVwpdvaNTXrKoJ	Indiana	667aec35f7256519629a0b77	Active	3️⃣Published🚀
recGWa5Se5o2Gg6b6	SaaXent	66d600db1a3860854c4ab310	Active	3️⃣Published🚀
recGXAPW0lbLJYpzL	Zenquity	68b9cfbe7ecca6648e725797	Active	3️⃣Published🚀
recGXOiaLUobzheXT	Camping	6629e45b2fd5b6831d6c993b	Active	3️⃣Published🚀
recGXZp36q1ICNxj4	Katen	60a9835edd40bf795438c89f	Active	3️⃣Published🚀
recGXZuht709XIOrm	Starvium	692510536430b05a847b7509	Active	3️⃣Published🚀
recGXayOZR5dHojdv	Bali	65c64ea90f3d48afef715495	Active	3️⃣Published🚀
recGXgs5I65CBwk75	Finely	6334e560e5307ca3521eb25c	Active	3️⃣Published🚀
recGY0fGEmO5ezPIm	Purenest	6863efaeb82160ebfe1da2c7	Active	3️⃣Published🚀
recGYROR5K8VNEM5H	Longlife	67494488ff2d55c2416cd719	Active	3️⃣Published🚀
recGYVDFXkZiATo9w	Duotint Pro	61a4bb7e712b466a4031da15	Active	3️⃣Published🚀
recGYqCRSCUN00Jk2	Grabfy	6930927f0391ecc58c212a75	Active	3️⃣Published🚀
recGZj9UkcB22eUPE	Prouple	6310f4743f77647f41fe25bc	Active	3️⃣Published🚀
recGZjOGkOlUF2ouc	Planova	688abe0bf5efbed04927954a	Active	3️⃣Published🚀
recGZwoLFggn8I9V8	Systems X	6690313dfeef66e0f009373d	Active	3️⃣Published🚀
recGa90Z5DqpfmVQX	Sincere	65ecfc74aeb232280926e43e	Active	3️⃣Published🚀
recGaGdjYQTwufaD1	BurgerSite	65145228303afe5d2999adb1	Active	3️⃣Published🚀
recGaSN9ibayVK9NH	Suite X	64e38a38029200a111b078b6	Active	3️⃣Published🚀
recGafbVtRqkYx3sO	Yonko	63b4b43c13a7d94a1cf090c5	Active	3️⃣Published🚀
recGay7RWttl2zojE	Solomon	66fb503d696b2cedce0eb857	Active	3️⃣Published🚀
recGbVjetLoiwIujG	Bureaus	6666d767eec08d72af446a41	Active	3️⃣Published🚀
recGc4oZiERlRbAhs	Shape	61fc475852477aec144eb258	Active	3️⃣Published🚀
recGc55bsqGqUdkJn	GrowKit	624e0f604b809eb85b4b5e8b	Active	3️⃣Published🚀
recGcsRy6xrzXQkWX	Apartmentt	679824d5e5db537d8eb92ba0	Active	3️⃣Published🚀
recGctakV2PHhJHaq	Roboto	666f633e6138c92ea542836b	Active	3️⃣Published🚀
recGdEOOUixoqf5xS	Elena Flores	67ca8ede61948ce17ed4ea98	Active	3️⃣Published🚀
recGdPpPJjNhqRgkF	HappySynergy	659c0a9cb41a27949edfe213	Active	3️⃣Published🚀
recGduAkVLEUimR8r	3D BENTO	670f243fab9b61a8b05851fc	Active	3️⃣Published🚀
recGdxSYOKkehRjWd	NFT Origins	6491d17b344268d2494545bb	Active	3️⃣Published🚀
recGe3TibQxgrCVJk	Softech X	6386db5a08495cd2841d8c78	Active	3️⃣Published🚀
recGeZvrCcAxC9Vpq	Appaiyo	673aa6f3dcc68218bad0b899	Active	3️⃣Published🚀
recGeaQTp3Os89IrH	Otello Light	65e0f6007a5b934ae4b8c3f4	Active	3️⃣Published🚀
recGetIAuCVCFBXXL	Beacon (FR)	613297c11b54a95b462436e3	Active	3️⃣Published🚀
recGexp78keaXsJSC	monie	6388d6baabc9277afdfbd636	Active	3️⃣Published🚀
recGfMtAmKN8TLSOX	Cafiend	649c84bbbec57d37645746ed	Active	3️⃣Published🚀
recGfTAyy95CsKzGq	Colours	67201fa23223f15feae4f858	Active	3️⃣Published🚀
recGfZwRStWIJKh5U	Gloria	67786adef0a03e92aeba38a3	Active	3️⃣Published🚀
recGfrgJ5Sq1mr3nt	Easy Rental	6267143297ad6b44ba47ed62	Active	3️⃣Published🚀
recGfuRCZoNe1y5KR	Sasuolo	63ff5c7015078abf92725f0d	Active	3️⃣Published🚀
recGfwH1Xewxsr5gW	Awsa	6822ace5a033a01bb3ad309a	Archived	4️⃣Delisted☠️
recGfzvX8XFknUZAO	Castle Resort	66875db197bb2941720ed2a0	Active	3️⃣Published🚀
recGg4vdby13x24jU	B-Well	6670c9a22568f74884dc918f	Active	3️⃣Published🚀
recGgI4Cb7lPn1VRH	Oman	658206060643657256d5e1c2		3️⃣Published🚀
recGgK45XJERtHlFr	Landscape 128	6386d9c2b2ea184167c9b7f5	Active	3️⃣Published🚀
recGh93EQgvw7ybXh	Strato	6594463f03d778a0ccfc8088	Active	3️⃣Published🚀
recGhC1lCIFmpyH9a	Night Life	6387d1a30e555d78153b5330	Active	3️⃣Published🚀
recGhNgFr2rUviXNo	Atlantic	65bd4c2951621b5421e6017e	Active	3️⃣Published🚀
recGhOTuTDMIKyWDV	Rose	64d5073e567afb730b7f7a14	Active	3️⃣Published🚀
recGhjOfstVzf0jUN	Finch	6578e3d8aa931c24ab56b6f6	Active	3️⃣Published🚀
recGi8aFSkeOvJFRm	Paylytix	68b08c88a15b64597d84396f	Active	3️⃣Published🚀
recGidJCXeYkqSTDz	Cacoon	6585f787a6d2d6251155f6ce	Active	3️⃣Published🚀
recGik9mKO66A5Qrz	Zaizoo	6793e6a2c2b569354097da50	Active	3️⃣Published🚀
recGj2xRr2H2GgCEI	Notary	64f69a0d32f87d8b03794e16	Active	3️⃣Published🚀
recGj6CxPEtdG99Wu	AGNCI	667ae4c14e3ca2c34c5dc752	Active	3️⃣Published🚀
recGj8uXyowH2Jfl5	Glamix	658376968da691e025bbe068	Active	3️⃣Published🚀
recGjkrAK65GDckok	Loi	6509e4ea10f9a2bc700c32f4	Active	3️⃣Published🚀
recGjp4qrtioqKbO8	Speedy	6386c3661a49fb9571eb35c9	Active	3️⃣Published🚀
recGkg1yrFFQlCagN	Konoha	6798136f11235e9ccf789248	Active	3️⃣Published🚀
recGkgMYKLpVlwz9t	Tempus	63c6b089218b03415b16dfb5	Active	3️⃣Published🚀
recGkvOacEZDLpUVn	DebugFlow	68efda9ce648a6fdf5333fea	Active	3️⃣Published🚀
recGl2fJbgeOr8EAP	Prometheus	63eef47b854a63cc68345d13	Active	3️⃣Published🚀
recGm86P7iD1ZOf4y	Shale	6627c709d6c3ac85664b7836	Active	3️⃣Published🚀
recGmcSRHnehHcrYG	TeeStore	656614e0e58baea938ee9fbd	Active	3️⃣Published🚀
recGmfHfejS2ItFyJ	Shutter Photo	65bd50ad0750e5ab7d5d0549	Active	3️⃣Published🚀
recGmpcLG0hvlLyzE	Parallax	6201b8552e1ed1e4a7e0eaab	Active	3️⃣Published🚀
recGnAMzLYW0CtbCO	Axgen	694f64cc1f9bb4578a239876	Active	3️⃣Published🚀
recGniJ6CcxEZUyai	Eldero	674156819d885f20f4d959c4	Active	3️⃣Published🚀
recGoAjAUONSFnxcB	Investflow	68e7991ffadce8dddf43a876	Active	3️⃣Published🚀
recGoRoxOYf4OHutX	SilenceFolio	66268a6d21c14cb521f2f2d2	Active	3️⃣Published🚀
recGpFzWC6OlA6EN4	Foundy	6885a263ccd7a486715c6e64	Active	3️⃣Published🚀
recGqcGmnLDgU1Yme	Legality	67743257f8656133cd200e26	Active	3️⃣Published🚀
recGrpaZ7CIOXKXrQ	Template The Creator	6725c54fa631d3ed09cf8ec2	Active	3️⃣Published🚀
recGrus4lqThexNl5	Ozma	651ed48ebca47206a2080a11	Active	3️⃣Published🚀
recGs5iSqHoiWtlpQ	Monohouse	68dc1563380d96d2b25acfd8	Active	3️⃣Published🚀
recGsDyG617oWwCFR	SkySoft	679a3f4e76ce71a5e6301afe	Active	3️⃣Published🚀
recGsId7Sbh6W8U6u	Zohabiz	63de9bab1693d10ceaef61c9	Active	3️⃣Published🚀
recGsWnyDPxAvnNRH	Saavex	6798773ea89ee24665140f78	Active	3️⃣Published🚀
recGsuAsapu7ROc6L	FIGHTNESS CMS	66d5fdbb1b51b8e58f56ad10	Active	3️⃣Published🚀
recGt2mER0x0Pcbwd	MMA Academy	62c469b5c3f3bc4bcb8bf265	Active	3️⃣Published🚀
recGt8w72X89A0hBx	Flovity	692e0bbfdc47a49ad9e55ffc	Active	3️⃣Published🚀
recGu5iV5SRJAzrWY	Morkly	698cd65f41a866bacc733684	Active	3️⃣Published🚀
recGuQK6VzK4M18t4	MentalTech	683f752b273e19cc1f7728be	Active	3️⃣Published🚀
recGuZ2Tmp2jR7Y4B	Plainpixel	66158d15a615dc8e309e848e	Active	3️⃣Published🚀
recGuuZQGNHYs1Dpf	Dev Mode	6765a1c26f342ac7069e41cc	Active	3️⃣Published🚀
recGvBE6cGwKwzx7A	Biotae	63cee4cdb41fd921f57f6d65	Active	3️⃣Published🚀
recGvQJcFTMFHcliV	UniqueMe	66258fd44e01138d81e9388b	Active	3️⃣Published🚀
recGvZlYCapoZcXBx	Inspiraa	693c30077b251cb5060c1011	Active	3️⃣Published🚀
recGvkDS8tTDQyAUk	Wokiza	68260e93128ed4942c2bc66c	Active	3️⃣Published🚀
recGwVZqVpr0xZTZ6	Citrus	683e7c074906d0b95f97bce2	Active	3️⃣Published🚀
recGx4LePskZ42KKm	Biflow	68923c9089b8b859dcbf0832	Active	3️⃣Published🚀
recGx7h7yvPuIzdpD	Medico Archived yhpu83pz	65087aa467ba93c5b8764770	Archived	4️⃣Delisted☠️
recGxBaC0SgZzUmLe	Zippy	65cba27e0788f7c232a95a24	Active	3️⃣Published🚀
recGxBriY8S20hoj0	Clemus	5f69fd4a52f2aeef85eafd81	Active	3️⃣Published🚀
recGxMce2FTcYaAdh	Neuman Archived t369axpo	642f0d5c2509bfff0f69fb74	Archived	4️⃣Delisted☠️
recGxedXDo19aTz5I	ConsultWise	66be6c0adb8adbe12a4b13af	Active	3️⃣Published🚀
recGyTwudPcrXrXI4	Fundvir	68827acf35f21508d5642060	Active	3️⃣Published🚀
recGykTtCV1i89Ass	Zairent	679827655f6ef4bdb7a38e96	Active	3️⃣Published🚀
recGzMTsGEMWUVlF8	Pulse Z	66e30aab418fd5f07fcde0f3	Active	3️⃣Published🚀
recGzxI3x9mKTTtw4	Estalio	69823b86b60771821f402e68	Active	3️⃣Published🚀
recGzzH6lZLiTIizO	NoFitnessYet	61a141b9fb864656a42e4a71	Active	3️⃣Published🚀
recH01JtTwLb6N8Kg	Piñt	63cee239790aa30957bd0fce	Active	3️⃣Published🚀
recH0CDRByAP8jGaL	Skyward	689134c36d37e77a6870f528	Active	3️⃣Published🚀
recH0XTehFuc4T7RV	Landframe	62fec48c9a0f215abc530249	Active	3️⃣Published🚀
recH0dWNg2xgtg3BY	Genxa	689f7da8b5cf5e53e79ba3e3	Active	3️⃣Published🚀
recH0dlBskxMQGfJ0	Markflw	6731b351f0bfe3cbe3855b15	Active	2️⃣Scheduled📅
recH1MS7pyS9nhkwZ	Feast	67d364467ec5f43786fa2316	Active	3️⃣Published🚀
recH1VPjSv7sylNHK	Ultra	68e6aec2d051055c91f3fe4d	Active	3️⃣Published🚀
recH22GikR4VB6M4z	Coffee Mate	6720dcbe1eec9f13627f4a39	Active	3️⃣Published🚀
recH2atbR8MknHtOh	Kidszone	668d7b92545066a832cf92a0	Active	3️⃣Published🚀
recH352fZ0Vphplsu	Pay Click	67e6e9621b24bd7bcca4fcb0	Active	3️⃣Published🚀
recH38OSCAWl3vCtW	Notaro	63e681535f5199b3b72e30b6	Active	3️⃣Published🚀
recH3npj41mTN2ebc	BusinessX	6748e811468d8b788a789d97	Active	3️⃣Published🚀
recH4S33QbM1KdPnS	Novelio	64f559f86a5bfc55e5b14af5	Active	3️⃣Published🚀
recH5KdmYfAvoHUBD	Brickzy	667adf07968f128eeb6f3f6e	Active	3️⃣Published🚀
recH5ruFXUyUQ6uyq	Podcastflow Archived ecuihz8z	65ae76e3f22b1d950a1350c6	Archived	4️⃣Delisted☠️
recH6CxAufANCQ0T0	Saint	674a28112a63c7af515659ac	Active	3️⃣Published🚀
recH6DJR3b3y0Yggx	Ozone	60c918f07c82a68136691a8f	Active	3️⃣Published🚀
recH7D8rsIp0Vc5QD	Pet X	66d71003f280c0b317d9754d	Active	3️⃣Published🚀
recH7gEIEeKiC3dbQ	CapvidAI	67d2ccf3a5944b2815e27847	Active	3️⃣Published🚀
recH8LF2ytYt03ofg	Alexfolio	645bd38a6e0b3a7775f05c48	Active	3️⃣Published🚀
recH9cUWk5zzRIxdZ	Vexor	67f939add41e199a4c040482	Active	3️⃣Published🚀
recHB8W0PYIfYLr3N	Beautico	630a5948c302738173987501	Active	3️⃣Published🚀
recHBZqw1JIEESLwc	Fropie	65cbb132a7f5bc237083a91e	Active	3️⃣Published🚀
recHBiEnwqsYar2Hu	Dreambin	660a3ba8d3eaadb48280de03	Active	3️⃣Published🚀
recHC4fTTvfHZFdxa	Easy	596d2622f1d417016962d661	Active	3️⃣Published🚀
recHCF8LhIDGnlWx5	Promoco	64a3150a3010b55b40434c23	Active	3️⃣Published🚀
recHDC9QfozElyDtg	PixelPlay Archived mxnk3lja	666548a04b083403a540a80a	Archived	4️⃣Delisted☠️
recHDcxVyvdrpfexQ	Spinza	694f66fbd5d9e96efbddc0cd	Active	3️⃣Published🚀
recHDqN1S5Acm2V2C	Felix Vaughn	67eb6bf5a31f4d93993370c3	Active	3️⃣Published🚀
recHDwvWyzjRKYYP6	Torivo	692c88548065ea3ac6b956b8	Active	3️⃣Published🚀
recHDxpoZENQsFE38	Nativos	673363ceba837205f73fff7e	Active	3️⃣Published🚀
recHEC7ZG8VHw0BpU	CelestialJewelry	67986fb4ac96549d0cc9a755	Active	3️⃣Published🚀
recHEIFpR0BmhkUMK	Better Studio	657ca5e68139ff747b8db4af		3️⃣Published🚀
recHEw7oVGaB3fKU4	Cologne	66df2304443163d43d8bd2a3	Active	3️⃣Published🚀
recHGVzLNJvAycGxr	Rolar	666bb35bef1339953060faf2	Active	3️⃣Published🚀
recHGYRyNU7XcvkBF	Dorbar	693c9fed83b3fce52346f51a	Active	3️⃣Published🚀
recHGha0pIRk5rFDf	Veltrix	67f4497836c7390130bfcd48	Active	3️⃣Published🚀
recHGlbHXD3ipXaR4	Zephyr Studio	68c486742880c86ba1c454d8	Active	3️⃣Published🚀
recHGtcpN4RMMbTQ3	Prumy	66c3c180bfb75a8a203d2d75	Active	3️⃣Published🚀
recHHhKnvO4P9v29P	Educo	64a1cbd77b774d01d1fd3635	Active	3️⃣Published🚀
recHHqdWQuY0NRlka	Laundryz	67981911f37fcdc0f2e5e34b	Active	3️⃣Published🚀
recHIEL3ZslB603ch	Astryon	698b94dbb113a0afb52e3d32	Active	3️⃣Published🚀
recHIkzKGCYOqkOvk	Mono W	669e9c7a6655213ffc616b84	Active	3️⃣Published🚀
recHJJkoFCyb747gw	Netburn	677f13c916f618ab19b3f1fd	Active	3️⃣Published🚀
recHJxPwqL19XXqa6	Traveler	5c1a4b8af264d6e1ed4bc01c	Active	3️⃣Published🚀
recHK3jMHQkoAboQj	Stepup	657a70ecfed9d7555f878ca2	Active	3️⃣Published🚀
recHKBaJlMPp6qQkN	Newleaf (FR)	61329d63ce205737aedaabd5	Active	3️⃣Published🚀
recHKW8KU1vcfrN9K	Zaidev	66ef07c6e573390d5190a3fd	Active	3️⃣Published🚀
recHKmXc8znymvQgh	Bind	67401604719d4a9f01052cec	Active	3️⃣Published🚀
recHLQwfE00gGcWGn	Huxley	6879d30a6a56e2ea45694544	Active	3️⃣Published🚀
recHMJh9TmndwKVel	Superior Space Lite	67244132ddc70d3f3ffc8880	Active	3️⃣Published🚀
recHMND5NRkmZg4wy	Livro	68f2fa85ea16dd382f07d8b9	Active	3️⃣Published🚀
recHMW5k14hRyhNXz	Monroe	66bb59e72c32154d5655a70d	Active	3️⃣Published🚀
recHMahlA6MlE3ff9	Oskar	6578e0225957a2f59863e585	Active	3️⃣Published🚀
recHMcjMtBB4JzcOQ	Speako	6864108f14de0c6c0a18c217	Active	3️⃣Published🚀
recHMlpNCNzz7TydF	Loft	6541c79b93ecb919a1954a7d	Active	3️⃣Published🚀
recHNV5t7gRE1TfhD	Montana X	68ed02a6785cae344638860b	Active	3️⃣Published🚀
recHNtR1eU4jmhYu2	Reply	6678a89dedd52deb05810362	Active	3️⃣Published🚀
recHNxe6WyOYbTvxr	Lama Dompin	61ca31e0663724f951fa7ed7	Active	3️⃣Published🚀
recHO6lHJF9rym0rO	UniFolio	6447e33f3d44bc162f824f4c	Active	3️⃣Published🚀
recHOQU4tSTv5CJOd	Porfico	630a43113591b5207a6da62f	Active	3️⃣Published🚀
recHOlu8UjrcuA03V	Rosoi	64408771ef7e14cf593beb08	Active	3️⃣Published🚀
recHPCcU7uGGe1vFc	CopyFolio	64aa1c6dbaf5ea96e9304ff1	Active	3️⃣Published🚀
recHPDsgR6oLAjoBq	MinStudio	664e7a0d8a69c3ef8a1a895f	Active	3️⃣Published🚀
recHPI6MzkSlSfFy3	Car Wash	649b0d4ad67595369fc84300	Active	3️⃣Published🚀
recHPayfxn360zqZZ	Conzult	67d8e7a927b7ffb4b52087f7	Active	3️⃣Published🚀
recHPbKWn2TjIfu7M	Oplift Agency	661544e1c13a97281cdd06ad	Active	3️⃣Published🚀
recHPh3ilBqBn8Lvi	Archipro	694eaba00a5f109f08da67af	Active	3️⃣Published🚀
recHQGB4kPNNsTQGi	Shushi FZ	6822693b9789e1a4ebc39102	Active	3️⃣Published🚀
recHQYjIoJQwwkW6E	Constructz	64ca6c70f6829b60d193624b	Active	3️⃣Published🚀
recHQiAg6sgfxpqbI	The Magnolia	655792f44f4dc65dd24280c8	Active	3️⃣Published🚀
recHS6TlFpCKgO2Pu	Developer X	62705cd638af5d96e328b53e	Active	3️⃣Published🚀
recHSCJsLW1liUnuF	Zabian	693ca17b83b3fce52346f783	Active	3️⃣Published🚀
recHTVaecjhmKn043	Logi 128 Plus	65ef7e5d96fee58534a6d2b7	Active	3️⃣Published🚀
recHTnwT7emKU1DMD	Cinematicframe	69180a8e74cdd3f42f9cb2d2	Active	3️⃣Published🚀
recHU457coz0aJ63l	Edwin	619329c7c9880aab5435456e	Active	3️⃣Published🚀
recHU6uJeYtDfDi38	Apparel X	61e88da117a47a346cc3d73d	Active	3️⃣Published🚀
recHVF3Z09dUHFXzQ	Codeplus	69192dc174cdd3f42f9d69b8	Active	3️⃣Published🚀
recHVHNw5nf7NJbT6	Conferencos	5d8921decbb7380b381086b3	Active	3️⃣Published🚀
recHWBjQO41LMksG6	Glowdent	68f07f678aaf1a3fd52329e2	Active	3️⃣Published🚀
recHWqs0yhEHqOpkN	Saso	63de863111b8735eb6998f14	Active	3️⃣Published🚀
recHXRUCXriZ8Xg0G	Zaipack	664f5857738b187c7c4b0c81	Active	3️⃣Published🚀
recHXt7HRpgGGF6HE	Craftner	6464f5fa41f614a3f373c10a	Active	3️⃣Published🚀
recHY064moSKcLEx5	Tessera	6765e5d5ee6bb70ed2da4285	Active	2️⃣Scheduled📅
recHYLx9XrbQMWv4p	Mercs	642b190262830684de36f4bf	Active	3️⃣Published🚀
recHYe0Svh2awDyFg	Royalbay	665f200d0790fbdaa74e4467	Active	3️⃣Published🚀
recHZtn7fbkpnqwTp	Marinie	66eb12cab675e38f8b1cbafd	Active	3️⃣Published🚀
recHaL3O4Miew4qNA	PRCOM	686d50c1249294a1ad60d884	Active	3️⃣Published🚀
recHaPGake0jW4gkk	Regler	64bec5f9d6b53f986e3af4bd	Active	3️⃣Published🚀
recHafBAvZqARWYDO	Felix	60b6c2cf48362f937ad76ab3	Active	3️⃣Published🚀
recHb9qpsUf2Lh6Tk	Trendy TNC	66de609d2b3719a1e489a409	Active	3️⃣Published🚀
recHbP5nKUYJxdZcM	Startuply X	641b464e78789fc3d55d49c4	Draft	1️⃣Upcoming🆕
recHbrvQ33pDapofE	CoffeeStyle	5beefbd120b0951ca91fede9	Active	3️⃣Published🚀
recHbsmv8TWPlzmqP	DoctorPro	677725517bb23fc53271a2ed	Active	3️⃣Published🚀
recHbv4w0IVl6LdpS	Bildium	67f826e5f3283d9121cfc33a	Active	3️⃣Published🚀
recHcdSYAf6QvqhPC	Chaos Agency	66b559ade0516f1f90aeefd3	Active	3️⃣Published🚀
recHd9vCrTImBuDzn	Movees	65bd26faf92faeab654eaf93	Active	3️⃣Published🚀
recHdghGjYtYbxHnX	Zipline	63fd748c887a805a84309e26	Active	3️⃣Published🚀
recHeBAa0oUydkuG1	TastyFlow	66311cb9630e7c6b865d2052	Active	3️⃣Published🚀
recHeJ6psNlEX6Iaq	Fluxo	6709ff0b7fd251c4a001c183	Active	3️⃣Published🚀
recHeiZasrOP0898o	Aikol	65e2a868a5908d3aa4c182db	Active	3️⃣Published🚀
recHfBslRjOIWJLBl	Rowena	67e9d71c2fa3284f611dcf7f	Active	3️⃣Published🚀
recHfvhj3XN6Fim4f	Nutrofit	67ad16eb9a78fcf7db33d441	Active	3️⃣Published🚀
recHg7wfMJanSDFm6	Omera	663706ae82080c9fe1b67a12	Active	3️⃣Published🚀
recHgunn5F5X1BOq6	Bitezai	67d101ae44eb05d7a60c70cd	Active	3️⃣Published🚀
recHhEl3m7wp08Iav	Greencore	696154ef2982e275eb2d6ca0	Active	3️⃣Published🚀
recHhduABP1WFTZib	Antoon	668b8ad9f49260115685f6f2	Active	3️⃣Published🚀
recHiBAsNnXniItlE	Saa-Ai	64da3c326ec126735c72c2a8	Active	3️⃣Published🚀
recHjKIfJMvBdCFAd	Vino	618476e6de328cbaf37acf07	Active	3️⃣Published🚀
recHjVK7t4rpseKxl	Terace	674de20cc226c8e1ab2c4239	Active	3️⃣Published🚀
recHji4R84vOIMtW5	Brandshift	687d7575c79489b0ca76ec06	Archived	4️⃣Delisted☠️
recHk8P3XBLBGPbTc	Entrepreneur	60064fccdcd32f4677ae7f3a	Active	3️⃣Published🚀
recHkET6MesAfkTpe	Mondai	67529b7a126f5f212310014a	Active	3️⃣Published🚀
recHkXxAKpesxJu77	Oralyn	696e644f190b5f12ada5a131	Active	3️⃣Published🚀
recHkhOMulqW4KFZB	Boldark	68d22e496f3db213ca0f7a97	Active	3️⃣Published🚀
recHkm0nZHNx1m8Yo	Clade	67db2c784d86b88cdf3f97c2	Active	3️⃣Published🚀
recHksyKYqTKjT5xZ	Evora Archived wqehnpzj	675b0e4a89a0be51f39c1463	Archived	4️⃣Delisted☠️
recHkv0sE3zUkrF3A	Yogus	688a9b713e30687047dfbcd6	Active	3️⃣Published🚀
recHl98e4MVgsRJAI	Doyle	654d52fa4dd4d3b44f0026f0	Active	3️⃣Published🚀
recHlgf8iA1tPO2Mr	Glassic	688594b8d9b3c171ee0b1ea2	Active	3️⃣Published🚀
recHlmjjnzNdclyE0	Cania	63b049af34a33d5e178ad666	Active	3️⃣Published🚀
recHmnhnoLATtbeNv	Windzai	67103266c4dd72e625e9fd36	Active	3️⃣Published🚀
recHmoB5ODZbMueFJ	Renal Studio	66a5efb0c2048d9ffee84a75	Active	3️⃣Published🚀
recHmoZmymQaUSwkB	Jenny.M	68bc56387c75a485f7b60ef6	Active	3️⃣Published🚀
recHnIKJazMIASjCN	NetGenius	65de4bef959b8406a81a9f7e	Active	3️⃣Published🚀
recHnMU3VeJMkNbsQ	Angestudio	6952efcad0d0570535baa089	Active	3️⃣Published🚀
recHnZBAt4KCgEMCw	Spazio	596d23594308d46013a33de3	Active	3️⃣Published🚀
recHnqlZThmGmHwzh	Zohatech	63bc3f2ef8d730371a043be0	Active	3️⃣Published🚀
recHnykqYC7rogsl2	Cloudev	6725bc81a1a3be620eb6dafe	Active	3️⃣Published🚀
recHoV5ZHtEkJrL6s	Landax	68acfeac79615c05f0c1a0bf	Active	3️⃣Published🚀
recHp7MjnZJlB0Ov2	Noir	64aa1daa83280cff0309c103	Active	3️⃣Published🚀
recHpG8lF4fdBWYDz	Mazius	5fb3f3d080132a7290de964b	Active	3️⃣Published🚀
recHpdTMoOxMkTmJm	Rustico	68f2fe812481f83e434f207c	Active	3️⃣Published🚀
recHr78ky876p5WYB	Fortune. Archived qo5jvhuo	6758676d13c77f9240ccd32a	Archived	4️⃣Delisted☠️
recHr9A59SFQ7EI6H	Calm	61a95631f4d79d495e45c133	Active	3️⃣Published🚀
recHs2csqiTfMx4bv	Mirro	61de0b9f4852b21319e9a3a2	Active	3️⃣Published🚀
recHsVuSm08RafGyZ	LuxeAb	66edd258d5fb356b593f0b30	Active	3️⃣Published🚀
recHsi1TBd6JuE1Wy	Müller	6619a48382adf229ab9db58f	Active	3️⃣Published🚀
recHuRuKvXmSlrZo8	Techflow X	64b84c84c96306164a203aee	Active	3️⃣Published🚀
recHv0Ltmjc56NuFO	ProStore	605be2708093a8cfbc069678	Active	3️⃣Published🚀
recHvM8TMq6auvTvS	FitFustion	6596eeaa25826f554d2135c5	Active	3️⃣Published🚀
recHvQcnFEXiCxXh3	Winetime 128	64383eea24c2e2a8805b523c	Active	3️⃣Published🚀
recHvRIfEzEjF3u9j	Studio Tera	66a67c8165eca5eed24957de	Active	3️⃣Published🚀
recHvrrQReTukoMlm	Cubex	642b19736da208125c8c62d1	Active	3️⃣Published🚀
recHvvE0NoOr01voa	Formix	698a1b4a0e890043174216cb	Active	3️⃣Published🚀
recHw6pfYqQuCLXNm	Bookland	67b104bc270dbecce00b5b27	Active	3️⃣Published🚀
recHwcCorRkOnMIkV	Granada	6466367415f8727e55846250	Active	3️⃣Published🚀
recHxLwnKQsi1RZ9j	Atlanta	664392753efc19061bc30c2b	Active	3️⃣Published🚀
recHxYS5nujHmAasl	Dortmund	65e118dfabad510ff0a120bb	Active	3️⃣Published🚀
recHxrwMXOjho4d4v	Elise	617f51247d9c2a720abd8e4f	Active	3️⃣Published🚀
recHxtw5OcpDFB9Zw	Caffeiny	6725c0e8dc6305cc1d3717b1	Active	3️⃣Published🚀
recHyKnNHA8UkO5Mv	Outside	68add915b8236981b3859163	Active	3️⃣Published🚀
recHyWgPSzyboDUF6	LeadsFlow	6732567563e1d52f8ee7c7c2	Active	3️⃣Published🚀
recHzbvNfN6j4pco2	AirCraft	664bb3e8684d0114099c5852	Active	3️⃣Published🚀
recI0CY0EZLbHck99	Daily AI	656f5bc50c7a50c480f57cdc	Active	3️⃣Published🚀
recI0Ip0cDWbaGC5d	MiintStudio	695bee867c66265cbeaad2b3	Active	3️⃣Published🚀
recI0wIRmhWq9zQMp	DevHub	65bd802b5ce8b93dc548a2d6	Active	3️⃣Published🚀
recI1IwMoee7VlgCq	Medic X	650db27436215b9b0f458b37	Active	3️⃣Published🚀
recI1QqxmaBbk8Dyg	Florita	68ea999df5c1cef0c7a0d1e1	Active	3️⃣Published🚀
recI1fiBRupd82CGS	Pulseperfection	657c97fb33d3bc8d4e44ab65		3️⃣Published🚀
recI1pHDuXM8ngAVc	Makeshift	61de020bed839743f26db17b	Active	3️⃣Published🚀
recI2cUS8GlsVIvj9	Ivory	646d1876bc2255f8ca28da09	Active	3️⃣Published🚀
recI2jhZ7lOZCIlkT	Espace	657fbd198d8a314907e307cf		3️⃣Published🚀
recI2tH1aeImjPkGy	Cleaning X	624e038724741920c5d1df10	Active	3️⃣Published🚀
recI32qCdNOvho6Ch	Signart	65f3db6cce81d5e6a76968a1	Active	3️⃣Published🚀
recI41wRupqEyILGc	Lemon	62e9f315854320ba84f3420f	Active	3️⃣Published🚀
recI4Cw9rDJQxn5Q3	Radiants	65c7c16baecdcf810b303673	Active	3️⃣Published🚀
recI59pf9RMKOCqQi	Architecta	655f8ce95d82964d5c41b8ce	Active	3️⃣Published🚀
recI5TzS98FbBbbP4	Ministry	6514147e61e869f407174be3	Active	3️⃣Published🚀
recI5cq6OMZR1fu7I	Code House	63d3f9aa4ceb7af045a68715	Active	3️⃣Published🚀
recI6G0svWk2ST8zV	Nocode-dev	661c3cd045075e255b522717	Active	3️⃣Published🚀
recI6HNUbvcMTGT80	Bitform	688d1ff670bf5a6535c22678	Active	3️⃣Published🚀
recI6lJ5rxpfWCtqY	Zaipet	667efa5920bd25011fb0215f	Active	3️⃣Published🚀
recI7Jmz9u9y66nLK	TrafficFlow	67a65e46a6bef9ae8b9b7b06	Active	3️⃣Published🚀
recI7ZM4jr0MSwSOn	Nextconf	686d9925f1e54fcc6cd31c2d	Active	3️⃣Published🚀
recI7rnAwIBc8ZnbY	March	537e33d5c365901355c859bd	Active	3️⃣Published🚀
recI8lzzRywhagPqC	Recraft	6630b425d316edb7b18a0bb4	Active	3️⃣Published🚀
recI8r4ZlmN2kiPDe	Krisp	6659ff1b02247b0115bbff63	Active	3️⃣Published🚀
recI90BwWpro1Uz0k	Clinicx	65031e9faa7d234072465d96	Active	3️⃣Published🚀
recI9AYZWURqqWZcX	Very Basic	6400bb9a8077213bc46e4ce2	Active	3️⃣Published🚀
recI9H33S4nKnXDO7	Epic	621d16ad73d2e716c06be261	Active	3️⃣Published🚀
recIAB4N7e5hV3ktc	Sellspace	67528cf2dcb72e8664460f7e	Active	3️⃣Published🚀
recIAOPcm1CjA1cPV	DentistPro	669addb9a502440b79cf292d	Active	3️⃣Published🚀
recIBDgpEdbFeozJC	Real	64a47766ee9d9938293a535a	Active	3️⃣Published🚀
recIBX2kYXdJ8mKdR	Rover	6089d29f35f2bd564012a0fd	Active	3️⃣Published🚀
recIBXPwI56mvu6Pf	Aura Studio Archived ybm4rat7	694c37060a5f109f08d991b1	Archived	4️⃣Delisted☠️
recIBzrDIxeAnpCAZ	Formalier	686d9a9dbe032f6f665f44e8	Active	3️⃣Published🚀
recIC1kxaxk0b6wZq	Studio Arch	6978feac6f8162d20ea7497e	Active	3️⃣Published🚀
recIC7tibImiExfkk	Galera	640ba8754481e40277fb8805	Active	3️⃣Published🚀
recICA4gUIGMuX9zh	Koombi	65836b17930bc250697c10ed	Active	3️⃣Published🚀
recICYlRqe8lEgtLI	Oralix	68fa44c31543c6358ce8754e	Active	3️⃣Published🚀
recID7kMPBYxGlyoY	Photofolis	5fa95bf18d4a47211d8761a7	Active	3️⃣Published🚀
recIDI7eYQ0FNxOme	Zaimotiv	66669bb11a21b21e20014a0c	Active	3️⃣Published🚀
recIDSwKYH0LOnMoV	Zaiguru	66ea4d62e7100f5d3f8a7d5f	Active	3️⃣Published🚀
recIEFyoClilxoCPU	Animotion.X	64d3cb4639bbc0568765a3cd	Active	3️⃣Published🚀
recIF4wmsxF0gSIi6	Harmony	63168c4a44c1d2416337f16e	Active	3️⃣Published🚀
recIF6uSsbkrfrd2U	Notes	642f09d795e396470eb790d6	Active	3️⃣Published🚀
recIF8p1C3PFJK30V	Advon	67ca628af8fba8ab74bfdef8	Active	3️⃣Published🚀
recIFKaFYC2giwMmo	Breezify	68c8fd3135f0f51bde04a8dc	Active	3️⃣Published🚀
recIFXACli5TTZ0kD	Sasmind	65ca369ab0ee92d408a74b82	Active	3️⃣Published🚀
recIFZgFbuxog14jv	Cuox	65b81f0de250fba38f61eab1	Active	3️⃣Published🚀
recIFeQCXMujP37RA	MarketingPal	66e3956e280a3c34097f7a3e	Active	3️⃣Published🚀
recIGz6y8cSMIsvVE	Robotflow	6999e15dec59fb992b2452f4	Active	3️⃣Published🚀
recIH34cX9jojlvuk	Orsa	5e4c4efeafc3162a9218b9fe	Active	3️⃣Published🚀
recIH3AXHCN3vpKnx	Skylift	65f0e4ac0ad51f552b496c3c	Active	3️⃣Published🚀
recIH51Tv7tgrM2dA	Visione	684b687347424a49c061ce34	Active	3️⃣Published🚀
recIHcFheRHVksx0H	Dashdark X	647e2cff61fec7e56e5e8c5a	Active	3️⃣Published🚀
recIHynxuiry9DCay	Brutex	667af9f45f38aab2fbd4e7ef	Active	3️⃣Published🚀
recIIaCIMUK19uB3g	Smiluxe	692f015e338a5e8aa69d028f	Active	3️⃣Published🚀
recIIbJyIaThzIxlt	Modcraft	6674a0cbce19556200f291cb	Active	3️⃣Published🚀
recIIuJZRMj7TEwgW	DecoritFlow	666ce2106d3c4b46fa1a6326	Active	3️⃣Published🚀
recIJ06nhlAp3jcFf	Kriox	67000a9fa92122329e2c8c0b	Active	3️⃣Published🚀
recIJHyQIOZCeVPPm	NOMNOM	621968a29d35d3f99d97dd45	Active	3️⃣Published🚀
recIJJ9LY0263tDSh	FinProX	669e87ee6e0f3d27450ef9dc	Active	3️⃣Published🚀
recIJJCSiKuCojL7m	Blogger	630e50167b2a6a5c29c7a45f	Archived	4️⃣Delisted☠️
recIJNQ7RIegAXXsc	Horizon Hues Archived 6skrxflu	66db7a7ef715117391cf3729	Archived	4️⃣Delisted☠️
recIJmbJ1WLdkxIZc	Sankul	668b81b5510bdea9ea7a2c98	Active	3️⃣Published🚀
recIJseGzdnXfUfEK	Saasy	5ebef4654c9529b78bc7afb4	Active	3️⃣Published🚀
recIKAniDHESA50ZH	Growfye	673f5df25019abb071246161	Active	3️⃣Published🚀
recIKhc2Jmmvhkdr9	Studio Webpage	66c3c233e1af034cb46363fa	Active	3️⃣Published🚀
recIKp5bcDCJOAfRA	Lavero	67bf64010520655f33ac9f0f	Active	3️⃣Published🚀
recIKyDmNNXGEMPmh	Solecto	6684a4315097df8c4fe7794e	Active	3️⃣Published🚀
recIL3fibOclSTH0q	Flowgency	63bd916eb8845a68f4bce8fe	Active	3️⃣Published🚀
recILcIqDqG8y6O84	Clixr E-commerce	64bfdf92017a01cce6e0e38b	Active	3️⃣Published🚀
recILdipGC4nwy0yU	PrimePixel	66c3bd0edae6711437d45f11	Active	3️⃣Published🚀
recILePWa4V0e4ggd	SaaAI	6720d58741b6376602921782	Active	3️⃣Published🚀
recILn0zHhsGL81Lt	Maximux	693258c8de4ec8a2d1d4c6e5	Active	3️⃣Published🚀
recILreO0GrvoXBjc	Ritovex	68d5b46aacfd8ad5445d74a8	Active	3️⃣Published🚀
recIM5hI22avzCdGB	Moneywises	693e0e356f962913e2883b8c	Active	3️⃣Published🚀
recIMGThFaeREpqqc	Braxton	67d1083692b7b1ac4b845173	Active	3️⃣Published🚀
recIMsuh9SQBHIaIW	Meto	67223af2e4f3be4df6e1baf1	Active	3️⃣Published🚀
recIMzjK85ZQDtkVh	Urban Rentalhub	69293f5411387eeb62984fc2	Active	3️⃣Published🚀
recINhynSdMLXN4oJ	Kreatryx	67337f9722e5bce6a9a3267e	Active	3️⃣Published🚀
recIOOquxEoSXxyLG	Robi Studio	67986c3fac96549d0cc9920f	Active	3️⃣Published🚀
recIPWdgDOfgwzAxh	Growflix	67bd520929e0ed1692cda229	Active	3️⃣Published🚀
recIParxVp2d9HIQX	Rosalia	66d032485edfa751db54fa87	Active	3️⃣Published🚀
recIQ7sBr54UQHSdB	Valyrian	685c3571ef2846530c777d82	Active	3️⃣Published🚀
recIQKjqbH2RU5h6c	Fastest	6825635ba5137a96383404a3	Active	3️⃣Published🚀
recIR4TF40Zem0AOG	Soxos	64663794997287e4f385c2eb	Active	3️⃣Published🚀
recIRgF3vERSivqw3	spark. Archived p23yfiv0	66cac7c03f547651fd06ab80	Archived	4️⃣Delisted☠️
recIRoZbbKaTKYmcf	Apocalypse	65d2e40466e3a32f823fc536	Active	3️⃣Published🚀
recISTj80pzHNQrn8	Snappy	67986bd6ac96549d0cc98ee1	Active	3️⃣Published🚀
recISWaQ99QlzibSh	Pebo	65048be0ab0cc8f461e20e3c	Active	3️⃣Published🚀
recIT8CODSEL40Ssw	SaaSilo	6647a68719aeb679b81a5551	Active	3️⃣Published🚀
recITAc39TMx6qWdH	Moderise	68b8582312362269e4565393	Active	3️⃣Published🚀
recITCij4ozNszmkb	Craftive	674373f5156afcafa446b178	Active	3️⃣Published🚀
recITKqpw4xMFpLyK	Regix	66ea6fa6c6bd23823dd37f8d	Active	3️⃣Published🚀
recITnz5rYcI41e51	Digital Frontier	66197fe2e4077fed0ba2bcdd	Active	3️⃣Published🚀
recIUO995kIOFwJUd	PulseAgency Archived mwvtrkt1	6682bd8bda77cfd74ec77d02	Archived	4️⃣Delisted☠️
recIUpO5d8ezIs97e	Zenario	65ca75e15d723315aa596424	Active	3️⃣Published🚀
recIUsBoaCUbIFlEn	Cedar Archived 41l7oed1	674bc0135c34e00150d5580a	Archived	4️⃣Delisted☠️
recIVNNQqXE2Obsfo	SuperSonic	65eb75141f1e2f728a7c38d2	Active	3️⃣Published🚀
recIWIaYBOsv50CJq	VoxNava	6960a9365c0317d8bc9eab7a	Active	3️⃣Published🚀
recIWT5usixuXPw3p	Gymtrainer	67aa63edd1fe2a1956c319ed	Active	3️⃣Published🚀
recIWVcdcDh6En4vK	Singapore	614ddf9c3d8f9c33e5cc8dd9	Active	3️⃣Published🚀
recIWbJWY6Bbpg4Dn	Softy	5ea1717a0f854b19e2809ee0	Active	3️⃣Published🚀
recIWiwrLCrBLWRxt	Goodzy	63124ee40d0939bf78d16f01	Active	3️⃣Published🚀
recIWl12srQt0Uh7i	Kea Lodge	6835d6bef6a820df4d1932b0	Active	3️⃣Published🚀
recIX8BkMTPCYEEFY	Medley	67436eaa836bb7d979109777	Active	3️⃣Published🚀
recIX8QNPxuTqWYvL	Birch	61e0a9ff22295679e2c1d2df	Active	3️⃣Published🚀
recIXGetMohggv6jr	Unletro CMS	589370cba5e91ae82de89548	Active	3️⃣Published🚀
recIXOdlASm0idZTj	Adnac	66b8261e7f26e842267f7701	Active	3️⃣Published🚀
recIXwNzHbXEc86Lt	Sketchfolio	67346232305f1117790119c3	Active	3️⃣Published🚀
recIYHLRp0cC8uDg5	RogueSignal	68472e639943777e03f4ce41	Active	3️⃣Published🚀
recIYO2SfM7oUWWk5	BrightEdge Pro	67cc5861632a4d8cd82f4770	Active	3️⃣Published🚀
recIYWXH77MMXpAUL	DESN	679c5aea752f6d6a0a87231a	Active	3️⃣Published🚀
recIYkqkjtwrQTTHa	Porto 128	632cbb46430215a454eb9ad8	Active	3️⃣Published🚀
recIZQl6Zb3q7xuVR	Plain	6499d4213e13ea0aaa04f709	Active	3️⃣Published🚀
recIZwH1br7ii7169	Brim	6933b7242b6da7c8e4c93e3c	Active	3️⃣Published🚀
recIaBiRfdr4J3ahU	Portolio	6585c58b8115d7fef2b7267a		3️⃣Published🚀
recIaErZZdFE4uGjR	Bexina	67be1c35b26039ea76590a41	Active	3️⃣Published🚀
recIaX5Jh0bQ11R21	weCare	561b53181e3b95411143cbfc	Active	3️⃣Published🚀
recIaydvw2Mnbk7EC	Syncara	673c2070a50fdcbfdf3a9f82	Active	3️⃣Published🚀
recIbNHnqp5MvPt9u	Ignis	65280dcc51fe23bb191b2cfd	Active	3️⃣Published🚀
recIbWQDh4IrWTVpN	Raspberry	671b21b99334970c07e09cf7	Active	3️⃣Published🚀
recIbnliJiRd40m8E	Boostr O	67a65b8ba6bef9ae8b9b753c	Active	3️⃣Published🚀
recIcQx458wYsg6wO	Nectar	66f722d70d4437dc117ef9c8	Active	3️⃣Published🚀
recIckUFNOYPaJfLE	Zaivpn	674763d35ee2f119a0a62f12	Active	3️⃣Published🚀
recIcr8AuHBC0tU5u	Starter X	65e758562631985945afb02c	Active	3️⃣Published🚀
recId0Zgekbuk4Lxz	Store Starter	5c75aee206591073b28b2d36	Active	3️⃣Published🚀
recIdfKAYmkrdOKL7	Zynic Studio	697ead82612601ac85b92c4f	Active	3️⃣Published🚀
recIeCQjg17mU58xx	Seeson	672b611cae48a984776e98e5	Active	3️⃣Published🚀
recIeIKn9nXX2Xeuk	Labyrinth	66421b73bbf406afdd3907fa	Active	3️⃣Published🚀
recIeqfJYmEppltUn	Cirka	68a3f8b25c676b671b8557c9	Active	3️⃣Published🚀
recIgRs5RgC5O4SK7	Codebase	6255acd8e836d7c54ab2dc04	Active	3️⃣Published🚀
recIgVLyrkU4nf29i	Western	558d9270e20f1f4d31c65913	Active	3️⃣Published🚀
recIhd8746MhvQ5mb	Softify	67ad19fb200ce93e14708a93	Active	3️⃣Published🚀
recIhubMKU9GW9oVL	Metroride	694eb8cb0a5f109f08da93ae	Active	3️⃣Published🚀
recIiWPBYRWMMaCTP	Homyz	63cee906da96e07401d6ce1f	Active	3️⃣Published🚀
recIj2fQC9Fj8Wrbp	Vexalo	695d41aed2caf10ed79a8351	Active	3️⃣Published🚀
recIjCWRCAXPNqrVf	Folio 24®	65cb8bcae7c22a57ac27d73f	Active	3️⃣Published🚀
recIjtxmDI2ndTGkG	Abency	65a075a0f6a9837d68d7ecf2	Active	3️⃣Published🚀
recIjvmYSBgKv0pYp	Promote	63b4a1918b2a27c32a8b771f	Active	3️⃣Published🚀
recIjwdDIREIx9q50	Vandaley	65bd6cab262fcb3a8114de51	Active	3️⃣Published🚀
recIkhhYlsfxTAqj1	Techfy X	65e6043c5cf83d292779cabb	Active	3️⃣Published🚀
recIkrVG61wA36M6K	Code Consult	65a359bc4d2aa04c79d3f683		3️⃣Published🚀
recImYw40lhtRqP3c	Zerixs	6900e01721d70a84f5cbfef3	Active	3️⃣Published🚀
recImkkZ1sNEgvcmN	Hilex	6764416311595cf478f8ab9a	Active	3️⃣Published🚀
recIn2quLQ8ueS5Nb	Revolutio	63d8056c04f88c028f7852ab	Active	3️⃣Published🚀
recInU1ozMPBcwooi	Adroven	68d88d86053ee29a268814e0	Active	3️⃣Published🚀
recIo14YKMx3QpMCU	Juris Archived wkhu0xnv	607a19b40a22aa9efbb4c39d	Archived	4️⃣Delisted☠️
recIo81Bvzwk3huoi	Nifty	61846cfd7445b61f5a605131	Active	3️⃣Published🚀
recIoJ5KTBdopl4jf	Archi 01	6863f094a4a9e467af45bc39	Active	3️⃣Published🚀
recIojEW3KQfvhmaE	Clikup	6737ad86d58d1a03e57383b7	Active	3️⃣Published🚀
recIp8DMKlOsCLDkM	Hudson	65b93e2c4fb680c9edd0f828		3️⃣Published🚀
recIpVHWQyTKUB05Q	Internet Provider 128	6452905713a4db64553bcbb1	Active	3️⃣Published🚀
recIpgOhXH39Hmrpb	Arapahoe	6099e93adde412502dfe40a5	Active	3️⃣Published🚀
recIprZMvGNFPdsvF	Alex Lee	667ef52494f3f7b3612d07e8	Active	3️⃣Published🚀
recIqANGepZOF6rHP	Play X	6494742d3fa51e9833b0a06f	Active	3️⃣Published🚀
recIqm6RbClGhROEQ	Arial	665895580ae313bc65cb442f	Active	3️⃣Published🚀
recIquw7hqkbY1pTk	Lumarra	68da98248883a3155ac30899	Active	3️⃣Published🚀
recIqyFsaeCLwj7zX	Savurine	6834ac9c50b5406f9b694d66	Active	3️⃣Published🚀
recIryHthbylcTzta	Commerce X	6386d5c108495c7e351d1a24	Active	3️⃣Published🚀
recIs3hhTj9S89wNj	Recharge	66cac946af311149db57706c	Active	3️⃣Published🚀
recIsA0NP0v4STPGW	Task Dasher	65243687a88f75d575eb9bae	Active	3️⃣Published🚀
recIsYxmTVIeFcM6O	Digiplex 128	645bd4a71dfbd1b724eaef36	Active	3️⃣Published🚀
recIssx6wjdPS8pDR	Havana	64933ec8e41f5a0a33c7f1a4	Active	3️⃣Published🚀
recIstuoImJpyl9Pj	Lullaby Archived d5p2sbn3	66c8c5afaf298acac5f09af5	Archived	4️⃣Delisted☠️
recItYb1Twf0Ljvau	Webpix	6568dc7d3a443a92594299b5	Active	3️⃣Published🚀
recItnSQhFdy9CsQ1	Eliza	680aef259a7dd235a7b9eefe	Active	3️⃣Published🚀
recItyipKwfSpoIga	Gate Park	66dd3539a528a79d9b7f7538	Active	3️⃣Published🚀
recIu0atV5kpJJGLv	Demure Studio	6745fe4e50f1701f08ee9369	Active	3️⃣Published🚀
recIuK9yrHg5pLCbM	VisaHub	67d39bb7635935336365bfa0	Active	3️⃣Published🚀
recIugdT0jtizJvtY	Codigo	6993cd6885f586e47ca470e6	Active	3️⃣Published🚀
recIvC8ZVMhE4bni7	Knud	62706077991bfb805588d82b	Active	3️⃣Published🚀
recIvwc7iz0m0kGnJ	Niko Petrov	6863f1d6a4a9e467af45be7f	Active	2️⃣Scheduled📅
recIwcP1LAXQoW12D	Vsaus Archived z99d0xvm	657b7c3b314e410aade64bed	Archived	4️⃣Delisted☠️
recIxKsisYPzgNJ5y	Asterer	6935b8e62b6da7c8e4cabc6b	Active	3️⃣Published🚀
recIxycpXJ21meXsl	TaskPro	67e1d41bcf99e97689ebed2e	Active	3️⃣Published🚀
recIy0yQUfXEPpRE0	DataCart	66b3a1756a8bd15c5a1bf4a6	Active	3️⃣Published🚀
recIy4eAm18Wn7I0o	Kontrix	669ea78e4ab32d939f0c1b85	Active	3️⃣Published🚀
recIzHRY3ikVUEvbC	Newspaper	664e718a96e89151ca072c9e	Active	3️⃣Published🚀
recIzMQkYAvjRMDHX	We Recruit	645283631a91d871f0699694	Active	3️⃣Published🚀
recIzdWIU2LaH79QU	Altor W	67203d32af4d12410df9c949	Active	3️⃣Published🚀
recIzdxrLMkfTnngc	Ignorit	6708e5910f1192997d0d4775	Active	3️⃣Published🚀
recIzvDMAITC5lz1l	Munline Archived 46xinanv	653b331af4cdcc576e12f380	Archived	4️⃣Delisted☠️
recJ0482HtAeTGR8M	ArtyFlow	661979f3f68b17018c664131	Active	3️⃣Published🚀
recJ0DIwhAxz5ZtGf	Sparto	66d680fbd80eab85c897d84c	Active	3️⃣Published🚀
recJ0Mm4y1hjraUGk	The GSAP Field	6866aa7274d029b61f3e5345	Active	3️⃣Published🚀
recJ0jSGgZwwLtSh8	Build X	66bbf6cdb24d0c998c28f6b8	Active	3️⃣Published🚀
recJ1RUjW2IYmh0hI	CryptoKit	615f4695e71f0dff674e8c8d	Active	3️⃣Published🚀
recJ1ak6naVix6rgy	Productino Archived wud42ogz	6511c1923770769ad99eb58f	Archived	4️⃣Delisted☠️
recJ1h3pHv5vXO1AW	Superweb	65281057f99d2365ed0c0993	Active	3️⃣Published🚀
recJ1j3HaDDAVJ2Fh	Icoline	672108ad51502ef030a645eb	Active	3️⃣Published🚀
recJ290yZGOxomv4E	Personos	5ebef1a3687f1e5a8c122dfe	Active	3️⃣Published🚀
recJ2WuZKpuaRQ35F	Momento Archived zxy2sodd	671b99716fa6c5c897dd10fa	Archived	4️⃣Delisted☠️
recJ2eJMUfEJ5FFFU	Kloths	67851e49f0c6203e7d9f97ff	Active	3️⃣Published🚀
recJ35k0Ca434lAso	Derby	683e7ced4906d0b95f97bd8f	Active	3️⃣Published🚀
recJ3hcnjSvC1HoSV	Archo	63b862d862483067ed7d67a2	Active	3️⃣Published🚀
recJ45bAEn9rXOZen	Paprika	6684820657e4b425575d309d	Active	3️⃣Published🚀
recJ4dsbu2t9nA3ao	Blomk	68a4af1229de50f908b7058e	Active	3️⃣Published🚀
recJ56P1pttA2l2Jb	Colabify	692494aea52d55dff5c8cd80	Active	3️⃣Published🚀
recJ58gFGWJPfeBfJ	Bear Barber	65c68e4094ed2d5d888104b7	Active	3️⃣Published🚀
recJ5JxRj53wolqFL	Nexo Studio	68c75811d8f6b9ca291b5e49	Active	3️⃣Published🚀
recJ5PsERZszmpFZ1	Glyder	65ecff4f823b2294e1521c89	Active	3️⃣Published🚀
recJ5zvbAqpBG93wZ	Aurion	67f53234b3ef94e010c56958	Active	3️⃣Published🚀
recJ63ZTjxGzG5yyI	NFT Metaverse	6255b8993ca76ef995bf9e42	Active	3️⃣Published🚀
recJ6CLQCuzhi97h5	Mailfy	67bf46270036ba10d6de0d62	Active	3️⃣Published🚀
recJ6fw5VxI4srVGa	Portfolify	6442b2ee152a400506392d15	Active	3️⃣Published🚀
recJ6iuawKP7CcxdR	Bistrovia	670b27c5ca4097133372d28e	Active	3️⃣Published🚀
recJ6qAIL88Dk52k8	Reflex	5fe3c53370b14cfb202e285e	Active	3️⃣Published🚀
recJ7CFFxtz1Dnolw	San Diego	64df90cd0391304ff632157b	Active	3️⃣Published🚀
recJ7CaiOn98wewPk	Paralel	6542af18d8e5a0636267c752	Active	3️⃣Published🚀
recJ7LUXndObpsFTv	Agencyy Portfolioo	6726d515041cd99015876a0a	Active	3️⃣Published🚀
recJ7zRYAeUyMFF0e	Theatre 128	654556e0beb62a0cdbd7949e	Active	3️⃣Published🚀
recJ87yp6VdZorpOS	Snoop	5cf929678e7d8a53cee0e7ff	Active	3️⃣Published🚀
recJ8pp5daEOeJUJf	CollabFlow TNC Landing Page	65d4d55ce16e9b068099c7f4	Active	3️⃣Published🚀
recJ9TZWUaMrZirNG	Orange	66ceb74a31e6c7ab185fed44	Active	3️⃣Published🚀
recJAeWxcaTJCjWCG	Brooke	6320b592297b48796bfdf197	Active	3️⃣Published🚀
recJAo8gXBp5gDW9v	Zoharics	667dd9467f03341f6777f731	Active	3️⃣Published🚀
recJB2hoowrNfDFVN	Studio Forma	68c48768f6abb299a4af0eea	Active	3️⃣Published🚀
recJBfwwtzxZCFPec	Madrid	638a51360e85a39690f12b2b	Active	3️⃣Published🚀
recJBlsDbiz72bTEP	Obry	64909113eee48c0b2ec54fe7	Active	3️⃣Published🚀
recJBvcNmPzluAHbN	Frenzy	648c87fa896fc8fe198bb1c9	Active	3️⃣Published🚀
recJCxbJ7YXoCV9ct	MomentumFolio	656f5d1a0f1932283e01d2d2	Active	3️⃣Published🚀
recJDuB00KrQxZEw7	Fitex	611ece73edf263209e059f9a	Active	3️⃣Published🚀
recJE2cHDgaPcyvFG	Sanitizai	67630611c6ca291589915f17	Active	3️⃣Published🚀
recJEKPyIwJADM1BF	Petilio	67cb3b40e2b8e0ebf6942549	Active	3️⃣Published🚀
recJEwG1r7zqdVbZQ	Kathaio	66395d21ad8eae5704e6aa70	Active	3️⃣Published🚀
recJFM2OyaxpIZKs7	Ambrosia	694c2d7111772cd40d8348a1	Active	3️⃣Published🚀
recJFQVW9QvJhwMGL	Adept	62e5b9352fdfe1294f6b4a9a	Active	3️⃣Published🚀
recJFwu9MyZERGjQk	You X	6148da07e975743e7dbdabdd	Active	3️⃣Published🚀
recJGFdPvM0QU10zF	Branch	6682c2915f95d2d87dc0b124	Active	3️⃣Published🚀
recJGblExbJylCYiq	Webrise Archived j9d774he	65b5da15145d5b167fc72361	Archived	4️⃣Delisted☠️
recJH9l92WkhG9qZL	Fintell	6570f117f4acf0cb0ecceb91	Active	3️⃣Published🚀
recJHQhaKXVriKZFs	CourseKit	631918771c99a60848fb26bb	Active	3️⃣Published🚀
recJHjxvkx7Jhz0v5	Vermont	66db601602991508fadcd858	Active	3️⃣Published🚀
recJHoBh6yAmu0yi9	SiliconV	62180bda5332c09d43d8d868	Active	3️⃣Published🚀
recJHyxoQhKszJYpe	Kontix	68af2dc2667d343662635ecf	Active	3️⃣Published🚀
recJI5k02HlUAeFeT	MinimalFrame	68940bd8289a286ecf9e3ad8	Active	3️⃣Published🚀
recJI6VLQgNthw7tS	Healthcare Institution 128	661582ded37ad2b4f290b675	Active	3️⃣Published🚀
recJINcRFiYL4T6XS	Coursely M	636bd1c73a0f25f2a7063a5a	Active	3️⃣Published🚀
recJITf2lVL3PBlhU	Manorlane	686d3bc216d69ed514f787d6	Active	3️⃣Published🚀
recJJ6yv7uiYkePb7	Growlytic	6889096cd17ab1495426ab7b	Active	3️⃣Published🚀
recJJT69TS1r5jcTF	Agata	60263500c5657a6d8fd4ed1e	Active	3️⃣Published🚀
recJJcIwhjj0gPGi6	Thiren	698385cec5dc4df2d5ea1984	Active	3️⃣Published🚀
recJJroPUpibnQlN6	Maxora	69755f43bb2526628bf7fe8d	Active	3️⃣Published🚀
recJKCXtUG0ef6BCV	Hopedu	6450e7abf9960c22c7c256e0	Active	3️⃣Published🚀
recJKHHoJ3YyVTszc	Gigglio	67ca4bc0d8cb207d4ee14ac8	Active	3️⃣Published🚀
recJKlZWWjs7D4K9a	SasGlow	6627f56fac45ad1f904272fd	Active	3️⃣Published🚀
recJLbVXySMZU9rWV	Rolixy	69333031153442fea1269cad	Active	3️⃣Published🚀
recJLoAEUDRn6h6mO	Learnico	62e9ed8d4b3685901454c99b	Active	3️⃣Published🚀
recJLyZrpJs750a5E	HomeMaster	67aa6d0dca0d7bd7d81cb7a4	Active	3️⃣Published🚀
recJMGRBHoekRldgT	Riseup	670855f281dd03b92b1f215e	Active	3️⃣Published🚀
recJMZFcZOOOcez0I	Boldy Template	650db41323470d4b964db68d	Active	3️⃣Published🚀
recJMqsS0C5iCJhyC	Richard	6490959f3d26f8deb7afd63f	Active	3️⃣Published🚀
recJN2lYCG7TBEecB	Residence O	66fe879de655a39ef2d635c1	Active	3️⃣Published🚀
recJNH2k8eRQnCAq7	MarkIQ	68cc386b108f6e2b971d3618	Active	3️⃣Published🚀
recJNRVwt1MXWjKqB	Sage & Milk	60c91807af115af1f04221ef	Active	3️⃣Published🚀
recJNV4Lad4E8K7EI	Playzone	67f82552a05377a08f7cd6b9	Active	3️⃣Published🚀
recJNzNANMnloAXwC	FreshField	651c2b8cfcd5631637624f35	Active	3️⃣Published🚀
recJOIB7Mc7NekBi8	Myfolio	627de6ca3939d9276821b9dd	Active	3️⃣Published🚀
recJOLO7O7yQr6p21	Sellor-Ecom	690e1ebea562660f1374784d	Active	3️⃣Published🚀
recJPcktIkXIgVLQo	Horizon Academy	670436371f54d4c89886f538	Active	3️⃣Published🚀
recJQ2MWBaV5hK2Py	Saasly	5fc92c17d537a715b1f4dc44	Active	3️⃣Published🚀
recJQSRudoM0k88Q4	Metaverse Archived h5snyjnc	62d8cfb05e23fd8cd52a1c7a	Archived	4️⃣Delisted☠️
recJQuV8KpxD9pU5w	WorkHub	651adb8969fe25ee5c9f3c55	Active	3️⃣Published🚀
recJQvrCUXXjW8lTn	Upsun	67c092b8139bcdf1270ff4fa	Active	3️⃣Published🚀
recJRvvKSoebWqrsx	Nutrio	66bc25dadae1587a1070a4fa	Active	3️⃣Published🚀
recJSYbLeGaRiQmTI	Inscove	670c509f7eea1683bb839d0e	Active	3️⃣Published🚀
recJSzznEN1TS7ypc	TravoX	6863f2bbea9cb4e22afec75d	Active	3️⃣Published🚀
recJTCwllwROd4XC9	DecoNest	67116a9b8a44fc343c0a7948	Active	3️⃣Published🚀
recJTfing6CGgHFTB	Property	653b3f453a80a13e3113839c	Active	3️⃣Published🚀
recJUpXdQgPek6HuD	Minerva	629f574e7184e59e89b210ed	Active	3️⃣Published🚀
recJUq6GY0MrX7npn	Consut	67e35c9bffd7a0efcf290335	Active	3️⃣Published🚀
recJUxl2ucwUFQBxs	Moyo	6070df458512bb65af15f2f4	Active	3️⃣Published🚀
recJV00Axlr1IbeEx	Legally	67573ada7d0fe8ad1b01d9c0	Active	3️⃣Published🚀
recJV7Gky1jOID0iO	Zaitudio	65d7660641d4cf168b55b3fe	Active	3️⃣Published🚀
recJVN6eR6W4pcDYT	Axen	662ee5e28594ae917ae9c41c	Active	3️⃣Published🚀
recJVTqV7NRo6Tqjy	Baku	66a9fde19633c8dbdf513e19	Active	3️⃣Published🚀
recJVkItxYNhBXwPu	Framy	604bfc62249985b14b11db4c	Active	3️⃣Published🚀
recJWZA5xHEm7DRYo	Finacoai	694f79e7d5d9e96efbddc384	Active	3️⃣Published🚀
recJXDfb8YSkqA3Hp	Gradia	66bfc53685c20089dfce0995	Active	3️⃣Published🚀
recJXHYixXCz3ajXu	Infolio	6688233a9fccf14963719ebe	Active	3️⃣Published🚀
recJYdxcUv1cXv2au	Fincon	65a92751e831628f08c411f3	Active	3️⃣Published🚀
recJYr3JI9IMfgCjE	Consultivo	66b80fce4024fd093ebf5fe5	Active	3️⃣Published🚀
recJZMYEEGLiBi7Nj	Cambridge Courses	6536ab34d95b8d235a884d71	Active	3️⃣Published🚀
recJZcawOcapRky3l	Infotox Plus	63fcbeae2f77e0dc1372d386	Archived	3️⃣Published🚀
recJaBvQpucOoBaka	SteveFolio	66e07a4197d85825b2c9d123	Active	3️⃣Published🚀
recJaP8ttS68suql8	Texbase	679d998c34e60a755f4ae5b6	Active	3️⃣Published🚀
recJac0Iqkv8441UE	Prime Studio	6753f3b99f5cd35e74a8b912	Active	3️⃣Published🚀
recJaobj2fyRlWECs	Monospace	6778c7e1323c341c6bf4f615	Active	3️⃣Published🚀
recJasSXDrsMFHXmr	Scalewise	65ca8759fb0d8151eeb2c630	Active	3️⃣Published🚀
recJbKtjtMSQViPdE	QuoAix	67d35929030eba5dd399d6d6	Active	3️⃣Published🚀
recJbazdp6qbAjW1z	Fitedge	698b77ce93db20d6fd5e71c2	Active	3️⃣Published🚀
recJbwwDbPlpKzXI9	Coincraft	696510ddaed83433346a94bf	Active	3️⃣Published🚀
recJcgYACeRNv5S2O	Pretone	696f9a3dad3a5695279fe736	Active	3️⃣Published🚀
recJdsaqMvaqukcHs	Flowverse	64e61e00a9ab9975c024259b	Active	3️⃣Published🚀
recJeVHyyuI8f48uT	Grand Standard	5ed17a5ee36a2ba9f9c25bff	Active	3️⃣Published🚀
recJfPgC1Z8WN6axW	Zaindis	6626f6d0e88735c6e3ee2ee9	Active	3️⃣Published🚀
recJgD3wL4UkEjJf0	SpectruX	66cac1e5b14f1d22964ea9ed	Active	3️⃣Published🚀
recJhNmnOf6V52qgf	Jason	649c83a73d6f2b384d2c700d	Active	3️⃣Published🚀
recJhWrlnG5EodQF2	Profeci	6978fc5b91a65a195672fffd	Active	3️⃣Published🚀
recJhYEHj9BQ7Fi0X	Datawave	6605e93287bcdfa5eab2b173	Active	3️⃣Published🚀
recJhZ9nGW3glyy1i	PoriuAI	66d5e3f1f01f86fb8ecd62c4	Active	3️⃣Published🚀
recJiJeXn3jctzs47	Metrilog	68ecbace785cae344637e1f5	Active	3️⃣Published🚀
recJiNFfKiQVOf66k	Noirux	696f9f5fad3a569527a013d2	Active	3️⃣Published🚀
recJj39TsN1g6GSSG	ProFunds	677afafacc29367a9765f8ce	Active	3️⃣Published🚀
recJj7AmqC3jOaVty	Humo	68e79ad517452b243ba562bf	Active	3️⃣Published🚀
recJjkeI3UI1oTDEP	Sustainability Hub	6727fc9da61930f1f10199ab	Active	3️⃣Published🚀
recJjrv25p2lpxsTJ	SaaSMind	669aa57f7d03bd62bf922c57	Active	3️⃣Published🚀
recJkDyqw2ZknQSqs	Centrix	63cfeeb27a87be0c82a3c94b	Active	3️⃣Published🚀
recJkRMblREIRsxpD	Artlst	67aa258a89304e4f390f8478	Active	3️⃣Published🚀
recJkaRR9a3EfbubT	Furro	68a8c015349c03c7403a3f6c	Active	3️⃣Published🚀
recJlGUcGasVsarqZ	Luxey	6660f25c61f6195e7a6bc516	Active	3️⃣Published🚀
recJlOVFz3t9koubm	Farnic	6321d33836188b0ea863149a	Active	3️⃣Published🚀
recJm1GrbD3manSVm	Noire	6824d4609a4f4d6b633d78cf	Active	3️⃣Published🚀
recJm43JwpizuRiIR	Financefolio	6689516c16dc49618ae1ff09	Active	3️⃣Published🚀
recJmkYoHLon0AuDi	Plamo	69001d76d7966435371dff45	Active	3️⃣Published🚀
recJmufR0PpZNNaRZ	Avante	5b649f3883095068f861adb8	Active	3️⃣Published🚀
recJmyl2Ph22NYlIi	Outwave Agenci	6818397bd5d09d6c0452ad47	Active	3️⃣Published🚀
recJnbGaL2mbCjBw3	Healers	6805929089f48ac25ba36a93	Active	3️⃣Published🚀
recJoJOlsghxyKePo	Hyperfit	6864125484c610a703d4c944	Active	3️⃣Published🚀
recJoKwaYQ5SkUnul	GPT X	650db11dccfced4177cb53f8	Active	3️⃣Published🚀
recJoRZGchSTHVtPY	Tutorly	6985090e38a20be88e40f35a	Active	3️⃣Published🚀
recJpYH9ygvfLal3X	Cyankent	63fead95e10165e4814b7e72	Active	3️⃣Published🚀
recJpguqiFQszjLsc	Chatbot TNC	66b815804024fd093ec3d22d	Active	3️⃣Published🚀
recJpqTOJMsKawIS3	IndieGameStudio  Archived kh0la3t7	5fc67c7b64310c5e44709a4b	Draft	4️⃣Delisted☠️
recJq8v1eDiZf7JoQ	Tastoria	683f6fbe5c5db78e1c90deef	Active	3️⃣Published🚀
recJqFI42tH0ymXBC	ArchiCraft	665877ebc42dbadda1f3f126	Active	3️⃣Published🚀
recJqQeuRQcCVXWZo	Novapro Bio	68f7b5bbd0c7e911d758d0d5	Active	3️⃣Published🚀
recJqerJtGKKYLvct	Ankari	66df10d091fabdd5293d0db1	Active	3️⃣Published🚀
recJqhfpKytCBSFAR	Alternative Medicine	6489e879c3de2693cd32e3f4	Active	3️⃣Published🚀
recJrijkzD0cKgcyw	Meltline	64ef89fa95582211953ecaef	Active	3️⃣Published🚀
recJs2MneL0Of8GPC	Mega Pro	67d358c2030eba5dd399d57b	Active	3️⃣Published🚀
recJsqAEeDNU4juag	Blume One	6758908d99320484562ad3d7	Active	3️⃣Published🚀
recJss9UD3dvtYKDn	Dataly	67112ec553dd2e5bb2f4a22b	Active	3️⃣Published🚀
recJtH0vRPe0KtMSy	Carisma	5fe0eb64ed189656e0f76217	Active	3️⃣Published🚀
recJu2RaXs6AkCJIn	Statute	644f2b33b0b9201d15fabab9	Active	3️⃣Published🚀
recJu2oS5ECJf2sz0	Avionique	69192ac974cdd3f42f9d655f	Active	3️⃣Published🚀
recJuHiiO9FKy45Nf	Campus	5e7103986b21516bb31fc5c8	Active	3️⃣Published🚀
recJuIjBmxhUvbpmz	Hedda	6479f3fef4ff0a303f9cbade	Active	3️⃣Published🚀
recJun9YcBx0YYt6x	Task Cloud	690a4dd2fd4b1592421e8a3f	Active	3️⃣Published🚀
recJv2wfffCdPRy88	Koneksi	66601a7a5d2560e3196cee8f	Active	3️⃣Published🚀
recJvBhm0UsaK1NK4	Moon Journal	64933072f1839466a022f10b	Active	3️⃣Published🚀
recJvPUoQG1RqbXt0	Agenciflow	698ea228995127e29dd6ffba	Active	3️⃣Published🚀
recJvXUqUo7RmfJ98	Larsen	6509d6f6c4bbad049b4d8862	Active	3️⃣Published🚀
recJvikLecv4z2UJ8	Nexovo	68addaf90a252d1f0645e0e3	Active	3️⃣Published🚀
recJvlccgc9UhwPDq	Agencyz	670550f9ee0746780357843b	Active	3️⃣Published🚀
recJwjPIoduVp08LA	Flowpay	69444e68104ad3a8bd17a5a0	Active	3️⃣Published🚀
recJwqrNDPCALSAXh	Ronald Studio	6673dac050ec9a81ecf81b07	Active	3️⃣Published🚀
recJxE0luTxoIkz1j	Elevana	6944380e7cd06ed26f3c9b80	Active	3️⃣Published🚀
recJxP1F0nlFRfVmw	Tyren	681162a43250ff0cdd029dc9	Active	3️⃣Published🚀
recJxmMgzyQC5QRJZ	Techdev	6747ec03f32b8fbebe31c31b	Active	3️⃣Published🚀
recJyHYOMngUPFoUE	Allora	61ef33c1b2a0b63a4d786db6	Active	3️⃣Published🚀
recJyZngy069q2mUM	Legalist	67cf2ac26680ff1d627bb969	Active	3️⃣Published🚀
recJyaQ71qykkY1IK	Sastrap	673c2162e8972517376e1b37	Active	3️⃣Published🚀
recJz9ommgfyrB2f0	Workplace X	644f2decf64cdc2a78167692	Active	3️⃣Published🚀
recJzM0fg49rLMvRx	Homemag	64da39d7b4b39138e09f4002	Active	3️⃣Published🚀
recJzQA65JylYK48N	Evelyn	663bf4217ab1550b6a01f67e	Active	3️⃣Published🚀
recJzcGbIo5to11GE	Agencia X	660dd8b3369096a7cf2aaf34	Active	3️⃣Published🚀
recJzhppLKx2IJppX	Aigen	6501ee4caa25f8d1a018423c	Active	3️⃣Published🚀
recK0PmE4GsitkVTC	Fojo	68f958347ad3e2b54b500eba	Active	3️⃣Published🚀
recK1NfYh450e4LZr	Creatify	658207519bc9d4f52654b4a8	Active	3️⃣Published🚀
recK1kES4p4pPGpsY	Eventify	65b8b93d5aab7f80389b62b9	Active	3️⃣Published🚀
recK1qMTWdx2jsCEt	LiegeStartup	665d2c4486f37eac6b30a9d6	Active	3️⃣Published🚀
recK2a1xAd0wy0Tzm	Riteflow	69306dbbf50e40c92b6ff128	Active	3️⃣Published🚀
recK35cIdJmxdyG4w	CodeAi	6690272dc2420b96441919d4	Active	3️⃣Published🚀
recK3ge81QFYVgSDM	Sombras Studio	6728d7441ca10602f8713eb1	Active	3️⃣Published🚀
recK3i2qLwdr77Ke4	Epidermis	678d944f3491aa42288b1f3a	Active	3️⃣Published🚀
recK3u8aje4n9v7sF	Aascot	62a926be17b2bc4a0ecde82b	Active	3️⃣Published🚀
recK40fGAioZXtdnI	Nova Persona	68ed0d4e785cae34463893ce	Active	3️⃣Published🚀
recK4J1gMwl40yulG	Startupro	66a87fc613e48c1ca5f61365	Active	3️⃣Published🚀
recK4YpKyQJuhOaSD	Zllin	680ffd52b2a201e5fdb50371	Active	3️⃣Published🚀
recK4ggVcatezbQFg	Sotofy	67872bc3a2f5fc488c864dd1	Active	3️⃣Published🚀
recK5XKCf9MuSEaD6	Sympos	698fccb68345863d37d69ef0	Active	2️⃣Scheduled📅
recK5a4oDarbv7ttG	Panels	5e178d83fb9c0385ff17faba	Active	3️⃣Published🚀
recK5vc6lLvlIAMC9	Rocketer	6675c04e72ad6b015bf5b1f8	Active	3️⃣Published🚀
recK5x8ewclmewIBc	Counsel	64a6eb88efd434aaf857897d	Active	3️⃣Published🚀
recK6jLlgMynhiUdd	AIQ Extend	66998d44a6fc856e4c32e1bf	Active	3️⃣Published🚀
recK7QzHkEFbL0Ccx	Animal Cove	6688244d27c2ef2c0dc98ede	Active	3️⃣Published🚀
recK7U0sVNNx8RXB2	Intricate	658349d9649ff7c9871b08f3		3️⃣Published🚀
recK7zGPR6YoPKPRS	Skategods	65ee578bd70625ca0af17e38	Active	3️⃣Published🚀
recK8Q8PRuNSR97z3	Dioson	694eca66d5d9e96efbdd5359	Active	3️⃣Published🚀
recK91g6XUGHmA9Am	Fabskin	644f3622ae0890fc5368dabd	Active	3️⃣Published🚀
recK9U6b7sgo0Cqq3	Baskersville	6615770dafb29eadc69a7d1e	Active	3️⃣Published🚀
recKAQbSPecsKQucj	Toleka	61d4cae4bdc79d7c55408411	Active	3️⃣Published🚀
recKAUBRJnUhfrTQL	Aurez	699cd98a41e3aef6f1d73634	Active	2️⃣Scheduled📅
recKAo9sHtg8ILCNl	Amman	67201d4ee8244d5c1d0468aa	Active	3️⃣Published🚀
recKB4rsyHhWXbhza	Launchy	660ddc7ad75afffac6063e5b	Active	3️⃣Published🚀
recKBcXhi7JoCRlUe	Fenzio	68749fe76d38f99bed90ceb3	Active	3️⃣Published🚀
recKBm0qVAaUJmCna	Hayden	6798e0d57f8af948a5cbe9b8	Active	3️⃣Published🚀
recKBs37wRM9Z74m8	Nextify	66db1f94998494dc9feafe82	Active	3️⃣Published🚀
recKCA9b8rjKhluVN	Cons	58adfd18b51ded48294f6af6	Active	3️⃣Published🚀
recKCHMBgCm5mZrl1	Finquick	68f574612481f83e4351d9d9	Active	3️⃣Published🚀
recKCo8lo6D55S46N	Elevare	6867ef6716da88a06da3fcc7	Active	3️⃣Published🚀
recKD79K0Tbd0oUuS	SquareAI	6536a77a3628685763be66bf	Active	3️⃣Published🚀
recKDHU1U0qqpiO0v	Corpotech X	64b84abeca863fb316c779e9	Active	3️⃣Published🚀
recKDcxgyoQ1qBeVw	NoGameYet	6132a7ddd439e07dc2e092cf	Active	3️⃣Published🚀
recKDqjg2YbkL42yp	Kopen	665d30c62660928134e75d79	Active	3️⃣Published🚀
recKDvKbaWdSQKfAg	WidHive	6931c41429312b13e1760638	Active	3️⃣Published🚀
recKEixVHr9lMiOra	Hermit	68b13275b2020c185f52bc8e	Active	3️⃣Published🚀
recKF27oV7goTEaYr	Consultant W	6581eea4d42d1016074c4b96		3️⃣Published🚀
recKGFVCm7FIZ3UWh	Fotiva	68c754e2d8f6b9ca291b5a7b	Active	3️⃣Published🚀
recKGPYZkx7Yd5AIF	Synthesia Pro	6940d6752ec4ec5ab969a809	Active	3️⃣Published🚀
recKH9G0NB4aWmqQz	Iuniversity CMS	66c91499598abf9273d74042	Active	3️⃣Published🚀
recKHBUbTnqSpXuqZ	Kitcy	690a4f1d71031f33f50e18d9	Active	3️⃣Published🚀
recKHCHvtpkinyRoC	CodeFlow	669e0793eb9e4e3b92efa250	Active	3️⃣Published🚀
recKHLatZJWN9SskT	Imagenerator	681855044df12b96bfa87d66	Active	3️⃣Published🚀
recKHWG26LnKkL2dQ	SEO 128	628bb38b76f0636dc997a22a	Active	3️⃣Published🚀
recKHcZY32V6bjCmW	ConsultMinds	66901a71c428fd8f877bf7b6	Active	3️⃣Published🚀
recKIIZIQHpFUkNQr	Inarcy	6993342890f2fe93101b0cb7	Active	3️⃣Published🚀
recKJce7jqCnEYSju	Nelvin	69176a03bddcda3f5a5e192f	Active	3️⃣Published🚀
recKJv8V8AyfNMqDZ	Listing View	665f497bb066ca352f499860	Active	3️⃣Published🚀
recKKYADiPEEJt0Bw	Boat X	66341a70474c37a36f8357d3	Active	3️⃣Published🚀
recKKwzItBjqy0VJj	Fatima Sow Archived zkencm85 Archived xasv2ska	65837a31302f2863aeb7e303	Archived	4️⃣Delisted☠️
recKL2kGr5rkRYsD5	Productt	669961567e962e46acd4e97e	Active	3️⃣Published🚀
recKL6Gj02azUCU2S	Holi 128	63d937b469f8a65ad9d5d628	Active	3️⃣Published🚀
recKMWAr0qF6aiVOS	Elanor	673250436371a4449ea11b45	Active	3️⃣Published🚀
recKMlGO23sH3CvlT	Pixelize	655f79fa5c0b976051081991	Active	3️⃣Published🚀
recKNWKb6yTZa1vTh	Micky	6232297c80bfd0157cb15c85	Active	3️⃣Published🚀
recKNaHqas5ytFm21	Jerola	645a5464f39944df4930a625	Active	3️⃣Published🚀
recKNn2dBw8ZTohhK	Water Masters	681fe9aa66b791fbc4e7aabc	Active	3️⃣Published🚀
recKNrVS2MJs4DWsa	Aventiva	68fd0b6f82f1474de2ac9c78	Active	3️⃣Published🚀
recKNshT36xrC34wY	Saser	65048b0ba94418acc58f167c	Active	3️⃣Published🚀
recKOIzKidhtSDzaI	Amazona	6725e99c6f880d903007e756	Active	3️⃣Published🚀
recKOlLIzh05ALPMz	Verynx	699cc3fb445eddb7c2720837	Active	3️⃣Published🚀
recKP4gJDoqdFXAIt	Envisionia	66d91c1774f962a38f6155ce	Active	3️⃣Published🚀
recKPKZrbdEeaCwiE	Jeweluxe	68542f21ddccae8970591034	Active	3️⃣Published🚀
recKPWIyOXGjpVmKt	Russel Properties	665895cb36ce37bf9ec87b64	Active	3️⃣Published🚀
recKPn61LnEbegn91	DIGI BENTO	66c3bca68e75cdcba2e1845d	Active	3️⃣Published🚀
recKQhTGIF0H6TGZW	Ironis	68a608d78f12ea7e8383168a	Active	3️⃣Published🚀
recKQqxPzhBTGegrm	Skyrise	66996947f6d1b3ff63faecd1	Active	3️⃣Published🚀
recKRGf74tunDGKpO	FlowDecor	64a8446097b3c9ea732d4794	Active	3️⃣Published🚀
recKRypndCQDaGkZw	Keerowa	62322b3e1d6b5a1c56b902d9	Active	3️⃣Published🚀
recKSV07JYlwBxA7A	Avirra	67c8b7865df6f10d387e6df9	Active	3️⃣Published🚀
recKSfCVT6aVreijx	Enterprise X	66bbf59fdb73743e7888c85c	Active	3️⃣Published🚀
recKSppsUw7bjDJPK	Cleaningpoint	676dff843d5450a8ad4f6d4b	Active	3️⃣Published🚀
recKT0nKoBkCsvKF3	StudioPlus	6682fa7304a91b4a2b562b62	Active	3️⃣Published🚀
recKT8E0BLixdKqmE	AI Tool	63e52416d1ee8e7711d8b1dc	Active	3️⃣Published🚀
recKTg0R6FVzx2eVy	App X	61033a5f9ddf07caf88ad60d	Active	3️⃣Published🚀
recKTggembB3K3ECt	Iuniversity	666545d3798096c2eefab897	Active	3️⃣Published🚀
recKTtCxmTAWoriPE	Fazon	698b6bb3cdb1148d180c258a	Active	3️⃣Published🚀
recKTuPDBjD8jMwQM	Saturns	667add19638908c0d0ea5493	Active	3️⃣Published🚀
recKUUyLghMeyS5XU	Anneau	67636635ebdffc7811f8e989	Active	3️⃣Published🚀
recKUcNyrd7HRtxDp	Hawaii	660c3cc772318b7d1b78e13f	Active	3️⃣Published🚀
recKVg2g8yAILAxHj	Coflows	66da94a4edeb119e85c364b4	Active	3️⃣Published🚀
recKVgnWfd5hoR2tf	Bento	657b666f0d70aa4fba691d8a	Active	3️⃣Published🚀
recKVpxA0247llZCw	Jazzy	66e26958d804518fb96558c4	Active	3️⃣Published🚀
recKW8aWYtWwGpyz4	Voxyn	68d7749d164e2fd721ae7deb	Active	3️⃣Published🚀
recKWGkunMW4h9azr	Oriton	68bb1e07c7806584ab95f166	Active	3️⃣Published🚀
recKWKZJb3AcySC9X	Saisio	652968b90d433a35f4ed876f	Active	3️⃣Published🚀
recKWZ1kHPhkEopZj	Aydin	6583468f6b4158ecaccbbba0	Active	3️⃣Published🚀
recKWZmcwug8Uf4gB	Wisdom	65dce887514511e40815d685	Active	3️⃣Published🚀
recKXHZBBU01p4veS	Puva	6744fa134e2109cab547e514	Active	3️⃣Published🚀
recKXWvf0reU5Jr4l	Woodiz	682e84c5e3a1fd7759a9491a	Active	3️⃣Published🚀
recKXcI5PkXubQRkj	GoLive	697512e8ef115e76209f8bbf	Active	3️⃣Published🚀
recKXzZzTxonHBgpc	Reveo	6900d8a6173283042ae76377	Active	3️⃣Published🚀
recKYoMTFNoKUoenk	Kountex	68a8002577d0ec3e1e9f6987	Active	3️⃣Published🚀
recKZDRS4e4oQeAkl	Tabasko Archived ir5jtphm	66bbd44266d5dc78d3dc5020	Archived	4️⃣Delisted☠️
recKZQauF16kE24fn	Nexxar	698b7aa05a1ed2a1a426fda8	Active	3️⃣Published🚀
recKZm66U9wYKtjjE	Education X	609da6773ae3141605530549	Active	3️⃣Published🚀
recKZtfmYHqkHsama	Avay	6489f70f5c9690ee477f4c0f	Active	3️⃣Published🚀
recKbh9oFOt3SDqmX	Bongo	687497f838c8b40f540fa4aa	Active	3️⃣Published🚀
recKc38VfORp9zxZz	Whiteday	63d82c4cadcb9b34c6c16bf9	Active	3️⃣Published🚀
recKcEQaDYNi1doi9	Bravien	688bac6a5b7a68f2c6968d35	Active	3️⃣Published🚀
recKeV1FOkKVHXKAF	Fit Trainer	65af52f95ebfa695dcea5d7c	Active	3️⃣Published🚀
recKecjvKGjitO6UG	Hayden Studio	675406310648b05bf9bc268c	Active	3️⃣Published🚀
recKesqAZAjf8fXbR	Raven	53b431a1cda5546f71249f0e	Active	3️⃣Published🚀
recKezZ6wn3tMKlH3	Envision	663c181699fb2b747524f702	Active	3️⃣Published🚀
recKfP8cZS12UFQ2X	Solarium	68a5faaad8a6e17be4d8a9f5	Active	3️⃣Published🚀
recKfsIo8xEs718qh	PostFlex	655f8f278f5105f80059c247	Active	3️⃣Published🚀
recKg6vKe8wDBV72Z	TheOak	68e3c61a84811bd3103d269b	Active	3️⃣Published🚀
recKgFVmzz3tr7yFO	AstanaArch	67cfa40708399176c7565ae8	Active	3️⃣Published🚀
recKgFuZxF69nSuEE	Wayward	6310f81595768d6cd64ef6f8	Active	3️⃣Published🚀
recKgJjy9AcH8PM31	Outlike	66ccaeddb5a4f4493b53eb25	Active	3️⃣Published🚀
recKgWotjlxag0hf5	Castly	6201aa81fc4eb5797e563eae	Active	3️⃣Published🚀
recKgZZWji3V8Iouc	Zeal Taste	66f723fc48a59fc909ac38d5	Active	3️⃣Published🚀
recKgkztLQEEkskRJ	WoodWave	65a6e6b3931c969da2ab5338	Active	3️⃣Published🚀
recKgxlYaWvKJFZcV	Foldfolio	622a63b1a5fd68ae4cbec33c	Active	3️⃣Published🚀
recKh67rqOgMiNdlG	Luster	64ecd0c8f9c8d31c7b19e9a5	Active	3️⃣Published🚀
recKhm9aRA7dM32yG	Arcoria	685e0c2b1db6b6faae47dee8	Active	3️⃣Published🚀
recKhnUoa3gKqRPRX	Bubblegum	676e0251737085636a1fffea	Active	3️⃣Published🚀
recKi04HloWFIY71F	Line Dark	67bcd0c1ca071369f1fb8d58	Active	3️⃣Published🚀
recKiPwxNkRuqi4KY	Web3 X	627307c7fdadb43046cda82e	Active	3️⃣Published🚀
recKiiMH5Q8pz1GcJ	Kidsland	66169cb3020bb646617aea62	Active	3️⃣Published🚀
recKimVUz73YQhXZs	Goln	63da872238158c17bfb757bb	Active	3️⃣Published🚀
recKiobDWwldpmjge	TechCode	67aae35ac103f7e5fbce12ca	Active	3️⃣Published🚀
recKj53tVMdbE9OFx	Pizza FZ	67da45af79aee552bdfb6055	Active	3️⃣Published🚀
recKk95Sk8q4v8yWI	Nordhaven	6969b8a5ae5e6ddb8f828725	Active	3️⃣Published🚀
recKlE6vHqrHYlSNB	Artemis	63ceb019410b8c482d71f1b3	Active	3️⃣Published🚀
recKlt99Mc69cXQmZ	Revenuee	677c989e379097de2b89e0ae	Active	3️⃣Published🚀
recKmDCsqx7jve3xx	Condo	656617434f78f9b996cc2a2a	Active	3️⃣Published🚀
recKmIX9wi8tdPpp2	Evoxa	697d04da6dce7e46b2854635	Active	3️⃣Published🚀
recKmQoH3M3CWHkxs	BizLaunch	6450eb5f47185c9379ea078f	Active	3️⃣Published🚀
recKnU1RLxAVqRKRF	Galilio.Studio	689a1e282b49a097181ca7f2	Active	3️⃣Published🚀
recKnivJ4nvqUo0jf	Emergency	67dc63ab8b7fa00100bebff7	Active	3️⃣Published🚀
recKnnaR69k43lNxh	MagaziNow	65ddf66fdb349080be0a3b78	Active	3️⃣Published🚀
recKo7I1m7a6VUzLm	Fianceo	6254d779ae040b78c5db8033	Active	3️⃣Published🚀
recKoge7CGKYq435n	LiamGrant	68fbdc58d644d0e840fe33ee	Active	3️⃣Published🚀
recKpYQJP18HU3z6C	Innovate	6434ff2939b63b28958132d3	Active	3️⃣Published🚀
recKpj4e8Mh1wfwv0	Harlem	6578d83f48bd388e5d253515	Active	3️⃣Published🚀
recKput4weLfi82xg	Sportz	66bd355068915070092747c7	Active	3️⃣Published🚀
recKqvod2l2Tg1vmQ	AIZen	67aae01c55c61264b845e6e8	Active	3️⃣Published🚀
recKqwKDwEmkite1C	Zaigreen	67c4ccab7bd0bcd1f6bcd709	Active	3️⃣Published🚀
recKr6SEyJW8gyqxu	Pompeo	5beefabcbbf0a3034b93d63c	Active	3️⃣Published🚀
recKrtoVvMnwgcTn3	CrumbBread	68d57d54b563b8b1f854bbfd	Active	3️⃣Published🚀
recKs0TlFShOHZkrU	Read X	66cddf60f4dda4ca3f31e76b	Active	3️⃣Published🚀
recKsKWwzuSoMgNxd	Immigration 128	65638339134c5c08c062aa92	Active	3️⃣Published🚀
recKsjeAYGh5iPGjc	Ãagency	64aa193137b580ededa867ec	Active	3️⃣Published🚀
recKsx7kQKnSGK1tn	NIMB Extend	67116ca68a44fc343c0c4706	Active	3️⃣Published🚀
recKtB9HJg7TU542r	Lavish	65a6cfbe0d42619b07f2f13c	Active	3️⃣Published🚀
recKtn2q5BcrY5lPO	Dash	60b02c2f9c06508a6e9aa2cf	Active	3️⃣Published🚀
recKtskFGVU9O6rKc	Paymon	66d75abe380a12a7350f0036	Active	3️⃣Published🚀
recKuAnZGLEqoIcwU	Delve	5cf7bc1d7a78cdb5c78a1eea	Active	3️⃣Published🚀
recKuBgetWL89X6Xg	TaxBase	643706654655c98244238236	Active	3️⃣Published🚀
recKupmNd391qKssu	Mechanic 128 CMS	65cc3f2dec701bf8efbc892e	Active	3️⃣Published🚀
recKuqYTGfZ3oyk8j	Maszai	645d0086698aea7c40255088	Active	3️⃣Published🚀
recKv7VGDq8TaH0r9	Brand	64d2533e7d523486b1b4bdc5	Active	3️⃣Published🚀
recKvVkcxhXK2DjY0	Spatacular 	5f2b6e637fc4b033b59b3107	Active	3️⃣Published🚀
recKvizbbkTKK5p7F	Versity TNC	669777010ae067a9f50ea65c	Active	3️⃣Published🚀
recKwe3wMZIWhCRMI	Commit	6680a80feef02f2ba2ca42b1	Active	3️⃣Published🚀
recKwv5v7ZrbobyMj	Readful	64d647d75a3ddc43f0e016a1	Active	3️⃣Published🚀
recKyDrEcxSGiVmd7	Saspience	637712a18dbc35ecdf12d6c2	Active	3️⃣Published🚀
recKyTDKOe5Ic4lRL	Trovla	684c3062c271b2686ea46447	Active	3️⃣Published🚀
recKyotqG4ZcGIsDs	Milton	5fadd37c4c8cda15c1f205bc	Active	3️⃣Published🚀
recKz5b7cerLEL2Ye	Moments	652ea92d8f63c3a7280e5198	Active	3️⃣Published🚀
recKzIO6fG9vaf6Ky	Digivest	68ed04eb569e540d341921d4	Active	3️⃣Published🚀
recKzO4Tn8WTbUTHg	Photofolio Alt Archived emzluypb	641b464e78789f93575d4c8c	Archived	4️⃣Delisted☠️
recKzgi2g78UweUEP	BlockFlow	67fdcccaf2e2634147c283d4	Active	3️⃣Published🚀
recKzju3wGw2rM4Se	Minute	6867eb721768ccb933438389	Active	3️⃣Published🚀
recL0ADsUwf1rNq1b	Habbits AI	671d7b726406d9013ca5cc64	Active	3️⃣Published🚀
recL0IfDQNzLdmJXn	Nova Ridge	696f995aedc74a0a76801526	Active	3️⃣Published🚀
recL0KywReAP9nVmH	Zenex	6654dcac9b92a0d108138cd8	Active	2️⃣Scheduled📅
recL0STsS6HnzCyt0	Zenix	6570f62f04795141b0a9686b	Active	3️⃣Published🚀
recL0UCZF0ihOgzg5	Prego	6584981481c1cad9a6dd6020		3️⃣Published🚀
recL0enfLi9G9kFVz	Lancaster Business Archived g4zagn71	65ae732f1d4812f6ca2a112d	Archived	4️⃣Delisted☠️
recL0k8Cpu4WjnB3i	Evoluxe	66d16132693b439a2b5443d9	Active	3️⃣Published🚀
recL0vnVYsgeIMIF6	Kenter Lite	676c4f50052719db019b45d3	Active	3️⃣Published🚀
recL19mQuPuI0yc4u	CapitFlow	67afab434550421b4d5b4c77	Active	3️⃣Published🚀
recL1F6geOvoNp4u1	Buildfirm	6778caf0b84685ae874ed439	Active	3️⃣Published🚀
recL1Ku3YT43ckBl2	Mae	6310f672892fc520c3c3fee0	Active	3️⃣Published🚀
recL1RPBGaf6pXmi1	Dylan	66f8bdbc31bbec4cdf0bdbb8	Active	3️⃣Published🚀
recL2MTimPb0Ag6g3	Vibrance	66a0cd265ad5ba0dfe286516	Active	3️⃣Published🚀
recL32ySBTBlJTuyE	Saspixe	651416e62154f201672c76c5	Active	3️⃣Published🚀
recL3BhBXF9BNNWVl	Fintech W	6581d3470d5169efd415318f		3️⃣Published🚀
recL3GcVSnv8Hqg4X	Helion	596d1ce5f8f0c567fb3597d4	Active	3️⃣Published🚀
recL3Ks1DGwWI8VPZ	Peacehub	673a9ff8dc901ce565483f8b	Active	3️⃣Published🚀
recL3Lu92DXDj34Pg	Makethings	67d5bd82bb05a13f1f5387af	Active	3️⃣Published🚀
recL3LuaoS92GF7Vi	Talon	63d937313b30150b22b3b7d7	Active	3️⃣Published🚀
recL3Tkmc0gOKCQgl	Stire Lite	66efd90422e5c0703511fd7d	Active	3️⃣Published🚀
recL3jPYrYUmKl1jP	Oryfye	68a34f012c0fc0e4e24cfac0	Active	3️⃣Published🚀
recL4tttmJtkmDf8w	Ceramika	6193282ab50e14ec1b291bb1	Active	3️⃣Published🚀
recL568czx4ycJIaO	Constructor X	6171a8459d65862044e007a3	Active	3️⃣Published🚀
recL58z6jeTobKuQK	Zifon	692e078cc683923df3ef1e02	Active	3️⃣Published🚀
recL5hNNFoknK4jZ2	Asatha	69176cf2eed87d71419b6425	Active	3️⃣Published🚀
recL5xhH2FFOpoNwM	Zohaffie	66d5faa71800bb2dcd607ad9	Active	3️⃣Published🚀
recL5ycFOn1wqeJX1	Flops	68c75a4bd8f6b9ca291b5fa0	Active	3️⃣Published🚀
recL6KwoEjqxbAtSO	Fuerza Archived 69E8DD4D	693c994e9e7c20e69c8461b1	Archived	4️⃣Delisted☠️
recL6RgiJnLo1MpPB	InnovArch	669a68fb59dc9103134fbe0f	Active	3️⃣Published🚀
recL6YVLPfdw8B3RL	Garmin 128	63fcbbde05fb745ef90931f1	Active	3️⃣Published🚀
recL6gdWE6FRmRPNb	Sanomi	681a422ba54ee86d0b4375c5	Active	3️⃣Published🚀
recL7ajVWWCqDh3Xv	Nyumba	638f67cb6b27da989fcf354b	Active	3️⃣Published🚀
recL7bDpZ2A6MdJS1	Aarhus	66feb7de9891d613c1d9787a	Active	3️⃣Published🚀
recL8K89SUjxvop69	Veona	693ad66c413d88faa58f1c59	Active	3️⃣Published🚀
recL8TH8TymtBg19k	Sparkler	67c789565b1305e39afee6c4	Active	3️⃣Published🚀
recL91nAULKVbcRvS	Print X	66588f9f6a22256132480552	Active	3️⃣Published🚀
recL9qMziCSRsmR50	Homstar	6850d1afe80e11bbc07ed6d8	Active	3️⃣Published🚀
recLAictNhmWDN94Q	Entries	67d35c0ad6a6a06a2ae9272a	Active	3️⃣Published🚀
recLB541HeWzYs9KE	Coursehub	674f479079627e6b931e8291	Active	3️⃣Published🚀
recLB85chRFaTBluo	Legion	68e6ada8cc5e2f00d66800df	Active	3️⃣Published🚀
recLBHP6fTYdFOtPS	Nane	6388dbb3640fe534909fac4c	Active	3️⃣Published🚀
recLC39tvpFfS7maU	Lamar	5fadd58d0dc64b776415d83d	Active	3️⃣Published🚀
recLC89sItFJa1eUq	Arvora	69082d04a83a534983c8c9c0	Active	3️⃣Published🚀
recLCGp4fHwsC0KJi	Productize Unlimited PRO	67103654221276cdb75554d3	Active	3️⃣Published🚀
recLCMGcmWad8rlnU	Ousya	68e3e0a2c545f7ae1469e88e	Active	3️⃣Published🚀
recLDKwV9VpBwKVhb	Nexom	68d18151bf031622d7fa416c	Active	3️⃣Published🚀
recLDTCQ3ZVLTgev6	Elevante	65bcdc1221db0fbfc051bd27	Active	3️⃣Published🚀
recLDbwZJWxvYkszq	Bribon	692c19b687def59ee7e1e785	Active	3️⃣Published🚀
recLE3CPCV0XEYkd6	Protocol	6999e547c3ecf5d19205851c	Active	3️⃣Published🚀
recLE7MNs7XYhWzTh	Safozai	639ccac36affc0e518473428	Active	3️⃣Published🚀
recLEMlOwkU6UKy2y	Philadelphia	64aa1b7b6b72ccc0d32fd227	Active	3️⃣Published🚀
recLH5ylF4zIUCT9d	Gradient Archived kzueqvw2	532876315bc1094c39000b27	Draft	4️⃣Delisted☠️
recLHM54EFNjqdP6h	Diego Studio	689b6b0208733debfd5c79e0	Active	3️⃣Published🚀
recLI2u5qSHy7Y1vN	Tigris Drinks	66c3abda922c379a8d3bfbed	Active	3️⃣Published🚀
recLJNdDuajzMKoKE	Heyboard	64198a577e089f3c5ef16b21	Active	3️⃣Published🚀
recLJUu9fFJE4qNe3	Yenafer	6952f243c2946ec81f0f0c62	Active	3️⃣Published🚀
recLK6YvTOOHgHmzV	Marketio	683e2004327585d6d5fec8e3	Active	3️⃣Published🚀
recLKBUasbq5LjvnV	Markency	67f996a8ea740ef4bb8fac7f	Active	3️⃣Published🚀
recLKsBf24QI7TjaY	ElevateAI	671d89dff06c55f1020fac84	Active	3️⃣Published🚀
recLKyQ58yJdNQhbj	NexCrm	6993ce6c85f586e47ca4717f	Active	3️⃣Published🚀
recLMqYe2t3BPu6Ae	Custos	689be27fc5d6b92b344cb631	Active	3️⃣Published🚀
recLN4vb2AUWSY6sG	Artsy	54b9bbe24b79675510742f66	Active	3️⃣Published🚀
recLNwqszfR0VDSv7	Polaris	5e16386445a1b00103d83ee8	Active	3️⃣Published🚀
recLNxHlvgGPyFPI2	Write	574ddeecd354559a18e768eb	Active	3️⃣Published🚀
recLP0DNUGJ2h4Mnn	Infactory	67fd76ea37492b90a2140f66	Active	3️⃣Published🚀
recLPfkNpgIaOmBM3	For Future	69495f73f23b5fbad00fe800	Active	3️⃣Published🚀
recLPl1oAKnyTgHpa	Kreativy	6613d05f01c08cb2515fa2d6	Active	3️⃣Published🚀
recLQ7NFFPG36VMZW	CRO Archived 2v9e5t28	647f1c0f23b0d34b9e95e7bd	Archived	4️⃣Delisted☠️
recLQy8F2PZZGrVYo	Zaimania	659066c342ecf1f76a5c7fee	Active	3️⃣Published🚀
recLR1TkULHtDxTQ5	Kalvin	68963fe99b24509c19bd7a31	Active	3️⃣Published🚀
recLR8OuZJpYbFJ1k	Estyva	6835ebeb6c3b8fd98ebc64e2	Active	3️⃣Published🚀
recLRH03KTqLQaYGS	Codez	66072782305738aebaf3b09c	Active	3️⃣Published🚀
recLRYJGDuGk9oJGN	Alehous	657143cf5999cfc1662d73d5	Active	3️⃣Published🚀
recLRhcxHKkFh9Z3X	Numeris	67ddc88b653909741d312b44	Active	3️⃣Published🚀
recLRmNF30bryxibj	Erpsaa	6807111b7e218f4b0204f286	Active	3️⃣Published🚀
recLRz2pINXxtXErN	LineFlow	65d771a7b400f84f95e345d9	Active	3️⃣Published🚀
recLSDWiSWSnvvAS6	MiloJac	67b7f3ea7c09d2d5fb69ad05	Active	3️⃣Published🚀
recLSFcPH6FEDtyV9	LuneFlow	65e295318a7687c9a7dc0ea0	Active	3️⃣Published🚀
recLSrkxk3JHMOLWa	Photon	68c81b56773bb6282344157b	Active	3️⃣Published🚀
recLTPXk598LIna0k	Finox	69379ab83b30d5eed4c60861	Active	3️⃣Published🚀
recLTk2p5KeqZk8ct	ZenFit	65d376c1ddd18928eff69881	Active	3️⃣Published🚀
recLTsYJdzUxCPojN	Portio	6627c90f5c49b83a6005ff50	Active	3️⃣Published🚀
recLUCCrnGOtXzLWK	Metrix	66a67b19a0aef4873646ea27	Active	3️⃣Published🚀
recLV7juUkIUnJ4TD	Alexis	622a8678b8e97481ca1c5785	Active	3️⃣Published🚀
recLVG9LPZLXyHSUs	Casavera	691379963c413ea1d8731a49	Active	3️⃣Published🚀
recLVepyBAevK7yz1	TNC Resida User	6566221f5269d476c958fc8f	Active	3️⃣Published🚀
recLViSvX6ce2kPXd	Agentio Archived nakhmmub	61bcff71fc1852c4d958f011	Archived	4️⃣Delisted☠️
recLVqnuF7nzIprTI	Neilani Agents DB	6578cf5a11850bd822e7cab5	Active	3️⃣Published🚀
recLWMYGZu4UxMflW	Byrå	5f6df7eed43fe577b6119f77	Active	3️⃣Published🚀
recLWthn9mPBs0IpH	Tech Hub	6697c1556fe2c73360c39fe6	Active	3️⃣Published🚀
recLWxYKLeiWSDj4U	InfinityLab	676c57bab094bc30856d6897	Active	3️⃣Published🚀
recLXBGFaXM5NAH8t	Object	664cd4ee504a040383915edf	Active	3️⃣Published🚀
recLXOL74B7AZxvSw	JustiaX	674521fe12c813e9b70a8ce4	Active	3️⃣Published🚀
recLXfV1k6h6CnVYY	Amaze	6488656978735aaabaab8330	Active	3️⃣Published🚀
recLYtT8fqHx5conz	Mage	64b19d24cebd3414b94d8ce3	Active	3️⃣Published🚀
recLYtgfH6yECK4lw	Bellcast	5e8ba1c4f6186d045fe8cad8	Active	3️⃣Published🚀
recLZ8TDkDtZx3Mmh	Hotdesk	6442b27130668918eeb499c4	Active	3️⃣Published🚀
recLZ8pPw9aenqwhP	Unio	64288a1c835fa942396a3918	Active	3️⃣Published🚀
recLZEdKtWabdICs6	HealthHarvest	65b011d6744a29a9978cd05f	Active	3️⃣Published🚀
recLZGgZMg0Ruk9Js	Conference	574de451c55f09d3681dab2c	Active	3️⃣Published🚀
recLZkFNo5fyHC6Zt	Kate.m free Archived 08kj7yiw	67780feab2a35fbf9e50c8cd	Archived	4️⃣Delisted☠️
recLZpeVHFjUKNLcm	AirSwift	65c112f397fe3af9e8c27391	Active	3️⃣Published🚀
recLZqvalV9k0cST7	Fusional	66509a2a82a9df7a98c0069a	Active	3️⃣Published🚀
recLa4f3jHjyHlM09	Sock store	6773123a6183f88739605d94	Active	3️⃣Published🚀
recLaKu5KAUCFwG7k	Process	6526c587b31b35458146dec5	Active	3️⃣Published🚀
recLakv1SQnzn5ZBp	Glowpad	68ad4fd979615c05f0c23c43	Active	3️⃣Published🚀
recLch679ORBax5iQ	Drivora	688cfb9b9484e73d88b78b60	Active	3️⃣Published🚀
recLcp4bt5gSi8hXP	Healia	68fba03efe754a1788705e8b	Active	3️⃣Published🚀
recLcxkBENfS4XEtC	Kursi	6882c3ce5881a5d79d252497	Active	3️⃣Published🚀
recLdVA5dFEUbRMVO	Creovox	692c99688065ea3ac6b96553	Active	3️⃣Published🚀
recLdx7DLDIC22z1H	Finorix	693c8a197b207ec980dd94d1	Active	3️⃣Published🚀
recLeUsJmK5v8mOh5	Crux	685a3d723e71c9db7b521456	Active	3️⃣Published🚀
recLeZznTPTrzwfXN	AskExperts	642a0d5ee72741fd0547bfbf	Active	3️⃣Published🚀
recLefkyIWqXEqRbe	Axdot	67786582fc2a9286a722e868	Active	3️⃣Published🚀
recLfhpaurjZJ6dAn	Forge Tech	689a11be978f3f702c92c85c	Active	3️⃣Published🚀
recLgWNOmyildHBEx	Maker	5c1a482338109579e3573ecf	Active	3️⃣Published🚀
recLgYCNmazeqYNeS	Sakura	6601d62a0be92083bc35bff0	Active	3️⃣Published🚀
recLh2sYoxkbPmiYT	Wcrypt	67366d3041a36b5e3ba7c5f7	Active	3️⃣Published🚀
recLh5Hz9AE1Rt3hZ	ProForma DB	68ed86aad278d6cfab18b639	Active	3️⃣Published🚀
recLhATM38chxZzpP	Caffeine Studio	66388f69512cabfb3b139d84	Active	3️⃣Published🚀
recLhQMyKwdUuvSij	NestRiver	678dc8783491aa42288bbaa2	Active	3️⃣Published🚀
recLhmZDvNXMgDoM8	Finanzo	64a477ea4439bb7a25cd0507	Active	3️⃣Published🚀
recLj1oJpNwSezIZH	Fable	6603141787928bd6931c9bb9	Active	3️⃣Published🚀
recLjK21BGtMqhmNN	WebBlocks	628bf3e2772bad76d47ef6ed	Active	3️⃣Published🚀
recLjSSagid1SBxyt	Politician Ecommerce TNC	65e0cdcc7e840ff2bdd5c317	Active	3️⃣Published🚀
recLk9S0llVUx9KG8	CareAxis	66687d61ec3b130c8a8aa1d7	Active	3️⃣Published🚀
recLlNVgqYIF0kss6	Digitrex	64d4f408f4b180be001ac7b5	Active	3️⃣Published🚀
recLlW2TcMCTwtu3s	Psychology FZ	6720174b3223f15feadd18f5	Active	3️⃣Published🚀
recLlceEcMS2KxX7R	Jewel	64457363332de73c0f232845	Active	3️⃣Published🚀
recLlliJ6ZSHYtueM	Flowin	693862e1de1308bd7c8dbb6a	Active	3️⃣Published🚀
recLlnvd7ASUqvLGn	Adaptiv	646fbade4d215cb876ca32ba	Active	3️⃣Published🚀
recLmGifHn8UDKufa	Jamaica	66349d0826b7f3e9a39697e7	Active	3️⃣Published🚀
recLmSXbvdRty3ySn	FlowUp Team Archived xy7q3tfk	66560e6e6654800c0bebd9c0	Archived	4️⃣Delisted☠️
recLmtnjhHygxnZCA	Pixel Hive	681164296e8ed3819911d05b	Active	3️⃣Published🚀
recLnv3hD9M4VUAf6	RoomFlow	67a591f51302fee7d9bc8686	Active	3️⃣Published🚀
recLoCZY7FOmXAmNo	Temporal	67a234275f7825c448eb187a	Active	3️⃣Published🚀
recLot0c26EhqHnOA	Coachfit	66c90ab1498de63797560678	Active	3️⃣Published🚀
recLotPL9d8FH5G7a	Nextfy Archived g0rfgmnx	639795adaf0a7591e16b5831	Archived	4️⃣Delisted☠️
recLoyj3cu3ARoCx7	SynapsHQ	68ecb483785cae344637d461	Active	3️⃣Published🚀
recLpu76SgLYA3cQr	Altar	683f6c4a273e19cc1f76a825	Active	3️⃣Published🚀
recLq19vyD0pG4BvE	DarkRise	66d58b1f58f72376bdad533a	Active	3️⃣Published🚀
recLrOnQ3JeuIr08O	Palermo	65e10d29a926103b1d455d77	Active	3️⃣Published🚀
recLrdZFK2iPQDobp	Sliver	669ebd0bbd1e50d338fc6bd6	Active	3️⃣Published🚀
recLrvmLDDD8XInvY	Aquay	62d8f5ecc89f2b1f5af9fe47	Active	3️⃣Published🚀
recLsXL5vjLHsg96S	Zoya	62e5b7d3438313bf63320804	Active	3️⃣Published🚀
recLsfdq5pvgnJWtS	Collab	62a92c8ac0f7524debd3a681	Active	3️⃣Published🚀
recLt0IgIGPocJMCA	Uppsala	6717ddca67768ed6c1e1cd2e	Active	3️⃣Published🚀
recLtPPb1WKRbtTxE	Techware X	660dd99e1226ff29532797ba	Active	3️⃣Published🚀
recLtTLsUnvXEMg0x	Proxy	61e886688049380525aa4931	Active	3️⃣Published🚀
recLtcjpxFp6q3cMw	Furners	63bc3bbe25b1c6b1907d94de	Active	3️⃣Published🚀
recLu0P0sUTulVNji	Speak Up	6377093db7a79604ed403b5c	Active	3️⃣Published🚀
recLuK02fvfqrf0xt	Logi 128	63b63711e56698351f1a1ea2	Active	3️⃣Published🚀
recLuPyG7kxl7y8Uo	Aller	5c09b51b3e37215ec4aa48ec	Active	3️⃣Published🚀
recLv3RrcW9xFEU6X	Weddings	66e9bca91ab7e0d4cc1ec8cf	Active	3️⃣Published🚀
recLw9u5TpB2d9psu	Carded	60fa1214b28e0ba75ae0ee54	Active	3️⃣Published🚀
recLwA4Fje2piyoE4	Framehaus	6822b0df9b03e7f1f6770fc2	Active	3️⃣Published🚀
recLwyQIuNOziAUTD	Flossy	682bb1ef44dcf867f2d8b2f6	Active	3️⃣Published🚀
recLxHymvNnTeIZ45	Solora	689fea3a12f97340d7b76a28	Active	3️⃣Published🚀
recLxKByRclEiF1fI	Cluster	685967f4e11e1aa1254fad53	Active	3️⃣Published🚀
recLyNvMCOWernuLn	Charity 128	65cb5dc7ec6b7ff5b3ab06b5	Active	3️⃣Published🚀
recLyXB3cYBqU3q18	Zona	65d799dc68a95dbeedb1ed12	Active	3️⃣Published🚀
recLyYPvbFgGck0PK	Solberg	663fd6d09165f3c2361af85d	Active	3️⃣Published🚀
recLyu0AjL8i89HES	Advibe	694eb667d5d9e96efbdd351d	Active	3️⃣Published🚀
recLyz9pCRLpyXmBd	Brandfluencer	698ac37cbb91a2d6c6d1d3b9	Active	3️⃣Published🚀
recLzKFRBrGhQlun7	Roofhold	696a49a53d22c82361e69985	Active	3️⃣Published🚀
recLzb0jOP4fH3Sn3	My Life	56e1f5aaa38a81ad127f3276	Active	3️⃣Published🚀
recLzndc7C93WNOEt	Faber	66681682f8153b806da743cb	Active	3️⃣Published🚀
recM1GHtGWJGrhk1X	DigiPorto - Dark	67337a98bd3d898c70ac3785	Active	3️⃣Published🚀
recM1T5KaN6tflp0E	Itfancy	680b0777a580e5548a1ece79	Active	3️⃣Published🚀
recM1l7LU3HPpf2fN	Evpoint	6750a85b78a5a610854a1710	Active	3️⃣Published🚀
recM1yQwmAo6XLzqs	Arten	656f5a920113c74b4e902873	Active	3️⃣Published🚀
recM2VNJCjDwtwmv2	Mag	6578e637e433e8d12026a006	Active	3️⃣Published🚀
recM2j5xbGHESinFP	Simplifyr	66ce572b2a31e7b32b7c95de	Active	3️⃣Published🚀
recM3WW01jwbhVIMW	Launch Flow	681e7b9f070c1d128d56584e	Active	2️⃣Scheduled📅
recM3ZNXqYR8CveDl	M-AI	655b91bb718ac5088b4243f7	Active	3️⃣Published🚀
recM3o9yQYXKmY7g8	Jekly	680174b77b81ad11bf2117f0	Active	3️⃣Published🚀
recM473uOGhUKg8E7	Melrose Beans	652d8c5c4cd486ddc9563e4b	Active	3️⃣Published🚀
recM5KPLbbKck51S6	Jessica Parker	655790bf380f50fff173c73d	Active	3️⃣Published🚀
recM5bOXTbJDYvWJN	Consult House	6760f9301790989926edae38	Active	3️⃣Published🚀
recM6K2jaEPSstAA1	Lummo	66169fef97cbc76dba2cd576	Active	3️⃣Published🚀
recM6ryaEnTa7r0Je	Builting	658372de8781d571d8da8d37	Active	3️⃣Published🚀
recM7UwyQavGwkTsu	Felxtro	67636a373adc69fb2f817538	Active	3️⃣Published🚀
recM7lQN0MeOHnT2J	Structon	68fa4ab1b686402640ce1e74	Active	3️⃣Published🚀
recM7pvt63DLZyT5q	GeoMetric	555e2f459daf855501277e2d	Active	3️⃣Published🚀
recM7x4Es0tvPjw1i	Dev	65578e64ecad0d41e7407302	Active	3️⃣Published🚀
recM8AAi95QcXcL99	Fieldminder	6798171c11235e9ccf789daa	Active	3️⃣Published🚀
recM8KvSZxKeFsCvc	Hair X	65e7593dac423c6eb455551f	Active	3️⃣Published🚀
recM8g6A3iJdEUqSq	Supra99 Archived kra05i9d	67339cb903bad512968f8d79	Archived	4️⃣Delisted☠️
recM9CyLF7fiMBkSq	TNC Handyman	6508795b362c6a8de949df13	Active	3️⃣Published🚀
recM9TOPMKvhNTHwV	Balance	6386dac073f5f3baa3bef353	Active	3️⃣Published🚀
recM9WFWXY5pY0rEx	Jonny	60c1687c75a9fb8c103149bd	Active	3️⃣Published🚀
recM9g7su2oeLuFsR	Conceptualize	64dce4879543faed89ae8dbe	Active	3️⃣Published🚀
recM9l1IwhnHg7Tt9	Cerulean	64b952c9b08115148fe7e9dd	Active	3️⃣Published🚀
recM9venb4t1JpdyL	Emma Patterson Archived oo7ng1p1	63dc7cf39589a83ac9e49c1f	Archived	4️⃣Delisted☠️
recM9z98FpTgijNrU	Save	658f046cd302da657acdfb92		3️⃣Published🚀
recMATGZPCYoc4wSO	Avallon Hotels Archived i9tojl2s Archived 5zxw2hl8	671b9a12aece9472e55d7a1f	Archived	4️⃣Delisted☠️
recMAYfPB5PoXK2wb	StudioFlow	671acd2238a5b6c5f0c46c6c	Active	3️⃣Published🚀
recMAzq6vZxs0Hock	ADZEN	66a0c8985ad5ba0dfe25ae8a	Active	3️⃣Published🚀
recMB6HofLQOAjSIa	DreamHouse	66a2e42f85921ec996e36c7a	Active	3️⃣Published🚀
recMBpHKUSy8twQN8	Votre	68852cd3d9b3c171ee0ab30b	Active	3️⃣Published🚀
recMC7PMlp2I0ZCyf	Chestry	682814445fbccf20b05fa203	Active	3️⃣Published🚀
recMC7gXcHBMpJqCB	Sassly	63402a0860d95e96f8754cd8	Active	3️⃣Published🚀
recMCCxhQsdzQOb4L	Design Ancy DB	662bea262b2c619b047d0b9e	Active	3️⃣Published🚀
recMCdw14CWkM2zHf	Todo Dark	679d6c29fea68aaa6dbc9635	Active	3️⃣Published🚀
recMDDO0DXUxWzJlz	Blitz	656f7d2ba35ed362328daec8	Active	3️⃣Published🚀
recMEJsCT7V3850CE	Prosper	65dd0f33766793fc8a0a0d59	Active	3️⃣Published🚀
recMEmPvZsY0wk1dZ	Landzy	6570f9224349ac1eb793d6e5	Active	3️⃣Published🚀
recMExX5vYGtkhxg2	Automator	63eef29ca61694263502cfb2	Active	3️⃣Published🚀
recMFa5IiCUuPJOkN	Helon	66f0ca9ce25a73fe3d5b1857	Active	3️⃣Published🚀
recMFaaOTRdwk3FPw	Desinspiration X	66b503f8632b768417f200db	Active	3️⃣Published🚀
recMFiV5Xkl8Geg2Z	Arqline	6828bb99ce340f9fe6d3831e	Active	3️⃣Published🚀
recMFyMEqpDqly9gC	Thimos	690d503f9028f3a80432b942	Active	3️⃣Published🚀
recMHVWDMD4j7TiQx	Creacy	669fb2e5dbad81a386bd87fa	Active	3️⃣Published🚀
recMHkWK2P6BkgtBa	Playo 128	63475cd9a3f85209616e5994	Active	3️⃣Published🚀
recMHlVxg3HwFRPsn	Archfain	67ab9d24c34698214d58a82b	Active	3️⃣Published🚀
recMIArwCjAcEMfNP	Mien	66fc30bcba4c01cbf6e613fe	Active	3️⃣Published🚀
recMJFXBmAdQYXYUt	Zaimg	6654d9da8d03462a1eef5cdc	Active	3️⃣Published🚀
recMKHDxHrYjxmbd2	Zorki	679fd1afe9f022767fb2bfbe	Active	3️⃣Published🚀
recMKP0O8t2C6FmIq	Resplendent	657a37bb0d360075219865e7	Active	3️⃣Published🚀
recML83QBWD9oVVaO	Boldway	6980d882c9b47e6348d576ac	Active	3️⃣Published🚀
recMLD36aNsTY5XyO	Görm	623cfeee9afed169c22be1f4	Active	3️⃣Published🚀
recMLNg8GAy1CWK20	Use Cases	653936873d90a3fa6974adc7	Active	3️⃣Published🚀
recMLx2mEAA9yRxFl	Nora Clark	68cb9de95d66ad314b081d07	Active	3️⃣Published🚀
recMM3iHmUi5WLTEp	Current	66fc2d306e6c99e4edaf5f02	Active	3️⃣Published🚀
recMM651DqQX77q1y	Stark Platform	63b6ddb03ce0bd0fcec29cb0	Active	3️⃣Published🚀
recMMA6nBz1KtUpxc	FocusUp Archived 9mtlk7vs	66cad23272f1594d10644145	Archived	4️⃣Delisted☠️
recMMBLzFdDv1QsjJ	Tukiko	681fccb84c3cf9ee02a452c0	Active	3️⃣Published🚀
recMMU16wD2MKMq3Q	Sasnode	665f257d2cc0d329b0db7095	Active	3️⃣Published🚀
recMMghiGCMcBr3Da	Assado	67d36c23667becfac5150adf	Active	3️⃣Published🚀
recMN1GkPeryqPo4l	Landkit	5edeab4f1177f8a052b72665	Active	3️⃣Published🚀
recMN9NvDS754lQ8T	Brideee	6682bf1a72ef28c1940df0fb	Active	3️⃣Published🚀
recMNMJqcJuel0s28	Apps	5ecd63728728788858f8d310	Active	3️⃣Published🚀
recMNduMr5PWOQ8EF	Brick	651ed2c76bb7f6d2389818cb	Active	3️⃣Published🚀
recMNrI5uwYIO2w9S	Accurex Archived 15u9tgox	66588115f0ffeff8a938cbf4	Archived	4️⃣Delisted☠️
recMOFSSLUUty1n7R	Lorkan	660759be4d546ada97bed890	Active	3️⃣Published🚀
recMP6rj189GPjoXu	Zaiold	65c45c8c397a444e78347e56	Active	3️⃣Published🚀
recMPbi0P84VkkRWF	Yesterday	6450ea8cf9960c11c6c27778	Active	3️⃣Published🚀
recMPgQtMF9GeCcVF	ResuMine	63e67f20b4537e87e0541a34	Active	3️⃣Published🚀
recMPrCYE4tKqBJc4	TheNGO	67e2d70b0be9f578fd958f1b	Active	3️⃣Published🚀
recMR5A1t1EsP0TLQ	Vidgenie	685e093d19ecf82ce2323632	Active	3️⃣Published🚀
recMRPs27QRUol2ns	AirCourse	64408b697ee106305ee8e0dd	Active	3️⃣Published🚀
recMRwPIO7SSrS8jr	Epic Escapes Archived pqdb1fi6	64df939610de0bcbd82d9883	Archived	4️⃣Delisted☠️
recMS5ZHQ4juX84ZC	Denali	5fadd4781486c7aac8bbe8e3	Active	3️⃣Published🚀
recMSBkY8eLYuDKZ4	Marrakesh	648aa96d67378a0b0482c400	Active	3️⃣Published🚀
recMSeswC5S2msTyW	Biogax	689f816db5cf5e53e79c2fff	Active	3️⃣Published🚀
recMSugszLMZsJGJm	BONANZA	664e6dd550936c6be945417a	Active	3️⃣Published🚀
recMT4e0Af51qWgDT	Harbor Studio	662f5b8ad6e36edc2d798a27	Active	3️⃣Published🚀
recMTAtSG6DKMqjvX	Chauffure	6796d47ba66374caa3618cee	Active	3️⃣Published🚀
recMTG4nGQ63hvV3x	Teknify	67c5f25a1b74701ed67a9748	Active	3️⃣Published🚀
recMTOr53kleQgBmq	Sportlife	667f17ec56b77bd07a075d17	Active	3️⃣Published🚀
recMTq4cEpamHGUJc	Sync	63b6df6d77ebd814e4c03e83	Active	3️⃣Published🚀
recMUMja9jXDhAuX6	Sonnex	66a362f13f7fbe85193c8e6d	Active	3️⃣Published🚀
recMUOkcXHSi0PpyS	Spabes	677ddfa206becfde35da352f	Active	3️⃣Published🚀
recMUR3an2w68xmdk	Zaitong	664cad5189eeac7c6cf33f55	Active	3️⃣Published🚀
recMUUulzh2ugfFG0	Looma	68570938fc4eaf5ee15d7a96	Active	3️⃣Published🚀
recMUorlslfju3C8x	Cospire	6785a4953efd0c678e7f5898	Active	3️⃣Published🚀
recMVkhIZxJghmj7Q	Yachtlux	6851da75093e76e69fb0f24b	Active	3️⃣Published🚀
recMVsKZOj9DnR1lo	Highs 128	648aae297e26ec08fc01da0e	Active	3️⃣Published🚀
recMWpSRnjEE3MkGb	Osaka	658f1ef632cb3de9f0c70976	Active	3️⃣Published🚀
recMWrfklczQ0zmai	Bluren	686412db84c610a703d4ca02	Active	3️⃣Published🚀
recMX78QvSgMk1WHX	Techub	679817e18a727f5092cf7bb2	Active	3️⃣Published🚀
recMXDyu3eUGbgVZ9	Bossman	65ae7a9ef2c64d1ad99d2ac6	Active	3️⃣Published🚀
recMXjNZlKnHbDYYp	YogiNest	/templates/html/yoginest-website-template	Active	3️⃣Published🚀
recMXwmQYjXTzCBFr	Overcast	656129b880f3c207d728a4bc	Active	3️⃣Published🚀
recMY2wfDRHpr8MKx	Fitnessflow	67d4880b63593533636dc971	Active	3️⃣Published🚀
recMYXkq0xuD7SpLR	Math Orbia	68a4ac53592ccb92fba897aa	Active	3️⃣Published🚀
recMYt214Fl28jkuh	Helen Booth	664cb2676e5e103346f1b838	Active	3️⃣Published🚀
recMYtLItu84tTOBt	Bento Bloq	658350105551e711aee31f51		3️⃣Published🚀
recMZC7zRZpGISMXn	Pixgro	690bc3051af5b16083a9437f	Active	3️⃣Published🚀
recMZUcU17EAXxd5k	Uptime	595694ca9b3f4c2f91076130	Active	3️⃣Published🚀
recMa35EIQaTX866O	Readz	692daeddc82c05a9920b43ec	Active	3️⃣Published🚀
recMauCQZ1IRqoNJF	Builderz	65e1615ff7363ec93d88f186	Active	3️⃣Published🚀
recMb3mPaezTx6Y12	Growio	66a5f39c63a0fc5a77846d3b	Active	3️⃣Published🚀
recMb4Pn8WCBOjRNc	Insurize	67e2d8e3c49ae02e1cce7378	Active	3️⃣Published🚀
recMbHPyCOwxQwMoh	Finantic X	62db11388757e83f77f796ac	Active	3️⃣Published🚀
recMbT36O8vPEb59C	Carbon Creative	65aed950792d39efbf618a4d	Active	3️⃣Published🚀
recMbaJuY5UH2qMQ0	Yoga You	65a377ebb68f50c20a47c218	Active	3️⃣Published🚀
recMdV8BHh37ArNN3	Trackeo	68fbb1acd9ce51dba7d3bf15	Active	3️⃣Published🚀
recMdyuaKpjgpF96r	LuxeLine Interiors	67414eef71b1ca398457186c	Active	3️⃣Published🚀
recMfLvgzUgnLSQsI	Videogame X	61bcfeb86994915b6acddb56	Active	3️⃣Published🚀
recMfbtBDy697lMCO	Erudatia	692a1181fe3a3979629e3bfd	Active	3️⃣Published🚀
recMfvqIdtsqLg1wW	NexAi	68c6cb824aa7f09f0abcbaf9	Active	3️⃣Published🚀
recMg9TYeRiHiCk2D	Painting 128	6581ff0a2fd597679f90c8f1		3️⃣Published🚀
recMgHInbTt0ViQUI	Larkin	672106dc0b8702ae4aca372c	Active	3️⃣Published🚀
recMgS3bTwfJby7NX	Girly Folio	651ad77f7e69a0bd50016b2b	Active	3️⃣Published🚀
recMgcfmVxDd2Ldbe	Alevia	68c48ef5debd4697814c2f1c	Active	3️⃣Published🚀
recMgnBNMUjXNzMuy	Turbox	6754b9bf5af65477ffb4de10	Active	3️⃣Published🚀
recMhWNhQy3whaUhO	Dark Dasher	64f78df6400e1678806da2f8	Active	3️⃣Published🚀
recMhrElaxvX8tBi8	DataFlare	67a94fdf09fa7c20d7336568	Active	3️⃣Published🚀
recMiASxC67alEPJw	Unusually	69068183ec4508a4cbd00f07	Active	3️⃣Published🚀
recMiV19KQoE8euAP	Lebora	696f9ee2edc74a0a76802e91	Active	3️⃣Published🚀
recMjBRgcYaQFgKdj	HexaCode	66e38c1d2d0cdb17b8851246	Active	3️⃣Published🚀
recMjE8BlNQGMFMnt	Mellio	68a68e1424ed4b12a61b0633	Active	3️⃣Published🚀
recMjU4ucqEEeOInm	Assistia	6930acdd3b154eb51b300464	Active	3️⃣Published🚀
recMjaqKM1tNcCl45	Presence	678fafc41de7ac7e1502d4d7	Active	3️⃣Published🚀
recMjcXG5KHaIY1dP	Glassweb	680c048fe1c7d90f63614c76	Active	3️⃣Published🚀
recMjnMbt2AydOH3r	Forge Studio	668b7f11a230f7d653382f5c	Active	3️⃣Published🚀
recMkRTw1tCZbKz9a	Zaiwter	65736cde88159487648afd96		3️⃣Published🚀
recMlOKIStqNql0CY	Starfish	66e066e2e29b16c5d965e269	Active	3️⃣Published🚀
recMlQtkslYx6VjsV	Shadizai	62e5a5fa5d99644c4ae15581	Active	3️⃣Published🚀
recMlS2rP22jzYRIt	Startio	685e084d1db6b6faae47dce6	Active	3️⃣Published🚀
recMlblboDISgkJhP	ChrisEvans	661d8f3895a1da373526cb90	Active	3️⃣Published🚀
recMlsCX1cjaTM6UF	Open	54456909a05709a755da9d77	Active	3️⃣Published🚀
recMmHUmAWX9YA8mK	Purevolt	69824c394bf38fc0fe896092	Active	3️⃣Published🚀
recMmO1GLZDYJkNX2	Ava	613ac0ff66ec290fbb0ec2da	Active	3️⃣Published🚀
recMmzoAGPc2cl9nM	Sauza	67441a110fc462e2d77b7e0c	Active	3️⃣Published🚀
recMnNpqIL2jJwdT7	Jane	61bd06d47f84157507f3e361	Active	3️⃣Published🚀
recMnPeTWgdbLmWXX	Zura Bank	66340cce6e97b7a225da9433	Active	3️⃣Published🚀
recMnSymBI2WZJ3rQ	Consultingo	66cbc52b5ed7e2a6ecac1fa0	Active	3️⃣Published🚀
recMor5aZqfUK3BRe	Sparkle	655544a5c6a3b77b49e60893	Active	3️⃣Published🚀
recMoyiXYy9cRKXu6	Develow	65d39bcd1308f3ceb04655fe	Active	3️⃣Published🚀
recMpOmRLs48f27CA	Vostok	610caa0f1c38b301a64f9c59	Active	3️⃣Published🚀
recMpZKAZD73w0EF9	Pixaly	68ecbc30785cae344637e27b	Active	3️⃣Published🚀
recMpljb8itbTVxxA	Mosoic	672023997d917d7b02037e64	Active	3️⃣Published🚀
recMqEvh2CVIInBrJ	Payouti Archived 16qokrgy	68d1928bb799e03eed546c17	Archived	4️⃣Delisted☠️
recMrfbpweRaWfqMM	Pastel X	6450e84eb5da114556afc57f	Active	3️⃣Published🚀
recMsCt2sbqHEOis4	Array	664a4fa8a53f1a36eaeb88e3	Active	3️⃣Published🚀
recMsNJB1AHWCX1ft	Rapide	68e3bfdb598c69d3428bb64b	Active	3️⃣Published🚀
recMsTteTphEQXGfm	David Wilson	657c9317a497a70838d29f75		3️⃣Published🚀
recMsVLofA9aT5aDP	Outcrod	69682d1313d5a5be9811da49	Active	3️⃣Published🚀
recMsyGiCGxfzdJzP	Saphire Tech 128	6718e4f188ded80f84851035	Active	3️⃣Published🚀
recMt1KjEmF57giNT	Clover	6330e1fd0479202a53c8fa4d	Active	3️⃣Published🚀
recMtkxrCYTVzrmum	Medenic	693b80fcac2c1e693d7cf4f9	Active	3️⃣Published🚀
recMu99so7XWwRTwF	DriveSchool TNC	6754b5b97fa59365e27acf6b	Active	3️⃣Published🚀
recMulLLUmzCEluGF	Headztones	68011a60899525e0510c187b	Active	3️⃣Published🚀
recMunE62Ufh7nG7C	Star Docs	6669cc73087f8120ffa74061	Active	3️⃣Published🚀
recMuoTvkkivDeT0w	Digico	6578efacf9ec0d3e0a52a8a0	Active	3️⃣Published🚀
recMuxTPTSkBN3X2x	Conference X	60a9825dd93f7d249e572b53	Active	3️⃣Published🚀
recMv3qJbijw8DP4I	GenTAl	689b709c16cebe6d74a46e7c	Active	3️⃣Published🚀
recMv6rVDSaGoL2Rf	Packora	68fb04f2baaac2b6dd6936a0	Active	3️⃣Published🚀
recMvgo9D9XrxvjGN	Emit	622d103ae92a9c0ee00f41ca	Active	3️⃣Published🚀
recMwFejLOAPJaHPx	TradeFlow	651dd7619c211dc2a1a81f83	Active	3️⃣Published🚀
recMwNF5tXwbNwlbE	Cullen	5c0924c419c6a50c2ebbb27c	Active	3️⃣Published🚀
recMwOUCFwp5uS8ax	Pyramid	610339929ddf0759ee8ad206	Active	3️⃣Published🚀
recMwWSVupOmEQm39	Portlight	63d3f918afc8c73dae3ead84	Active	3️⃣Published🚀
recMwnidRxcCvEaPB	TechOS X	629f56bbfb3b0c6be27a0b5f	Active	3️⃣Published🚀
recMwwJxLPRCjUT6Y	Kaboom	63b04911b337a6588a0f1180	Active	3️⃣Published🚀
recMxG4QMVCQf3N4N	Brandily	6993310185f586e47ca2541b	Active	3️⃣Published🚀
recMxmv6tvq0K7EMw	Trillion	6637079c99fa9f296d805d31	Active	3️⃣Published🚀
recMxu4Y7l33N5TBp	Cavely	680c31d7f7f5a93ebbc8c8ff	Active	3️⃣Published🚀
recMyBK0jQg5m17ub	VLADIMIR	65243b475fc2dc062b45349c	Active	3️⃣Published🚀
recMyErvRA8nTk8W3	Winled	68eddbd27dbf3ca009ad44fa	Active	3️⃣Published🚀
recMyUVNGiIAzGdUb	Tooth Fairy 128	640babd956170018e2c21ef0	Active	3️⃣Published🚀
recMyVw6aGX5CAPZJ	Dristi	64aa1a128d8065f1230e52f4	Active	3️⃣Published🚀
recMyj7hS9MqbOK0E	Horiizon	6859f25b6e9508af0bd6ad30	Active	3️⃣Published🚀
recMytTKCkvMM6gme	Accountix	67143331b12e46916cf51ca5	Active	3️⃣Published🚀
recMyvBmDrsesQGFL	BluePros	6744ccab89704a554be3985d	Active	3️⃣Published🚀
recMz1NBP0HCc5Wim	Carfix	66061b5816ee244a25b9f27c	Active	3️⃣Published🚀
recMzAckcOKnd5QbG	Mind-UX	65a3612ad78a496b27219443	Active	3️⃣Published🚀
recMzd8PqDdlvzZKs	Veritas	5ceff14fd9c5cccba62fa1fe	Active	3️⃣Published🚀
recMzjhZOM5QtuCwc	Zaibnk	66bb00af2eec02e8041b241f	Active	3️⃣Published🚀
recMzmvn673w6cNPS	Healthful X 	61e88596804938861baa40fe	Active	3️⃣Published🚀
recN01cTWyGiSwsE9	Haze	620aa85b31733631496bcac9	Active	3️⃣Published🚀
recN0GHrM8kt0mBty	TNC Homeland	651417c580796ba4e48cc0e7	Active	3️⃣Published🚀
recN0fHNLSyRSsLhK	Zaicept	66b8298428b4fd5accb2da14	Active	3️⃣Published🚀
recN1FxWpfHMpm6tD	Opsify	6884098c924293615e259b71	Active	3️⃣Published🚀
recN1JKeBziWpsPmW	Drill	67cf9fad08399176c756506b	Active	3️⃣Published🚀
recN20qRap7Pu301f	Inka	63ff5b663f39096d45ae40cb	Active	3️⃣Published🚀
recN2Q2DmrjZr0fTB	Gavel	5f08e09dadf578391b81e251	Active	3️⃣Published🚀
recN2Y4uh2SrScW8G	Uptown Coffee	66eb47f7da2dfde71d3a04d8	Active	3️⃣Published🚀
recN2mJAhlXOfHsSI	Venture X	639cd16b7ec3cc1c5e1d67f5	Active	3️⃣Published🚀
recN3AKfZ9r4Ofh40	Lella Archived 4kjajcx2	61932602b0f4072911e1a637	Archived	4️⃣Delisted☠️
recN3BDDttj1GRqju	AirSolutions	65c53f047d5e50dcaf74ffd1	Active	3️⃣Published🚀
recN3Mn3FvkKcGbGy	MoonriseKapital	661536adcd5752c02f9f75ca	Active	3️⃣Published🚀
recN3hRaw5gVlPWK3	Olivia Lily	679fe79c532e90ca36458e17	Active	3️⃣Published🚀
recN3zkNZDC4SR2D9	Musecraft	659c0db1a6c77b607d5413bf	Active	3️⃣Published🚀
recN439MhKL7LRY2E	Hyperion Ecommerce	64ab8dd04f094472de22e62d	Active	3️⃣Published🚀
recN45vEGmxjtWG3W	Plan Tool	6442b08240e4d5a163e3b3b8	Active	3️⃣Published🚀
recN56RNtxb89d1G6	Payable	67112d7c40853560766d802c	Active	3️⃣Published🚀
recN5uujG2fE6Q17J	Mindware-x	6862f9351cf767bb1bab5d9c	Archived	4️⃣Delisted☠️
recN6H5SUljx0OHGk	BlogWear	66ea595724eb6a17336a62f4	Active	3️⃣Published🚀
recN6dSgpTnyeMsdw	Kitsure	67441948fcbea9204fcad526	Active	3️⃣Published🚀
recN86iG8A92ouZKp	Sleeq Archived 0iil83kg	612eab87c22174c0285e549f	Archived	4️⃣Delisted☠️
recN88IAi0QIRJCBa	Fixora	68f0c092b05db1e664525eed	Active	3️⃣Published🚀
recN9N2SLf2s5jvJt	Dane	65638a56332c7603e818a542	Draft	3️⃣Published🚀
recN9YmU4TlEZD7SK	Zaipus	623d08da019b922149c8d625	Active	3️⃣Published🚀
recN9eKmsBdGig07b	Chris Martin	65ddf51c1430f1bf50cbc47f	Active	3️⃣Published🚀
recNAPIt1YJZKmTCf	Bureau	63e3dfbcf3bc7cbcb0c6cd6c	Active	3️⃣Published🚀
recNBK5fjl7T5K9vJ	Lacete	666f7565cf0f96699953f11d	Active	3️⃣Published🚀
recNBf33qG7Ep5Sn4	Orrin	67a9790709fa7c20d733810e	Active	3️⃣Published🚀
recNBiV727XeFEfNo	Hiend	668d7ab412696d36a73b2bb1	Active	3️⃣Published🚀
recNC5UAcs3h0vk0X	Delayed	64e775190a6e53ff9e65c85a	Active	3️⃣Published🚀
recNCESiUQAdRZdLt	Aster	652034ffecd03e000e96a9f1	Active	3️⃣Published🚀
recNCYGn9tcVK4SWD	Voynara	694c46620a5f109f08d9a3a4	Active	3️⃣Published🚀
recNCqhCW3T8iemiF	Blury	649328968b83896842dea893	Active	3️⃣Published🚀
recNDbbuD4mj7S0RS	Envoll	6947104b0de029c21894feaf	Active	3️⃣Published🚀
recNE5qN4QJ3vnzYr	Feathers	677f01d365cbadd140b1c0ed	Active	3️⃣Published🚀
recNEJpTobfvtIADw	Drew Archived 7s13bvc3	6036bb74904d99d0251b6d27	Archived	4️⃣Delisted☠️
recNENKBn92quG7fl	Urich	6386d64d73f5f35d92bea387	Active	3️⃣Published🚀
recNEU5bkZKZKGSfG	BuilderX	6570f22b3cdf8b7bdc3d7069	Active	3️⃣Published🚀
recNEbYvkcBm0ZJmB	Curevo	693c6ffac270b8fd0e6b33a2	Active	3️⃣Published🚀
recNFaKNPOnyWSk84	Coozi	691162a6e154a75fa8bbf8d4	Active	3️⃣Published🚀
recNFeKYGi8OZIElJ	Zohatic	649c8295efd18fb4cfabe701	Active	3️⃣Published🚀
recNFyO9gDDpWwpEC	Elevano	689be621ae27c077bd813414	Active	3️⃣Published🚀
recNFyWeEMmRLksRk	Camply 128 CMS	6600a0aecc36c8a4c184c602	Active	3️⃣Published🚀
recNFynBU7zxtwEmB	Luxeo	696512c36c225e4622f7a3fa	Active	3️⃣Published🚀
recNGTyD21hnoE8W8	Novatiko	6888638c26de8ae46143a443	Active	3️⃣Published🚀
recNGUL8EAgU1XFnH	Chapel TNC	664bbcdd019d9421f2c3bf27	Active	3️⃣Published🚀
recNGuBqiSlAOS3Zl	Forecast	65ef36f6a278a3dcd750c103	Active	3️⃣Published🚀
recNHV2WprpBlA7OV	Kann	65efcad905f1d34791b25258	Active	3️⃣Published🚀
recNHmZ43BymaPqf5	TTM Bakery	6675c389ed9d2e44a03af4af	Active	3️⃣Published🚀
recNIKpNTVSOp2vcb	San Antonio	665d75ccb545c4a6fa716982	Active	3️⃣Published🚀
recNINOVGyfodqmyc	Builderflow	6928ce57c9c817f747e5434e	Active	3️⃣Published🚀
recNIP2KSDlPnyWcX	Kai	65a501240e68274770ae6280	Active	3️⃣Published🚀
recNJFJejCdDDHrqp	Yogance	67243abc553c73bddfc71650	Active	3️⃣Published🚀
recNJKWKO522dn3Ww	Illusion	664f6746996a65b21247e780	Active	3️⃣Published🚀
recNJdDWl5qpGsPVv	Archit	60b6bfa88641ef90f50806d8	Active	3️⃣Published🚀
recNKsh3dYWafbSlm	Glowy	644142af9aafc13e83f3651c	Active	3️⃣Published🚀
recNLnI0RMA1XPZNq	Decorium	69777e81497d42ad5b4f8305	Active	3️⃣Published🚀
recNM4orLNnhq1bwy	Prolio	66fac78785dfb0667dd33567	Active	3️⃣Published🚀
recNN2N7dgU8RVIR9	Alignify	698b5318b222deac4f785afd	Active	3️⃣Published🚀
recNNMAOmWwqWrX1u	Pet Care	665f1a9b44e9fd873ba01ecc	Active	3️⃣Published🚀
recNNhMHnol1Giz8K	LaunchDash	64c29352e813b5edc51bae82	Active	3️⃣Published🚀
recNOLoRzrIOjCvRz	Strato Board Pro	6913ab5fc94bb7be1f8b6886	Active	3️⃣Published🚀
recNOXl4SFvlCrREu	Sobo	67941199f19bdbdf01fffd8a	Active	3️⃣Published🚀
recNOYDLH0DdNBpwb	Bistora	68a4dc9495f3cd8fa00c06d0	Active	3️⃣Published🚀
recNPIOuN3ZRrqIfM	Fishing and Hunting Club	645cfe5135480760ab2779a9	Active	3️⃣Published🚀
recNPeQamXOTxGLAg	Designer	5f7ef7ce1648bf0a4018aa75	Active	3️⃣Published🚀
recNPsUhXvoD3kpfU	Printo	64343771bf364054b3108491	Active	3️⃣Published🚀
recNQCmo54aKVGjkz	Metroplex	65f16e1e14c613e94dba2542	Active	3️⃣Published🚀
recNQLJTkyaqAeJrK	Moxom	644ae93aedefb93929cb899f	Active	3️⃣Published🚀
recNQlOMypwmbD2NL	Gordon C.	6697d79cfdf82fe6a391d1ad	Active	3️⃣Published🚀
recNTZfZNTFSGjmk3	Verger	6747f35eef5f6c5702a8ce41	Active	3️⃣Published🚀
recNTn23NXafekx8d	Conex	656f5dc51db81ff8c8dcca62	Active	3️⃣Published🚀
recNTnvNjvqUvoWei	Dulce	5b0edc0390b4e947246f8ad3	Active	3️⃣Published🚀
recNTxXAwi05Gbobg	Powerful Ecommerce (DE)	628bb4b8546d81b0d1809a5c	Active	3️⃣Published🚀
recNU0PRr4PoFkXLi	Finexo	696506ffaa0390a2c5d7ece6	Active	3️⃣Published🚀
recNUbHirlchYMVsC	Boldfolio	678d90a393958818989eb40d	Active	3️⃣Published🚀
recNUh8VWVizdvNON	ProfiEstate	66ba49a789ae9157baa4a552	Active	3️⃣Published🚀
recNUq6JW5RXPZB0G	OptiBot	6928c046a21e6d37de660087	Active	3️⃣Published🚀
recNUy6x1haAvaYz6	Lunox	6953e255c2946ec81f108a06	Active	3️⃣Published🚀
recNVa4J59i1HCB1I	Homira	693acd90413d88faa58eeccf	Active	3️⃣Published🚀
recNWSrIPikJc6mN0	Nidly	66bd304c2ef006644386a8fd	Active	3️⃣Published🚀
recNWgiv27wgbKhED	Mazina	6900d8f13c62da60c0c37f05	Active	3️⃣Published🚀
recNX5dr1Q8Z4BuuU	Solstice	64a6f10210280dab1cbbea14	Active	3️⃣Published🚀
recNXc6R6EBR9TWC7	NEXGEN	663912cff7911f27cc88d07e	Active	3️⃣Published🚀
recNXcSjKeKj4uooa	Glaze	65578f79531569ed41b010a9	Active	3️⃣Published🚀
recNXnjVgUMIfTB8s	Gorgias	67a66da09a1265a65aa91a84	Active	3️⃣Published🚀
recNY1Ol8VBJEmb1g	Zaihexa	664cac5deb216f5a46f4ab00	Active	3️⃣Published🚀
recNYE651dp6kxnKk	Amber	66c3b1c83fe4b17c7e15e62c	Active	3️⃣Published🚀
recNYF9b9WtJLG5ZY	Xender	657b855d704556d294bf60d4	Active	3️⃣Published🚀
recNYLkLuedfUgi5o	Portify	679079548ce6f883d1936872	Active	3️⃣Published🚀
recNYzYXNi0nnt9xZ	Docode	692a04a4fe3a3979629e3afa	Active	3️⃣Published🚀
recNZ2YLeQAcKTDvM	Pipeline B2B	673c8b574419afd45f5614f8	Active	3️⃣Published🚀
recNZ79ABwP65Mt9K	Defichain	689e91902466f3a05a36299a	Active	3️⃣Published🚀
recNZTgDY2pPtBWmQ	Upward	628bf7964ba98eabf36f3889	Active	3️⃣Published🚀
recNZUtrAQX5q2TvN	Siena	6464f8c865df180e1fa9df57	Active	3️⃣Published🚀
recNa0zbd7MgswCGD	Eco	651ed245c4ae38a410f5ed14	Active	3️⃣Published🚀
recNarn6JAiKcDicV	Cruise	666814206fe1476ce2b2e38c	Active	3️⃣Published🚀
recNbJfkL4dzJ3ICr	Unica	6279d6bab624688913200964	Active	3️⃣Published🚀
recNcE8ou2ZsVBG2z	Smylig	6867e57d92b26e4fb26fa81a	Archived	4️⃣Delisted☠️
recNdHCqztrHIKr3l	Startuify	642b047d47b532f28be2cfd6	Active	3️⃣Published🚀
recNdPfv6f6w8jJZ6	QuickSaaS	66dd2cc1b1ddeddd0b4fde87	Active	3️⃣Published🚀
recNdpJGrfCMXocgv	CloudPeak	66ce66a4509c606add538aad	Active	3️⃣Published🚀
recNf1VNIRUtWKA3P	Homark	67529a0ca41d4970b24bfe83	Active	3️⃣Published🚀
recNfTsnNTdN1kAYB	NEX US	675b38f50937b5c61e091b80	Active	3️⃣Published🚀
recNfXDxCradsnUmg	Nanto	67e0edda008f1b81fd45acf2	Active	3️⃣Published🚀
recNfrxgpO8NMNmLF	CreativBee	6524343fd446e0bafef1379b	Active	3️⃣Published🚀
recNg5gMInalcSOmI	Portacloy	6812e2cd3143538ffcf2f00d	Active	3️⃣Published🚀
recNgaaTI0sFMj2Pz	Kunu Studio	66302a31999914f869ef0eb9	Active	3️⃣Published🚀
recNguWAX9sHQTIId	Amsterdam	62d8cca446431b0a58fd3133	Active	3️⃣Published🚀
recNho6ALgYWDBUX9	Zenful	64949076d5c08ba3a38cc717	Active	3️⃣Published🚀
recNiGI9UqKfmv9Nj	The Ledger	664f9fe29b59c6b9d5802ff5	Active	3️⃣Published🚀
recNiQZz1Zs5yOxP4	Natural W	662a1fff07349236efa76764	Active	3️⃣Published🚀
recNibddM7zcyIy7a	Sincra	68912fc623e91d1a0de92bbb	Active	3️⃣Published🚀
recNj8Z8Ozha1y9Pm	Handy-man	66e8ab5595b7754d08dc06f2	Active	3️⃣Published🚀
recNjBPcdmHNgtFBl	wino	659722f58bd278d668537174	Active	3️⃣Published🚀
recNjN3Hk6vxWdShz	Orivo	67db2b9a4e3b83cf55399164	Active	3️⃣Published🚀
recNjsgOQqUvQ5WSX	Cyle Axor	68e13ec8d96ba38dd4207fc6	Active	3️⃣Published🚀
recNjvQe2SfSGIG6V	BrandIn	6668b366efa4be030dd34f13	Active	3️⃣Published🚀
recNlDqiFadtP4Sjv	Anagram	58863926842481330a874244	Active	3️⃣Published🚀
recNmOyV9d68TueLy	Belim	668b82d1486c303cbbe1fb67	Active	3️⃣Published🚀
recNn6wNfueMza1Rd	Purple Landing 128	66153786615880260289f32d	Active	3️⃣Published🚀
recNnBnMEX6dP2EUZ	Refraction	609da615b7d6ea3450dcc632	Active	3️⃣Published🚀
recNnNhbrqkjH8Lvt	Blueprint	63cebdb224859249e1128211	Active	3️⃣Published🚀
recNnS4qRslZJiKvf	Wringle	661c9948a21e097b26f97d7d	Active	3️⃣Published🚀
recNnVe33Gw9JcuI3	Brandify	644571e1415fbbbc15d96d97	Active	3️⃣Published🚀
recNoJV7zirKhEPqd	Wine House	6746ad3e682b4655066a804c	Active	3️⃣Published🚀
recNog2pqtuG2V7c4	Norio	694eba4fd5d9e96efbdd39e6	Active	3️⃣Published🚀
recNow1lD1ug2cyEc	Assemble	670881e9ca5b45aded57e8bf	Active	3️⃣Published🚀
recNoxl24iY0C8eOZ	Tradient	68f7c158a2a0702f8dd20699	Active	3️⃣Published🚀
recNp58b8KPvSLbdw	Klyro	69498b926a8ed6358b6b228a	Active	3️⃣Published🚀
recNqSYDoYvTLkRXI	Volta	610ca62d57fcced9d0d69ced	Active	3️⃣Published🚀
recNqj2vD1LncDtRi	FlexiFlow	6553a6d1cf4f1a8efe599e10	Active	3️⃣Published🚀
recNqvSYeCzaTxqkO	Ambessa	67b209ecdf8c3dfe7890e6e8	Active	3️⃣Published🚀
recNrQOHgOAK3k4Hb	Nexcom	655f8c3314b7bf12e5f98171	Active	3️⃣Published🚀
recNrxMYXJqzjrdlO	Marbella	68822632742915065fd0f540	Active	3️⃣Published🚀
recNs9M2VOlVEDZPF	XFIT	657b7575de2c4f43203c57cb		3️⃣Published🚀
recNsKXoqLgJEdReo	TheAgenC	65e4b176e0e3ca60a682341a	Active	3️⃣Published🚀
recNtRHOwUBnaRoc0	Pelican	6647e66f28b6e0709f3934e0	Active	3️⃣Published🚀
recNtU0vsMn1xHAK0	Mirano	693ad50f413d88faa58f0eae	Active	3️⃣Published🚀
recNtjw9v3cpAcfyo	Corporately X	626fd565a013c127e915dd1e	Active	3️⃣Published🚀
recNtvwyMUzgks1MI	Buzzn	6721284aef956920da5b22fd	Active	3️⃣Published🚀
recNup4pwC8e3QC4f	Escritos Archived bovl9mnx	63b4e916ef596015a639ec29	Archived	4️⃣Delisted☠️
recNvCC6rmwZ36TYf	Avrigo	66d713ced217007ba01b166a	Active	3️⃣Published🚀
recNvHJHBbxHyOCNl	BioStart	65ed00656921edb38670ae2d	Active	3️⃣Published🚀
recNvHUfhZmBUbssS	Darency	67aae2e527827ab76696c867	Active	3️⃣Published🚀
recNvN0MypcOaCLr3	Nuwal	67be94f62e095ac40ff69cbe	Active	3️⃣Published🚀
recNvNyCRthIGkSD5	Optevio	68e91c7ca9e8d6d1cc75c40f	Active	3️⃣Published🚀
recNwWAZ7dgRoRXri	LightBox	645bd4170b745676f9a26c12	Active	3️⃣Published🚀
recNwZ9pLLvzNn2Yt	Nutshell	66370aaf99fa9f296d831c1b	Active	3️⃣Published🚀
recNwcRZVVcD3IbZp	Formaa	696511e46c225e4622f79c9f	Active	3️⃣Published🚀
recNwezKEv11VN1AY	Meddoc	668d79c69d75e04e5b08688f	Active	3️⃣Published🚀
recNwz5mQ9qIi0QbJ	Greenlit	6957f60c436300930db4e81a	Active	3️⃣Published🚀
recNx38IqNcZWAbOm	Skill Shoot	67cb478caf0e8dc27da8e507	Active	3️⃣Published🚀
recNy9YDn3I7UIeLs	Johavent	642d7e9158f650e30e58cb23	Active	3️⃣Published🚀
recNylskWjulV36HJ	Borshi	5316742268f9c11e28000118	Active	3️⃣Published🚀
recNzQXNOEQiO2cp0	SasGrad	66859e973b05b343a4d9059c	Active	3️⃣Published🚀
recNzYgy8fr3THRPy	Dharma	619c36e70a9561651464ec1a	Active	3️⃣Published🚀
recO0pTCLPYpRAbtW	Enable	6387d3461c9a0037f57156b4	Active	3️⃣Published🚀
recO1N0n21huyMLdv	Gilberto	689130c86d37e77a6870ee49	Active	3️⃣Published🚀
recO1n6m6JB34eCwL	Jurid	64bfeca363c91bb1770cc6f7	Active	3️⃣Published🚀
recO1pucbdCfBW2l4	Slope	64ee00e076418908a718d7df	Active	3️⃣Published🚀
recO2Ji8gVq2lLfTo	Luna Flora	5ee3b2be187c83430b63e7ee	Active	3️⃣Published🚀
recO2NfyZShKjAaeh	Infinite Bank	66080e548d8302eabf59dea8	Active	3️⃣Published🚀
recO2RSpG9ZpiRzJP	Evrite	6787f91d1a2399853cf6502a	Active	3️⃣Published🚀
recO2bn17uJKojFce	Albadoe	69002a36d7966435371ee5e7	Active	3️⃣Published🚀
recO3TYn8jNvTLyBR	Marphy	66ffad70b4da604889afdece	Active	3️⃣Published🚀
recO453PxzpdASJOB	PixlPros	66179e1b4cec23cb6a3768e1	Active	3️⃣Published🚀
recO4NmfqdHcolakE	Workbridge 128	66c82899d1fa1bf778e87de7	Active	3️⃣Published🚀
recO4QP6liyFS9wQd	Seven Studio	656387ae9cd7f6b8814ecdc0	Active	3️⃣Published🚀
recO56sYFDDjYOP26	Montoia	68154a1aa81a36b40d8a96ac	Active	3️⃣Published🚀
recO5rfO0NnZ0wBaa	Efito 128 CMS	65fdf2c49c72f5f0494e94f1	Active	3️⃣Published🚀
recO69I75ablRjf1P	Cabin CMS	670c8d295947824a1a46db9d	Active	3️⃣Published🚀
recO6BzE6gH40vxXD	Seaferi	652d80108570586e7a4c970f	Active	3️⃣Published🚀
recO6TvaMKD4jKfSq	Samantha	65c10d9fabf27e86e19ee728	Active	3️⃣Published🚀
recO6ZMxK5J2Eazba	MindSpring Extend	66fe0b0ac6931aa7f5ae51c5	Active	3️⃣Published🚀
recO6y59Ub8gQa9FF	Vitalis Studio	696a96b0b221e957623eff7f	Active	3️⃣Published🚀
recO7BtdHAmAgDi5n	Skinco	622a6ebbd7f43805a399d890	Active	3️⃣Published🚀
recO7Q5uYMKQAJHUH	Bloom	6036c2d7c21d9259854e558a	Active	3️⃣Published🚀
recO7QmIOl6GNoMrT	Oylia	67c523e27bd0bcd1f6bda583	Active	3️⃣Published🚀
recO7S8J4uvOiUxxF	DynamoX	66874100f0a21aada44270a4	Active	3️⃣Published🚀
recO7XZ8lWL1BBlOG	Paymark	69370176a3baafcb00fc34ac	Active	3️⃣Published🚀
recO8B4nDIeqt81Ph	Aerials	63dc7b81f7fe1a1641a80a94	Active	3️⃣Published🚀
recO8dz3vnG1Bpy6p	Uncommon	5bf405c94414ed51f0396f7c	Active	3️⃣Published🚀
recO8hoTVjsxOgYWC	GrowthFlow TNC	658dd3f0ee5d3bc14ef10b62		3️⃣Published🚀
recO8vKc9GuMkbhbb	Sterling and Elysium	65454e982762ff252aab0682	Active	3️⃣Published🚀
recO99hHSebwuFEjZ	WidZen	6931cdb2f7c22454adc99c75	Active	3️⃣Published🚀
recO9BXvzpMSSHboh	BlogPod	6704aaa6b139c895f3634906	Active	3️⃣Published🚀
recOA4i7BquFx0iwD	Sinatra	66ba5d04b21579376658b59c	Active	3️⃣Published🚀
recOAgtd649hiiMDi	Fluxly	6882be8cb4077b7b27b10466	Active	3️⃣Published🚀
