record_id	name	mrp_id	cms_status	marketplace_status
rec00WQ0dZ3g8WpQG	Petique	67caafa9417f2ec13ab32248	Active	3️⃣Published🚀
rec00XZDTgwZuM0Hf	Aisav	68216fd74c3cf9ee02a5dd6b	Active	3️⃣Published🚀
rec00c7ATv0S97Ph9	Neomx	694ff32cd5d9e96efbddd418	Active	3️⃣Published🚀
rec01FVpxtnmSeU1R	Clayco	668b8bc75c62aef5bbb27fe6	Active	3️⃣Published🚀
rec01O5GefARTKRjZ	Lucia Consults	671bd04e88786be5a6fe95e9	Active	3️⃣Published🚀
rec02KmqcVV4ovxMz	Mason	5e3c92ca0eb59075866631df	Active	3️⃣Published🚀
rec02VGe87Gqcllix	Paytemp	62670dd1e8fd9a6fc0746ea6	Active	3️⃣Published🚀
rec03UT29UG2wV7PK	VividSpaces	67226e38fc45355893f64e45	Active	2️⃣Scheduled📅
rec03WDAg3ePpEW4Y	Fly CMS	56203374f97450700f2569c0	Active	3️⃣Published🚀
rec03e9mrnbubGI56	Solid House	65713fd66af1eed027fab77e	Active	3️⃣Published🚀
rec03ztapy41W7lvW	NextUp	5e3c99e60eb59077a96661f2	Active	3️⃣Published🚀
rec04LIJlGvat1hrm	expandi	65527eaf7d768f4e291fdb58	Active	3️⃣Published🚀
rec04QetDBpfBIGu1	Springfield	631a34e5117d3ece1d1647df	Active	3️⃣Published🚀
rec05Bq5caOlaxAmJ	Humace	67edf770b642c9b2490ff11e	Active	3️⃣Published🚀
rec05Kepd3poAI4dU	Atento	64f9e80b81690713375a494b	Active	3️⃣Published🚀
rec05eaf8kvcmygEE	Flato	68f0bc16b05db1e664524ddf	Active	3️⃣Published🚀
rec05fepK9FYill1V	Minimal Lens	65ed014fd0846b3b4fc5761c	Active	3️⃣Published🚀
rec05nFvRJjSe4EOY	Valoris	670438b1d27af9576d1cefca	Active	3️⃣Published🚀
rec0656Hl25XXvCGe	Grindo 128 Archived o65whwpb	63eaa3ca63b6a74e25a391a0	Archived	4️⃣Delisted☠️
rec06HAjQEFZBgLsg	Luminer	68f2c0fbcbbe3624595fcfa4	Active	3️⃣Published🚀
rec075ZUC33K7YaLJ	Peralex	67f3d5a4457fa0ff48fc4721	Active	3️⃣Published🚀
rec07EVg75lKqDUMu	Nashville	66d15dbf8bb6fb16a7e9b510	Active	3️⃣Published🚀
rec07jxvom8wb9oyv	Servico Archived ub6n3nf3	620aac9bd7fa735902eb9da6	Archived	4️⃣Delisted☠️
rec08C5Oj5RD8DJKB	Mofi	62a94042c0f752854ad44b11	Active	3️⃣Published🚀
rec0AvCdhvQg7JRVE	GreenPulse	664f6368d62cb753eff55434	Active	3️⃣Published🚀
rec0B75MmT0G3Q8ev	Ideahub X	6279d20531f7dcaf13277f91	Active	3️⃣Published🚀
rec0Bag9P9x57hCFa	NoWeddingYet	621805274f9d12323ad80525	Active	3️⃣Published🚀
rec0BgqTBj7MKsExQ	Archie Studio	668d6add2f8fe6313c3a0217	Active	3️⃣Published🚀
rec0BtKCt3s0ZdZuS	Biolab	67986cc9ac96549d0cc9957b	Active	3️⃣Published🚀
rec0CfQXmQN73mGEA	Reagency	66902c09390915051419a2ca	Active	3️⃣Published🚀
rec0CgD6Np4MVdIG4	Agency3D	66705b6af273069b883f4ae6	Active	3️⃣Published🚀
rec0DD7mI7yhSIF17	Barebeans	65c69ebb075dd2d2f2cf9ed7	Active	3️⃣Published🚀
rec0DOfxGStWBaOgE	Toya	644af23174f42877cb855632	Active	3️⃣Published🚀
rec0DZmigUJEeM8Kk	Church X	611fe6b71eb65dc45ecbcfea	Active	3️⃣Published🚀
rec0DqeBrHqYjD7oP	Nexus Ai	678dc7d03491aa42288bb97e	Active	3️⃣Published🚀
rec0Ds2zFKbfx4cso	iDesigner Lite	66f6f613a9c43cff615429cf	Active	3️⃣Published🚀
rec0EgbuDQjjRfm2j	John Doe	665f2cb406f9315a9a560ad0	Active	3️⃣Published🚀
rec0ElFqBmOtlivsK	Nothing Template	6909133b0285776becf4117f	Active	3️⃣Published🚀
rec0F5gtzSTt7pZwf	Nicholls	6607592ff8fc9b2b45576794	Active	3️⃣Published🚀
rec0Fj5sHGhpHKhjI	S_pace	63401f0186468c074c64b24d	Active	3️⃣Published🚀
rec0G9mrfUhwYJYDy	Webbes	672dedd6ff6f6f0389251701	Active	3️⃣Published🚀
rec0GMjPIoNaL0LOT	Silber	628bef9645cf7e8b1f234707	Active	3️⃣Published🚀
rec0GgmsLRwxfgjpy	Ersa	648ca4270abb16d2cbaeb628	Active	3️⃣Published🚀
rec0GkpEUmQYCVnjU	Incredible	5543d0730fdd1cf00e27b998	Active	3️⃣Published🚀
rec0HbyMR5VX3Qn7Y	Growthway	696c1e1accbaf57964e280a3	Active	3️⃣Published🚀
rec0IAZlZa0fKkr0x	Helium	6876d3da7b81650ec9959da1	Active	3️⃣Published🚀
rec0IEK3mmhGWxaP2	Jokster	65d674f7e0a45e67ae6e2681	Active	3️⃣Published🚀
rec0IZDagyZth5DwL	Heavenest	67f6a95cc11dadeb928df84c	Active	3️⃣Published🚀
rec0JAde5GcCCioFg	Convert	676ebcf6bb41292a8fdd68c1	Active	3️⃣Published🚀
rec0JpZic035IxJux	Whitespace Archived 1guwjey8	53309f2de7e0b113060001b1	Draft	4️⃣Delisted☠️
rec0JzXfYsNdMzKhW	LiteraPen	67e346248b0e3b731afc9f96	Active	3️⃣Published🚀
rec0K9VLeDofwwAyw	TradePulse	6639ef37f56fdcb22ac2c5ca	Active	3️⃣Published🚀
rec0KKOJmxeegezA9	Kreativedge	6837a3296ea45c8952256fe1	Active	3️⃣Published🚀
rec0KUgSWLabGCos0	Zeyra	68f7c8e0bf40b63c1806d7ab	Active	3️⃣Published🚀
rec0KphVZblfB8OP5	Pristin	5f6135e5a3a233317d07570e	Active	3️⃣Published🚀
rec0KqyHED6vX69n7	Distro	683ccd12c804fc69c1bfbac5	Active	3️⃣Published🚀
rec0L86LYzsN2fH4D	Avlon	6624139af940360afbc37c77	Active	3️⃣Published🚀
rec0L88C9nIvnj1Rr	Beauteza	663e8322d868cd3d2fae8e18	Active	3️⃣Published🚀
rec0LqpZ7WOyJllo4	Web3Bit	671bcc83a7d3669a13c4c637	Active	3️⃣Published🚀
rec0LtkShekaMWuTj	Cosmic Archived xge47das	67f1beb41d920cea3bc87a4b	Archived	4️⃣Delisted☠️
rec0LvMEwmqJasgE5	Ecozoh	67f41f10668ea63a3cf3d105	Active	3️⃣Published🚀
rec0M2HOBMUpUiMRf	Realfy	67325e9f7bbf0be1358c0c3b	Active	3️⃣Published🚀
rec0MC9eWe4V3qCUR	Layzo.	693070d2f50e40c92b70afa2	Active	3️⃣Published🚀
rec0MJetYfXOxWADT	CROcheck	64fb5d01b799b46434ae84b8	Active	3️⃣Published🚀
rec0MmlkH1blgour5	Charitable	682bac0544dcf867f2d88d51	Active	3️⃣Published🚀
rec0NKmzxTomqSG08	Inovis	685250a18a430771043e22a9	Active	3️⃣Published🚀
rec0NRE2E5exuZBlf	Homeifye	670d9e2a306abf80b22a2cfa	Active	3️⃣Published🚀
rec0O2u1QtvnKNfDw	Fabrico	6943b2ecd9598f8874d43ecf	Active	3️⃣Published🚀
rec0OZCkbmbxOLRWk	Helen CMS	63402de87777b6b53c48c98d	Active	3️⃣Published🚀
rec0OiSKGmyuh9Dxc	Badi	63eef1ac93b6f42681276ce3	Active	3️⃣Published🚀
rec0OkhQQqSqnxWV9	Moon	5fadd6ceff20f803e10a7a61	Active	3️⃣Published🚀
rec0P1q5EvfEV4FMC	Sascodex	658de4800f2f680e3e83f188	Active	3️⃣Published🚀
rec0PSakfGPB2n9rw	Keyzo	686408eca43b945485e674b6	Active	3️⃣Published🚀
rec0PTiwLYn3ZCoNW	Architectura	669ebf1fc74c2f962f983b65	Active	3️⃣Published🚀
rec0PWq10UIP1w3jS	Piloter	666f4da1107197cedfd131fd	Active	3️⃣Published🚀
rec0PzkVdZgKS8KMM	Thatsbiz	617c659f31d72dffd0a8fa99	Active	3️⃣Published🚀
rec0Q0QOY4RMxqUyQ	Stravo	68a3ebb75c676b671b8534d2	Active	3️⃣Published🚀
rec0Q2hZDG4BeYruY	Nexorix	6993329785f586e47ca25bd9	Active	3️⃣Published🚀
rec0Q8Pue9oGo04oy	Norto	62a93e52aa8e9534a868dc90	Active	3️⃣Published🚀
rec0QFMSQxDDCinCx	CloudAce	665f1d640031006b03f675b5	Active	3️⃣Published🚀
rec0QNXqdBjYeIsV9	Cleaning W	658349b045829bd655d42c49		3️⃣Published🚀
rec0Qdw3XNMEfaJoB	Sanare	68c81d7ed8f6b9ca291f542c	Active	3️⃣Published🚀
rec0QpGC4GnxKoDxW	Sap	61bd0415f13edfa762de503b	Active	3️⃣Published🚀
rec0RCIXo2ATkXLJM	Promixa	6882c1d9b4077b7b27b11965	Active	3️⃣Published🚀
rec0RDjZ4HcOKxXx6	Mercer	605fc3c21a0eb25287bbbb1a	Active	3️⃣Published🚀
rec0RYIDzZlIEv260	Lenora	682172cb4c3cf9ee02a5e13f	Active	3️⃣Published🚀
rec0Rbayzd5wRvHcq	Zaiaas	645a5411ecc269b817f60822	Active	3️⃣Published🚀
rec0RdYt94tuS8Hw1	Flower Collective	648890821af7e39f88043d8b	Active	3️⃣Published🚀
rec0RmBI6BbCSxebZ	KITCHN	64bec70843e954884f59d9d6	Active	3️⃣Published🚀
rec0RrV0GTblXusna	Rominos Take-Out	644f2c297487d81efb0040de	Active	3️⃣Published🚀
rec0RyYMacmy7KfOz	Flowcard	6601a50a0f5af51a9bbdd004	Active	3️⃣Published🚀
rec0SOuqQv2o1OGUw	Industrial 128	6470b40585072710b1f64fcb	Active	3️⃣Published🚀
rec0SQPmUvYuKul8L	Patel	6887ae2422842112db844e12	Active	3️⃣Published🚀
rec0SbC6BfBUkhlmr	Nexora	67f81dc1f03accbb4f0152e9	Active	3️⃣Published🚀
rec0SiOy7yCJbWoGU	Copyneat	621e88fb2bbbb1513eb186ed	Active	3️⃣Published🚀
rec0SopaUlbWVtOWk	Julliet	679821049bd12d2a733e7071	Active	3️⃣Published🚀
rec0Szyuwz7VUtyu7	Ophelia Ardent	68a3ee42f1ec7ddcde471628	Active	3️⃣Published🚀
rec0Th5nlfHtyzfh0	RightON	62e9e781c69f447b95fbdd6b	Active	3️⃣Published🚀
rec0Ti9Tsj4J6VaGu	Sazai	6442ad01ef1ce82789cc44c4	Active	3️⃣Published🚀
rec0TsM17TmJwHydU	Havinic	68a79f8ba223b648cc03d109	Active	3️⃣Published🚀
rec0VTl9tp55TrdBE	Recorded Archived 6gbswlzo	606b65d98f87ba47922f3bc0	Archived	4️⃣Delisted☠️
rec0VddNKMzOFmHzG	Auditx	66db4edb2daf59269f8e3cbd	Active	3️⃣Published🚀
rec0VgSBrM0zEGkuU	Thread	68351cf2f6db5369a44659b9	Active	3️⃣Published🚀
rec0W6Vg0AEtyeEbs	LuminaAI	6510728a5a01827f652edc8a	Active	3️⃣Published🚀
rec0W6piDHXgPwDqw	VoiceCue	684c053fff7229e4f3e31948	Active	3️⃣Published🚀
rec0WMivP7VOQnVX7	Barcelona	655791198e890ec68d2806a1	Active	3️⃣Published🚀
rec0WjxlEDIS2xU2F	Healora	68524efec14dbd5f054de410	Active	3️⃣Published🚀
rec0XGRuWYok2dLkW	Projecty	66f71736e49a7a04f98718c8	Active	3️⃣Published🚀
rec0Y1LDF0kma1SZm	Rubik	694fee9a536ac10e4c2271d5	Active	3️⃣Published🚀
rec0YAcftAYaU3Ltq	Voltex	67b4c1374b8192752d30bdc6	Active	3️⃣Published🚀
rec0YZfG0uTzlLGNp	Synapsas	6634a0575f7487159cdddee6	Active	3️⃣Published🚀
rec0YruPIwI4SwSE3	Momentum	5bc5d2ad7772e95ace0ac1ca	Active	3️⃣Published🚀
rec0ZmoecA5Cl91O3	Belmont	66859f634bf0e08307fd54ef	Active	3️⃣Published🚀
rec0a04uHrAq2EWzE	MediAI	69308eb58dda681f2a2dff27	Active	3️⃣Published🚀
rec0a08nKutPYr7eO	Velvety	65e5eeab0552d529f024b09b	Active	3️⃣Published🚀
rec0aTo0dMlM9RCJ9	Syncta	6862fb7b5a64f3f37a8ed19a	Active	3️⃣Published🚀
rec0ahhRx3KriaB8f	Parfum	6515bd6df848268a03a0d821	Active	3️⃣Published🚀
rec0bBCNhMYYO1qxK	TechNoni X	674df1876d833aeb56a87052	Active	3️⃣Published🚀
rec0bZTsmQrYG8QVF	Chiaroscuro	66158edc2f1ebd21a1c60695	Active	3️⃣Published🚀
rec0cvD7cwtsfaerz	Relocation 128	66a9fbc0d18737f8f5d5a3d5	Active	3️⃣Published🚀
rec0d0jW95XmB9fA3	Raging Tacos	64d3cbc0cfe5c9b1d5540f0d	Active	3️⃣Published🚀
rec0dpyLyhntlL8Np	Tuscon Doe	634030482bcd32455795d324	Active	3️⃣Published🚀
rec0dqrI6PkKpyX5X	Axioniq	699cd4f941e3aef6f1d7318e	Active	3️⃣Published🚀
rec0eAJXO76nZjWIv	Hulax	6864117aa43b945485e6a8b3	Active	3️⃣Published🚀
rec0eFP9Llyuq2Uhq	University	574353dcc7891d002957053c	Active	3️⃣Published🚀
rec0fFkBmP4EUFByj	Ecommerce 128	64a312a2955751b8ac8e8e76	Active	3️⃣Published🚀
rec0fOeCQ5IebZK0s	Zencivo	68767af4aea813e3ac01e739	Active	3️⃣Published🚀
rec0faV17ruARbxUP	Genius	64fb5d689c1ad813969b6665	Active	3️⃣Published🚀
rec0fuJ6Npag0IQjA	Xspace Archived oapx15sj	5519808ecd49715f16258f5c	Draft	4️⃣Delisted☠️
rec0fv5GJLrrdhiIh	Kindora	6994abcba2edc81a0829816a	Active	3️⃣Published🚀
rec0g0WGRejU7elUn	Antone Archived 26D3C1F5	68accda779615c05f0bf2049	Archived	4️⃣Delisted☠️
rec0g2rSF7OvPTyze	Evōlver	64cd1061806781d956438366	Active	3️⃣Published🚀
rec0gKGcmp1WhGF04	Thrivewell	6789c8da6659e6b212f26dd4	Active	3️⃣Published🚀
rec0gloXmv6DlIYQv	Horizon Agency	66847c7d3fb1e0c7aef82cc4	Active	3️⃣Published🚀
rec0hUNNfSmF9pTzm	AirVocal	668950014e94703cdb86c62f	Active	3️⃣Published🚀
rec0hrZGevlrcZLzH	Golia Archived 06yyscle	558c9225e20f1f4d31c63d4b	Draft	4️⃣Delisted☠️
rec0iUHCPFaX6T623	Pixels	6455f4631b66b2dfa0ec2f9f	Active	3️⃣Published🚀
rec0iW5Vz60tOA7w5	Barrique 	5f9c250714a2f3f823d8fe64	Active	3️⃣Published🚀
rec0inJsXCqicaan0	Orng Lab	678faebe3c16b0ee42b3ecff	Active	3️⃣Published🚀
rec0jMwYnga1sOXGT	Palazzo	61538ec5595c816b96b1d65a	Active	3️⃣Published🚀
rec0jXIRTs2XkPnV0	Akin	5bcf4ea0e4338a6abdfcda9e	Active	3️⃣Published🚀
rec0k3jT7THSod2jJ	Constructo	628bf6c36076368c8bba92fb	Active	3️⃣Published🚀
rec0kelk8mx6qjHr1	Loom	65145388d393435821834bf2	Active	3️⃣Published🚀
rec0kqJsfOj4sJEQ2	Nichols	681586d3160448f6a084421f	Active	3️⃣Published🚀
rec0kweV4iWpMLo1u	Agency X (DE)	613288fff4424d9224c8506a	Active	3️⃣Published🚀
rec0lUyt2YQsD7Tv9	Texiq	685ac7a8b7caf6ecc0a0adda	Active	3️⃣Published🚀
rec0m4FsUoWPqjHeB	Markflow	60da74de8ae7416e8055a15d	Active	3️⃣Published🚀
rec0mmJKZVUCLJv9t	Morning	665098257eba5e60dde066c9	Active	3️⃣Published🚀
rec0myvRNTq071rUU	Briyva	683497c150b5406f9b690680	Active	3️⃣Published🚀
rec0nOOH6hIItZ2uf	SmartBank	67104e7c9680903b810f68b6	Active	2️⃣Scheduled📅
rec0nao3yvoSXBs7S	FurnishFlow	6735c368c7be2074f08762ac	Active	3️⃣Published🚀
rec0nloOq5QJhgVnI	Wakanda	6639083befef2d922a17302b	Active	3️⃣Published🚀
rec0oL2jRSnACJIOk	Amplus	68911952dbfbdb1f8afd4f06	Active	3️⃣Published🚀
rec0pExD7ZotAcZXK	ArchiNest	677cb4a1c4df7deb5660fee5	Active	3️⃣Published🚀
rec0pIRYhDpM74QnQ	Soluna	659d5f2769c2c052fa65c850	Active	3️⃣Published🚀
rec0pi1f5PkFiHxJi	Aurain	698cdbd7415b3b91ab1ee35f	Active	3️⃣Published🚀
rec0pr1Gv3FwOEHg6	Startflow X	629f57e384cc1a094a51657a	Active	3️⃣Published🚀
rec0q18O0JJGxaRPO	Salzburg	68bb1fdb5c6237400a19bd04	Active	3️⃣Published🚀
rec0q5hX4B1RMMcNu	Salama	6450dfadcfe7992ce8dc2976	Active	3️⃣Published🚀
rec0qRStg1aODWbaK	GreenShine	63474470a39a484a60601f5d	Active	3️⃣Published🚀
rec0qYhK2p4bS0h2Y	Millenium 128	65e8c2bf9b2e9bd2ff542cbf	Active	3️⃣Published🚀
rec0qpqYDmYyEVBFX	Increase	64bfecf6997e329c98b75ca5	Active	3️⃣Published🚀
rec0r93micklM42jv	Fotoshot	6655dc1d750da4bfc8f62303	Active	3️⃣Published🚀
rec0rR39fMa9Mafks	Zohadon	65ee600231eb4ae0c28d675b	Active	3️⃣Published🚀
rec0rfPPH68ntDTZn	Vistal	692c1a608065ea3ac6b8fdd4	Active	3️⃣Published🚀
rec0rhBRw3C5Od79A	Lumis	68a3f4b05c676b671b8548e3	Active	3️⃣Published🚀
rec0sePK5O0UdvsVJ	Product Tour 128	6639079c2a35d6f188b71321	Active	3️⃣Published🚀
rec0sh6etDTDD680R	Optalio	68e5c576ae8ff37394067c09	Active	3️⃣Published🚀
rec0uPMtZTFqUObu4	Auto RepairX TNC	673c9ba17a961c809913b417	Active	3️⃣Published🚀
rec0uftEqLar6hET0	Nerone	5beeff2ff600ba843c297806	Active	3️⃣Published🚀
rec0v12haGqpjnTXw	Fitmor	6779c915c4d0c3a0dc3efb4d	Active	3️⃣Published🚀
rec0v2oN1Xim8kd7H	Sterling Homes	64ef9ba4d8996f0e868328f9	Active	3️⃣Published🚀
rec0vGpNyUDpQWfRX	Creaty Archived e1gfpk0y	6758a5aca96a6690e080bee9	Archived	4️⃣Delisted☠️
rec0vJs7StEvljOnN	Lyra	63bc3b3aaf7018d01bf32451	Active	3️⃣Published🚀
rec0viYYQMdeaPBw5	Webble	682cf0882965ffd13d6c9695	Active	3️⃣Published🚀
rec0x4uybAwfvP5OG	Krust	682cc68f9650bf94ff663064	Active	3️⃣Published🚀
rec0xVG6Rg3uw9hRS	Linkup Archived gl4j595w	648aadcc24d7794b989a18db	Archived	4️⃣Delisted☠️
rec0xeKkF69St8mmV	Feather	631a2d68de5c6f22bf208920	Active	3️⃣Published🚀
rec0yIqrfQ0QbbtwL	StreamFlow	6541d1e2fbcb1d43f417c377	Active	3️⃣Published🚀
rec0yjZN48ktg0fDE	Volvio	684892ca166c8ece5a685f57	Active	3️⃣Published🚀
rec0yt3IG014ArjqZ	Notch	5c2e3e407ac985302357e94d	Active	3️⃣Published🚀
rec0z6PZbvNbXziZV	We're Beast	6823e2443d0be617c84fb6be	Active	3️⃣Published🚀
rec0zCKehNCZw2q5h	Flawless	68435c10431127ce136706d6	Active	3️⃣Published🚀
rec0zHSAq38LvPeik	Jenah	656386f94503332060d38723	Active	3️⃣Published🚀
rec0zPULKSfsiivn8	Kidzly	670b411173f57e3c96e8874a	Active	3️⃣Published🚀
rec114gicYMRGwIhC	Medical Support	65d8ad15bc9435efd7f44fab	Active	3️⃣Published🚀
rec11EEJQf6cSYXSR	Paramount	68ee19fc9056f59defaa7753	Active	3️⃣Published🚀
rec11nql3JiTzpdJF	Engrafa Archived n3chkk96	60932f89987d364e91879c93	Archived	4️⃣Delisted☠️
rec11qx7nIkFcDsDH	Bloky	61e0a8a3432a60e11bf4095c	Active	3️⃣Published🚀
rec121ru9rvcb7u95	Edition	6148c38eec7bde34f488a423	Active	3️⃣Published🚀
rec12C6vMiUWH5JcQ	Valora	6564bc94364bf0643d007a1f	Active	3️⃣Published🚀
rec12RYdyheAO9hht	Landscape 128 Plus	65d4b1dc5e2989cfb7a4de52	Active	3️⃣Published🚀
rec12uMBYEYFYFCgu	Altrion	694eb4256833ca6b2ff7f0f3	Active	3️⃣Published🚀
rec132gwtqFADRtr1	AGENTIX Agency	664242185b1c5093c859854b	Active	3️⃣Published🚀
rec137kqVfkNRs3yH	Agencye	67e34d7effd7a0efcf28ec8f	Active	3️⃣Published🚀
rec13MEQtOHMopqXs	Optix	662f5316e552165199fd5efb	Active	3️⃣Published🚀
rec13ZyUsuqbD5hfC	Trinacria	67d2d46d5546234d2f46661a	Active	3️⃣Published🚀
rec13bvEplpLMqCqv	Vegan X	66341ba1b471d1315639d699	Active	3️⃣Published🚀
rec1586LCI0GZKCFb	Insurbes	65fbbfcdaffa13bb08f330f7	Active	3️⃣Published🚀
rec15K71LGn9jfOJS	Vynix	6930f124dd3c14b95a56b830	Active	3️⃣Published🚀
rec162CWtGnGXluGx	FactorX	66be2819521cb9d98f223762	Active	3️⃣Published🚀
rec16TNMXynGEnWek	StudioAI	667adff77428187de411b270	Active	3️⃣Published🚀
rec178lfweSKsHsLQ	1Frame	54639d4e9d93a2990f0bf29f	Active	3️⃣Published🚀
rec17JpjFOR4nhYgx	Inotion	6888643826de8ae46143a542	Active	3️⃣Published🚀
rec17b9eUt3OSrBtq	Money Flow	63b04cd785d8d8785d2a5801	Active	3️⃣Published🚀
rec17wpRnwt5yBoP2	Kanzo Studio	693c6284a15a1ab70ae01fd9	Active	3️⃣Published🚀
rec18VdpKVIK4A7sU	Flarestudio	694ece71d5d9e96efbdd573e	Active	3️⃣Published🚀
rec18m9CeKp5uoI5s	Xavier	6552814fc8072e329557f854	Active	3️⃣Published🚀
rec18x7v17Am0vsXQ	Miki’s Art	685706c863422357e16fd953	Active	3️⃣Published🚀
rec19ZUiUCd4CwRdt	Bobby Archived j4n2o3s6	649b1327c5ceeacc174935c1	Archived	4️⃣Delisted☠️
rec19n8NDWQpDhRVq	Heartearth	65c45b99e67f3562ff7ebf7d	Active	3️⃣Published🚀
rec1A8sBHQEcVvTdD	Gaxta	68adf40379615c05f0c3ee5d	Active	3️⃣Published🚀
rec1AFe5rdlkHJtXU	Jonquil	62030bac41cceb61ebb97406	Archived	4️⃣Delisted☠️
rec1AkSbJjVpmAFSl	Unx.studio	680ef0670655d5bb16856325	Active	3️⃣Published🚀
rec1BaCVWDutw8x2D	Steele 128	66d0a924d209b9aac9fb77e3	Active	3️⃣Published🚀
rec1CEguBpBMS9uQA	Nutroco	67196d598559dfcc5885dc19	Active	3️⃣Published🚀
rec1DAABlVCBtJ34X	ZoneFlow	672ad17f8077d2fe2721aa9a	Active	3️⃣Published🚀
rec1DQDlIeLTIo5m9	Jaeger	68ecffb457e531396af970ba	Active	3️⃣Published🚀
rec1DUbSNqNBKivZ1	Spring	62a934ddadf8792f2f4af7d9	Active	3️⃣Published🚀
rec1DgZGcxGUvSJAc	Melyn	68e4ec28a728a0622cc9cbf3	Active	3️⃣Published🚀
rec1DxqHSWBQ4T5pd	Paramas	6446bd90c5f1d546073c947c	Active	3️⃣Published🚀
rec1E0EaXSiH4XX8D	Venture Archived 6qqmcfi3	606b38655dfd4674e7ef16c6	Draft	4️⃣Delisted☠️
rec1EMTvNommSKZfh	Konstruk	64e8b5f1431f87034e31153a	Active	3️⃣Published🚀
rec1Fn72sY5pchwSV	Eloven	67366e6ae1565d73e8ffe5d4	Active	3️⃣Published🚀
rec1G5nL0m4Y92Uk8	Skinly Archived a80lbqzz	6700619d4bcd193764ed48a1	Archived	4️⃣Delisted☠️
rec1GXkI0qGVteYaA	EditorPro	674b8bdd0e97f5a779d0de4c	Active	3️⃣Published🚀
rec1HFJxfd5CSv6Ut	Honrix	65cb712aa480b55adce3a63e	Active	3️⃣Published🚀
rec1HOLwURngMgRpU	NoBookingYet	61d4c982ece8f9b6381c7e3f	Active	3️⃣Published🚀
rec1HVLWsEPBZXQiN	Read More Archived izgepjqo	624f04a8f32e30501c302069	Archived	4️⃣Delisted☠️
rec1Hvo3TAiryunAE	Xtreme	5cf7f46fdf6b32d59d62ffd2	Active	3️⃣Published🚀
rec1I4BT0V8Pl49ia	Somers	6847c51b4df6ac89ac5727b8	Active	3️⃣Published🚀
rec1I6bvXndYwSgPb	Victory	5a0c9e4578c97700015f0bb6	Active	3️⃣Published🚀
rec1JG0eOGRcYxEZk	Veetra	6835dc6e5a3bb6cc8be94b1b	Active	3️⃣Published🚀
rec1Jf7gdo6Mug81k	Frontier	5ef5263e5ee35841455abab1	Active	3️⃣Published🚀
rec1K3fN38NzX00YV	Omgami	693c3b461754ba13a0e42a6f	Active	3️⃣Published🚀
rec1K6y6DYGxWOvOt	Calson Archived ns6riy65	679410da7fda535cf7910ffa	Archived	4️⃣Delisted☠️
rec1KYcnINmyN4sWx	Blogsville	62461283aea79b4e9fa3e61e	Active	3️⃣Published🚀
rec1L4TySkkW36GEs	Sushiba	68ffa3faf4707c5bcda6b985	Active	3️⃣Published🚀
rec1LneW5NfpEYx6F	Dave Smith 	6453e2bd6e65bcdfc3731b0a	Active	3️⃣Published🚀
rec1M539iG1qGlLKZ	Fluxora	683cc03fc3930e093b124264	Active	2️⃣Scheduled📅
rec1Mf8PCUA0Fky1N	Devix	693ccd647934b1c96f00266c	Active	3️⃣Published🚀
rec1MfrpBlOnE8Avc	PortfolyoX	6568dd823b891528b7f20ebc	Active	3️⃣Published🚀
rec1NHyuWvsW8MPxZ	Vaulta	698b5474cdb1148d180bed74	Active	3️⃣Published🚀
rec1Nlp3kBcnVqEqn	Tarnix	67986e27ac96549d0cc99789	Active	3️⃣Published🚀
rec1O2LC520GK9eFa	Coinvest 128	657a324cc035c851f1fd9e96	Active	3️⃣Published🚀
rec1Ofc06UTw3s2ZT	Babyo	64ee0077c6e9f2e496123a22	Active	3️⃣Published🚀
rec1Oyu0lvofwCQoE	IgniteX	68e6b22ad051055c91f40a30	Active	3️⃣Published🚀
rec1PClQtKWA9deQs	Corporation X	6330e156d726c7e057d5b00e	Active	3️⃣Published🚀
rec1Q5c7eF8FGV6QY	Pawhaven	6785b613541c45280da9b84e	Active	3️⃣Published🚀
rec1Q8594rci5iKV1	Sonata	671777db356e5c8c6cb23fc9	Active	3️⃣Published🚀
rec1QJGEeA6InTqTW	Cruze	6863edcea4a9e467af45b971	Active	3️⃣Published🚀
rec1QqFPmTioLczH9	Tancer	63d131dedb97b9a07112a951	Active	3️⃣Published🚀
rec1QwiCabjEzzJZz	Web Folio	61a4bec6fec97f51caae4c29	Active	3️⃣Published🚀
rec1QzLbuSVymVrnu	Ukr	63b9dbf53d3d7ab40a5198ac	Active	3️⃣Published🚀
rec1R7ea9xBaYkHJj	NFT Crystals	668483314c40082772df5a6b	Active	3️⃣Published🚀
rec1RHOx5lydtJrVg	Ampul	6879c34dc9ea5589d8cbe005	Active	3️⃣Published🚀
rec1SS1ZcPxcZsZgL	Nexofy.	686d969307bf9206239f9e37	Active	3️⃣Published🚀
rec1TQKxDcapzLRXc	Vibely	67fc8900d3ee9b1a6f26a3f8	Active	3️⃣Published🚀
rec1Tld5A4sripN6e	LittleChamp	67c5d8de0bde90726c5f559b	Active	3️⃣Published🚀
rec1U3v41H1U77ozB	Ventra	61659ceb5bd48523b72d9d42	Active	3️⃣Published🚀
rec1V7JJi5NHDLeaV	Obitro	68e3d3c176f95ed0d7132871	Active	3️⃣Published🚀
rec1VZxEBgfKodRw9	Oxigan	69120af169151ea37bd4b9db	Active	3️⃣Published🚀
rec1VqUf0t9kVZRTI	Graphicfolio X	6386d893497f3b88e67ae351	Active	3️⃣Published🚀
rec1W6KkdmELtUpkw	Verve	64fb5fcfea41c752a4d2aef2	Active	3️⃣Published🚀
rec1WSVwQB9Bsp5tD	Fuzion Archived c0v75s8n	65b2de7d4c3c2332e7059daa	Archived	4️⃣Delisted☠️
rec1WUniam30bmMP4	HouseMarket	686d62bb4ce63af36f293638	Active	3️⃣Published🚀
rec1WimSgEiAbF92X	Concept Lab	63d92c3a1e7899f51da62fbb	Active	3️⃣Published🚀
rec1WwLezvFzAItKg	Simple	596d2735f8f0c567fb359ce1	Active	3️⃣Published🚀
rec1XEnwftLcJnz4S	SaaSlab	6749ca977d60a10a4716b539	Active	3️⃣Published🚀
rec1XRfY3dUTCYQKh	Avexa	68890a12a26fe0498d311447	Active	3️⃣Published🚀
rec1Y8TeFfgknPxqT	Supify	67d3497f9be18bb379c6b2c6	Active	3️⃣Published🚀
rec1YOaQAY0kopz7P	Enhance. Archived e8ukuluo	66d9aa437249875d5ffdf92f	Archived	4️⃣Delisted☠️
rec1ZC290zuDEKT4y	Cargo+	69487bdcfb9dfcbb7e6e5d4d	Active	3️⃣Published🚀
rec1ZKhBziNeEvNpx	Adency	652068f0fee53d05890418ef	Active	3️⃣Published🚀
rec1ZedKCDbWdpFkH	Marketinx	652811627d98ec7113e4c831	Active	3️⃣Published🚀
rec1ZxhEsWU7N3lUY	Sasninja	655f8aa1f93d075463329f21	Active	3️⃣Published🚀
rec1aWLp4ECXCOjIE	PortfolioStudios	6785eff59fa92514f168b760	Active	3️⃣Published🚀
rec1aae2EwlYq32JX	Zaitical	6578e81f970fed544d985070	Active	3️⃣Published🚀
rec1bblpcSo5KGeQU	Duxu Agency	66293f6b9ec0aae5d1863366	Active	3️⃣Published🚀
rec1btSypckLSQZ5j	Showly	6990d3a83d89896548aeb801	Active	2️⃣Scheduled📅
rec1c80vakSJZckho	Kasper	661ccc7f8475bd0a86177e24	Active	3️⃣Published🚀
rec1cZfpSKozI7XpH	Axiom	660c016a65162d1c69e46ed7	Active	3️⃣Published🚀
rec1d0SsoA8rwEQfC	Divine	64856043e99be775625dedd7	Active	3️⃣Published🚀
rec1dLvjsfaZjKQhK	FitFlow	67763fa72bc80405d0a61bf0	Active	3️⃣Published🚀
rec1dMzpxaDICMQa3	Split	65ddf7e526f8578bca7d61de	Active	3️⃣Published🚀
rec1eArUgYpEsapNA	Kindtail	67a950b57ea20dba516aecf2	Active	3️⃣Published🚀
rec1eYjAkQl2dfqhi	Lilstep	697315ac6de2c905180becf2	Active	3️⃣Published🚀
rec1fCD6JyKnPNT2B	Car Dealership 128	64493a0fd048da7fa724792c	Active	3️⃣Published🚀
rec1fdZ6k01viu5GM	Aloha	60ca916d7163a146d0ce7841	Active	3️⃣Published🚀
rec1fvVGpRQXprXWt	Edinburgh	63ceb48740bbf86d30ff93cf	Active	3️⃣Published🚀
rec1gTO9z5Av1lBhY	Roblex	669987ead15494478cedfdac	Active	3️⃣Published🚀
rec1gbGDtNmE5obWr	Caffeine X	63b9e448cfc084b45861bb6f	Active	3️⃣Published🚀
rec1gjiWC0bHFSh1Y	Odeo	63d6e38104687921cf9c2937	Active	3️⃣Published🚀
rec1gx92ao3cSiVmi	Pearl	64da4507308913f8ee4eadd4	Active	3️⃣Published🚀
rec1gxHviWxlwXlhH	Zaisync	667efb940e8d92b900cf7601	Active	3️⃣Published🚀
rec1hCCGtQC364Aqa	TinyPath	65bd559312254124b7a2d091	Active	3️⃣Published🚀
rec1hmaT0sBtqm0c3	Jobs	5f08e142c6636cbc5b743dba	Active	3️⃣Published🚀
rec1iXcwd12rh6CfG	HEPITEX	682e51244fa7d9f778cbe6d7	Active	3️⃣Published🚀
rec1idX0FEGCxkMWE	Saasteck	669e9afa6ea26a933250ce1e	Active	3️⃣Published🚀
rec1ijaizVm2WNpxm	Therapia	6610497aaae5b79d963b2c67	Active	3️⃣Published🚀
rec1kMICHslAbedus	Travor	6406257d7b5c6626cb7039d9	Active	3️⃣Published🚀
rec1kQosKMQ8ijubE	NexusStream	677edb414321e3a801772ff0	Active	3️⃣Published🚀
rec1kWdOiozd4CyQY	Seoul	6441434f7b9bca55180c1cf0	Active	3️⃣Published🚀
rec1l69i2RARkHmRq	Sasky Archived t9hfb1u1	63b9e13da5f15fc8d8681961	Archived	4️⃣Delisted☠️
rec1lPZ7tBR5AcdGk	Niche	659703d7a1eb28dbcd8d21ce		3️⃣Published🚀
rec1lQsSTS3J4MTz7	Halmut	65b807a0e08b5c025429bc38	Active	3️⃣Published🚀
rec1lbIodJVG8LRCZ	Zylyf	6666f259989e70633b7a0a48	Active	3️⃣Published🚀
rec1mIGNv4p05Fv4T	Pet Grooming	670c4c99fb2237fb4f38d748	Active	3️⃣Published🚀
rec1mOdJMYW8Rixra	Loxpace	682bbd59d47825039e2967c1	Active	3️⃣Published🚀
rec1mdrkcsLPN8rrK	Code	60302c60f3cb2f3def7fbaf6	Active	3️⃣Published🚀
rec1mySgvSZYC4xmC	Concrete	61a13af3eeb118d2f2df9666	Active	3️⃣Published🚀
rec1nVfWEfvdcoC2V	SparkWise	67610ab66a8a60e7ecd3a401	Active	3️⃣Published🚀
rec1nXgC0dpjnjjzQ	NFT Zone	6697d57abccbfda8a8cd1c88	Active	3️⃣Published🚀
rec1oHD23ToZbjENG	Kenter	6733466f7ca322ef13468f49	Active	3️⃣Published🚀
rec1oHyDw2XiPlTwt	Hisaab	644f8835b9f2362e7e9024cc	Active	3️⃣Published🚀
rec1p0dF9izTsvR18	Dennis.C	67fc0bd22fc5651581a2526c	Active	3️⃣Published🚀
rec1pTh5NnJSDM2L5	Aaing	6584afa86e3eb3737dce4683	Active	3️⃣Published🚀
rec1pb89prEQyszCg	Zohgeni	686e0db2f8990d1f2619965d	Active	3️⃣Published🚀
rec1pcUiOTthsA9mI	MarketFolio	67fd86f504755a60d622f3d1	Active	3️⃣Published🚀
rec1q6TMyeE85BRmg	TheShop	660867231447875e74df6bcc	Active	3️⃣Published🚀
rec1qA6VYmfVdFmHX	Tonle	615cab292ffbced579968d94	Active	3️⃣Published🚀
rec1qADkSE0LydYiR	DataPulse	64fdf888ec4645b5bd0654d7	Active	3️⃣Published🚀
rec1qFK5WlHldPQql	Fenix	5c9a2cec6315c6a6f3aea7f8	Active	3️⃣Published🚀
rec1qYpy3U3ajj6cP	Wanderlust	657ca25d163344232dcecfbb		3️⃣Published🚀
rec1qdm2zYEbijH9Z	Catalis	693b552b709eca0e1f9ddfe7	Active	3️⃣Published🚀
rec1qoBymUTnYz2SS	Zailangu	664f65632ca080de6239b385	Active	3️⃣Published🚀
rec1qoFfpGDNbCrxi	cleaningZ	666ccf59b532af19d5844ef0	Active	3️⃣Published🚀
rec1qsrwszN8gC4xl	Oranzon	664cb08e03b0377cd6b0faf6	Active	3️⃣Published🚀
rec1rFlq0CfXzCRFF	Flagship	67a195f54376cab9fe0c891b	Active	3️⃣Published🚀
rec1rfEqsp2T7HXYh	Interio	64d3cdf05c2006c1755cf0df	Active	3️⃣Published🚀
rec1rrBOlHTAszJQ6	Assetco	64a445dc755e9a3ab1744d41	Active	3️⃣Published🚀
rec1s6ivXr2rXRMxk	Penelope	65fcffc61eaf5ffad2f8de73	Active	3️⃣Published🚀
rec1s95m9X9lf6mup	EVER/DREAM	6756fd86ed762d143d36ec96	Active	3️⃣Published🚀
rec1tkmNNRtWEp4uM	Binanas	630e3e6ad9fd0405c33b096d	Active	3️⃣Published🚀
rec1uEJ83wOD1FKgX	Sigma	5e6acc59d08b1282dd8aef37	Active	3️⃣Published🚀
rec1uR0UZXIjvWpPL	Nextron	6605ec3c4837d0a5ffceeae0	Active	3️⃣Published🚀
rec1vPz17bBebNH1H	Victor Noir	66e8af4dc89a30429dbcff3b	Active	3️⃣Published🚀
rec1wD4SN3DWMFhId	Subscription X	6660c187c19b6fce5dd2103d	Active	3️⃣Published🚀
rec1wb5BrF1YtNRPl	NutriCore	6798e24a7386ed3fe3af954d	Active	3️⃣Published🚀
rec1wcOlEDGGa8IdN	Congra	69181a6c5197588ac7567e0e	Active	3️⃣Published🚀
rec1xGsxvDWsthTUK	Lunaria Studio	668954cc02fdd121eafe76af	Active	3️⃣Published🚀
rec1y6mBL60cdnWT7	Webinarly	676e011ee24e1bfe9d07e3a7	Active	3️⃣Published🚀
rec1yAVIFTcgmiyyz	Inspired Studio	645a76388d87fd8d04ddf1fa	Active	3️⃣Published🚀
rec1yRcRjWmJQfRzk	Orbix	672241a8dfd61e498a7aad6f	Active	3️⃣Published🚀
rec1yRxBHoVcXYaw0	Blue-print	65714115124c520273dd6f5d	Active	3️⃣Published🚀
rec1yciBV5kuHIs3x	Mariana99	68d169a83e2ee32c842637ac	Active	3️⃣Published🚀
rec1yczlwgY7LPDLg	JetLab	65b956ce5421d92715254c72	Active	3️⃣Published🚀
rec1ydBDkS2QO0rIp	Mirall	6868208f933c17ba715c5af4	Active	3️⃣Published🚀
rec1ypRvlMYHrUJIr	Miros	679fc9f5e9f022767fb27f0a	Active	3️⃣Published🚀
rec1zc8X75espwjkY	Vyltrix	67da33343d48a773610abee8	Active	3️⃣Published🚀
rec20BxI6he8QljYN	Kentucky	66b809a16c669c1df9742f32	Active	3️⃣Published🚀
rec229ULzMpKhQ9S5	Outraze	68ecb214785cae344637cf90	Active	3️⃣Published🚀
rec22YSMo6MtujiCc	Movement	593595f1d0ed9f25a461ac59	Active	3️⃣Published🚀
rec22lL8YM7xdtk2Z	Legal	649337c8d87593d6576077f8	Active	3️⃣Published🚀
rec23oL2yF9zNIBMR	Fuji	666695a8101161cdf7e92062	Active	3️⃣Published🚀
rec24XN6WB394x7zI	Natale	69161cfd80c7100e256d4775	Active	3️⃣Published🚀
rec24hkWoD7SVCaFq	Visionary DB	64908fba5c2bb7c5b742cc81	Active	3️⃣Published🚀
rec24zkGgp0q90KDj	Semssy	69404d770c0a22364e1279fe	Active	3️⃣Published🚀
rec2528gBvfjUZtOH	Abstrakt 128	63b60e71c9c57dba1c5d1c02	Active	3️⃣Published🚀
rec25SNa62YRDP1Nu	Orion Construction	668f2786a8ba29bcf0d9dfca	Active	3️⃣Published🚀
rec26FBuyx4EIndKU	Adlivo	692c17e04583cdce555f1cd5	Active	3️⃣Published🚀
rec26FjVbQm8PziZY	WeGeek	65554332791ec8728c413767	Active	3️⃣Published🚀
rec26HgvFNhXnP7rX	FormaFabrika	66f84ccff4ec4031862b09bd	Active	3️⃣Published🚀
rec26TEnf1F9jfdWP	Epitome	64d25a1eafc93b603249205f	Active	3️⃣Published🚀
rec274chIiAvpb6H4	Firenze	654b9f2204230c20c61b1c3d	Active	3️⃣Published🚀
rec27Y9DoZEgI60wB	Techstar X	63e11e70f7990910d6e2a743	Active	3️⃣Published🚀
rec27fwsISxnY4rWZ	Boomerang	64663568b9c99c3ade02c2a1	Active	3️⃣Published🚀
rec27rFCtxLI1slU9	Aline Archived d5wudk26	66a3c3c9b47ec73deac9bd55	Archived	4️⃣Delisted☠️
rec28sRXBWLkB8DPC	Logistic	653b3221299ab4a1131a6c24	Active	3️⃣Published🚀
rec295DCP7nv2aXJD	Midnight Academy	6434f977fa4540b12f1e1b0b	Active	3️⃣Published🚀
rec29DQehacuUVOB4	Aaxon	68b1d46c92e93ce51fccf92b	Active	3️⃣Published🚀
rec29XKgQsvQZSYE9	Palestrina	689af6e04890344f808c84a7	Active	3️⃣Published🚀
rec29enklmgB6ktOG	Carso	65f8ee1bc7cfd863aefc36f2	Active	3️⃣Published🚀
rec29g46tP8F3ijLD	Intorio	681543805420cddf3b38e1ad	Active	3️⃣Published🚀
rec2ARoiB780n4RGp	Monreal	64383ca50533fb9c7fc2cd64	Active	3️⃣Published🚀
rec2AVhq8spCF3iYs	MNC	6958a67f885c0ee92f72e115	Active	3️⃣Published🚀
rec2AgLPwUmxdxK28	Lexa	6453f3db5ae361519b64671f	Active	3️⃣Published🚀
rec2AtNtrvSQXA1p2	BoozlyAI	673f614780ec8ce687b8ac25	Active	3️⃣Published🚀
rec2AuEt2jsWlzvF4	Dovefry	673cf549c44730279529641c	Active	3️⃣Published🚀
rec2BlVEzbsPIFWZB	Poli	64133d35f91a1a56977c2ae6	Active	3️⃣Published🚀
rec2BmKsQCGu6WHiJ	Amplifia	689e88c611637360072a1c0b	Active	3️⃣Published🚀
rec2BoIGuQ5Sqb9kx	Zailotion	65836d39b5350b56c33cabae		3️⃣Published🚀
rec2BqYH1BWMMZVH3	Artique	66d81ab74bcceee21285b5de	Active	3️⃣Published🚀
rec2CtHaSJK6AJvEt	Bayan	5f6aeb4dc6eb9712b9be979c	Active	3️⃣Published🚀
rec2DKZyHfIy02HlC	Watches	5cc0b35d5825767a245321a4	Active	3️⃣Published🚀
rec2DPUJsxPVkKkou	AGENSOAR Agency	6647adfca3310eb98bd230a2	Active	3️⃣Published🚀
rec2DQsicZce2W4VR	Hyperion	60480e060937f13527ad5ec7	Active	3️⃣Published🚀
rec2DjCUL0MMUnXGX	Devdocs X	657b1f6f9ecee31775807038	Active	3️⃣Published🚀
rec2E1LXbDnpjaOh9	Avast	5ddef56747b78cdaa6fe1e5f	Active	3️⃣Published🚀
rec2ER184E4S3aOaO	Makit	67ddc43c7f14087ffe339f5e	Active	3️⃣Published🚀
rec2EclTDbNsGFB1F	AutoLoan TNC	67210b83c8d750cabbeca9a8	Active	3️⃣Published🚀
rec2F9fRMCMo0AE8P	Miclo	6929dbfcf7bd1126a98f475e	Active	3️⃣Published🚀
rec2GLNN1hY1MJXoF	Voxure	6750bb27b11e7e23a1961308	Active	3️⃣Published🚀
rec2GPaRgjcXbyzW4	Saamurai	62a942525bdf9de9cef49ecd	Active	3️⃣Published🚀
rec2GiUNqynPo8apL	AirGlideX	6709fa7450d8c8395ece15f0	Active	3️⃣Published🚀
rec2GmDixishkLaoF	Roslyn	662695102bf4618d3cf3fca2	Active	3️⃣Published🚀
rec2HXlhIOCw7IxgR	Bloggger	669ebe945859fc339086d9b9	Active	3️⃣Published🚀
rec2IQdpsZXeYJohC	Monvit	687dd97fb7a61fed552c0e9e	Active	3️⃣Published🚀
rec2ISCpPdqYg7BrM	Hamilton	657a35f505e552f81995bf1a	Active	3️⃣Published🚀
rec2J7rtEWrmMnDlt	AGENCITY	65f96c5ae99ed3627f0ff965	Active	3️⃣Published🚀
rec2JglsoG4KqeHwC	Inclusion	6570f8c288651816811f4cc0	Active	3️⃣Published🚀
rec2JhJZcOtq9eEym	Elysian Tennis	674a79d98357cd742eb9010e	Active	3️⃣Published🚀
rec2Jit3WAE6dxa3e	Ylva	642894245fbce25bcb556df2	Active	3️⃣Published🚀
rec2K67VYSw4ZcRwf	Sølve	631539f977fe7ee8263c6188	Active	3️⃣Published🚀
rec2K7rXYOSssQf5f	Paulfolio	6561266e39802fe6b676db22	Active	3️⃣Published🚀
rec2KcnTB4dCkUDVi	GoClean 128	66ce0a3d526ae7db74f463b0	Active	3️⃣Published🚀
rec2KkoKcyrNKplrs	Architera	674df57358ee950417372485	Active	3️⃣Published🚀
rec2KoX8DdLTwAYRA	Clicker	64133e1272f13c784e0742ee	Active	3️⃣Published🚀
rec2KuTDO0qhr6yLE	Dizilab	65846fccfe2c7d9980d69da4		3️⃣Published🚀
rec2LEIJLBGqAKXog	Mostd Archived m1vcj3nt	6785e81990071cb9fade2236	Archived	4️⃣Delisted☠️
rec2MP5UpMCXOM27k	Dixine	684cdbe9fd47156963dd62d8	Active	3️⃣Published🚀
rec2MQtdlhY4BnLRF	Zaiblock	638a2b4d2a790c33ef814bc0	Active	3️⃣Published🚀
rec2NTTM1MtirW5Sc	Architekta	66d589a9ccefc51b369bdfb4	Active	3️⃣Published🚀
rec2NTrE8Xba5WZmp	HireSphere	67586e61be0dd4180e0b6571	Active	3️⃣Published🚀
rec2NkouxeyI5BLzN	Arfito	66e392995596f41580f0d00f	Active	3️⃣Published🚀
rec2OIjEl6BdjEuEh	Notify	669ebe2a1b87497946afcd36	Active	3️⃣Published🚀
rec2OOtJTJo6unzfJ	Crocus	64d29554c6e45fd737f8d7c2	Active	3️⃣Published🚀
rec2OcyoNSODtq6BO	BlueOne	63a202384579f60b5e3cc80f	Active	3️⃣Published🚀
rec2P1TEakjy01XEC	RetailFlow	65a1ad1de23ca57380803400		3️⃣Published🚀
rec2P32EDYTcJlQQQ	Marriage	57b374c05e0c1f1a72bc173b	Active	3️⃣Published🚀
rec2P4sv37926yydN	Frontend	67ddb11de0e61c0dd6b5ac52	Active	3️⃣Published🚀
rec2PJwFIL890iiPo	Metric	5fadda75e7a0ce0b2e00ebf3	Active	3️⃣Published🚀
rec2PkJgQ8QCF1weJ	Fenora	68d35a25e0af6c4f8aaab8f1	Active	3️⃣Published🚀
rec2QA1VgRLvcDYU0	Sophia	63402ef9e02cc97f6d089f4a	Active	3️⃣Published🚀
rec2QJBqp6G43eer9	Tokko	696d9e6f3a456c0cca2c145c	Active	3️⃣Published🚀
rec2QME7cEySdNPZf	Foliofy	681004596190b7adb3ceb0ef	Active	3️⃣Published🚀
rec2QPOmOdYfZ9cBm	Protex	693285be6635c2a7cdb4e0cc	Active	3️⃣Published🚀
rec2R9JtjIWzd3E1e	NexAgent	6921fc9cf2b95bd6af3f19fc	Active	3️⃣Published🚀
rec2RVr1fmnFCyj0H	Zaisure	664f65ed382f06744806773e	Active	3️⃣Published🚀
rec2RivGuN4nnlU9w	Ondex	67f93437f99fdcd3b24862ae	Active	3️⃣Published🚀
rec2RnmIfh5bO2wiU	Chomp	5e865e9a609dbcbd6b22a9b1	Active	3️⃣Published🚀
rec2Rpy0MCiD8ZiGJ	Harriet	66902cced8350f5d9c481583	Active	3️⃣Published🚀
rec2S0zNcXeiIKW3L	Panels (FR)	61329c3e10ceeb200b970322	Active	3️⃣Published🚀
rec2SRO7OjJInSsUy	Jesse	6470b3a92bb3cf81eee4ff6e	Active	3️⃣Published🚀
rec2T1wwN9ITWDKA7	CRTFY Studio Archived i8f1g13t	65c4c720776060a0fff6ca6e	Archived	4️⃣Delisted☠️
rec2T9ovY4rywi247	Heavent	65e7ce7fa776fbb44bbc4805	Active	3️⃣Published🚀
rec2Tbn95B7TJrftN	Pūlse X	66903206b2ff4efb75cd4fc6	Active	3️⃣Published🚀
rec2Tpwx2YIrDWSaS	Rowan	66c48c035da31183bb853ed8	Active	3️⃣Published🚀
rec2UCx96bjkbtNzc	Digigrowth	68accf3c79615c05f0bf22ce	Active	3️⃣Published🚀
rec2URm6Kw7yrEzrG	Sendix	67d1013f92b7b1ac4b843e87	Active	3️⃣Published🚀
rec2VKRZlge08qKYj	Dominic Studio	68f1d0fa0d0ef10771df080e	Active	3️⃣Published🚀
rec2VXCHOyRpGCXiw	Furino	699cad41093f04b1e2f5f47d	Active	3️⃣Published🚀
rec2W30YoXpNlUA9f	Digitologys	6728983e9609eb13e5459ff2	Active	3️⃣Published🚀
rec2WQAFIRk7b1cPx	Geniuz	679181f669469bceda69f825	Active	3️⃣Published🚀
rec2X7FmgkCUDnRvx	Beard X	63b8685a32e4501e3a85b477	Active	3️⃣Published🚀
rec2XPSu5UOmRleQH	Yogabes	6703522f7fc09cdae8356eef	Active	3️⃣Published🚀
rec2Y1q9jigxKPJkW	COMPANY	66ceb02937aac5ec3dbb6c3d	Active	3️⃣Published🚀
rec2YAEikRQWbuvnW	Localos	5db999abb7d47445d78b197a	Active	3️⃣Published🚀
rec2Ym2gQXHo81CIl	Loogan	67bc9735bb43386b4c7ccc1e	Active	3️⃣Published🚀
rec2YnOesbAYiGSOt	Sasoft	6687428a94eef07eda464afa	Active	3️⃣Published🚀
rec2Ynvdi5mWGNvOA	Ancestra	691bf23f3c2eb778e2a6136c	Active	3️⃣Published🚀
rec2YwRtxFi4M95ds	Nodes	65d4b2781cba4e71cb82a0d4	Active	3️⃣Published🚀
rec2ZdQROsnLSiqTh	Promofy	67b40c8d051672e75d7129cf	Active	3️⃣Published🚀
rec2Zh1khgsSDWFN7	GymZone CMS	66e0b9547553d88212590836	Active	3️⃣Published🚀
rec2ZiwMR8iAplFfK	Altero	691c9c2b3088cefff0d7a3de	Active	3️⃣Published🚀
rec2ZmursDeb3Pt6p	Zevu	68fbd8f568ffb979e317d99c	Active	3️⃣Published🚀
rec2Znurb9REQfPA9	Greener Future 128	6696a25a6de317f059bc0135	Active	3️⃣Published🚀
rec2ZtRPd3qr2V6cV	Zaift	6793e7da068b872cf1b2e1a0	Active	3️⃣Published🚀
rec2ZyNCnXXo9dAH5	FormWise	6900f322cee1904d7c21d87f	Active	3️⃣Published🚀
rec2a6evff1FOyUSX	Click	65712f7fba8dbba6ad29fdde	Active	3️⃣Published🚀
rec2aGHLxybB3iInn	DentalCare X	65833a0115955abf26ac542b	Active	3️⃣Published🚀
rec2aIireyMmoMuLw	Grilla	5ecd9aba9cacddd68913fdb9	Active	3️⃣Published🚀
rec2aJhXZ4PRTzcYM	Lunes	665f3cc1d3da277f7ef9b904	Active	3️⃣Published🚀
rec2aJn2xjo7Ik8mF	Swiftcore	645a75e1f4ec5c6cdd308c48	Active	3️⃣Published🚀
rec2at50MFNfACA0E	Ophelia	607785848e7f6f5975bf5b5b	Active	3️⃣Published🚀
rec2bBnK1eaz8UTLm	Surely	6089ce84c8a13b5e32a07ba5	Active	3️⃣Published🚀
rec2bOS1hxWVArR1R	AGENCFIRE Agency	663b4b2862d6d354c707e02d	Active	3️⃣Published🚀
rec2bPn2nH0XYBg6X	Lasker	63c4a74aa18db717121253dc	Active	3️⃣Published🚀
rec2bVcbC3hXozizU	Dimora	60e78676a16e9e8b6a624659	Active	3️⃣Published🚀
rec2cQHIWHDVqs3a3	Cloudrise Archived grto2mp7	679e8158312e2c69f2f4de0f	Archived	4️⃣Delisted☠️
rec2cenJioxJVz3XJ	digiiflow	664373e1713d3951a1031fdd	Active	3️⃣Published🚀
rec2clEuTCsgLVjI2	Consult AI	65e0de127bb82e015dd6a42e	Active	3️⃣Published🚀
rec2csi0a9hWauGT6	Max Pratt	6446bcddff243fd8af74036b	Active	3️⃣Published🚀
rec2d1xcJXUAaKml5	Taskz	650b1b1dc44f67d1aa38f5d6	Active	3️⃣Published🚀
rec2dUBRg9S9objGH	Ramon.G	6953f1343d0dc70ed438a16f	Active	3️⃣Published🚀
rec2dy045JrWTfWP3	FRANCO	677aea73eb367078c9e80eab	Active	3️⃣Published🚀
rec2eDWkehaB5ajex	Coonsult	6754baca41bf01d50c60901f	Active	3️⃣Published🚀
rec2eIT3OGAwfHTVz	Delia	60da77965c47d03cd679a96e	Active	3️⃣Published🚀
rec2ePIRrn9aP0th8	Taskz Plus	657b32ce2b6ad8413a3ad062	Active	3️⃣Published🚀
rec2ekITy32LrO8iR	Loaner	675b1705fd4ef77936402745	Active	3️⃣Published🚀
rec2fY6Gs6pRgSrGs	Grutta	6647e84d4d080cacb9f77148	Active	3️⃣Published🚀
rec2g6B8blFLuwAaD	Artlytical	6616d382176daf61140f1b27	Active	3️⃣Published🚀
rec2g86BHVP2Ks2wr	Coursify	6319f0cc1f4dcd3a0602e5d1	Active	3️⃣Published🚀
rec2gUfW2mexmxtci	Cloud.lab	688a984f3e30687047dfb9a1	Active	3️⃣Published🚀
rec2gaNSMcteVPCXE	Larsson	64c95acf8336b9576041504b	Active	3️⃣Published🚀
rec2grMW3pZ4iDUQ5	Vessa	67ca3d7fa11b54aba7e1c772	Active	3️⃣Published🚀
rec2hLImVYfBM9cg2	Dusk	65fdb3707b1aa00a954be496	Active	3️⃣Published🚀
rec2hknpCPmmTxgIH	Sasify	645526727a9bfb07495913eb	Active	3️⃣Published🚀
rec2hzRD4mjVBmE2g	VolioFlow	6859fe776e9508af0bd6b087	Active	3️⃣Published🚀
rec2i3fOZWNbLPs08	Fynzo	67da01bc64848d95ef810a79	Active	3️⃣Published🚀
rec2i5ULt9WVQafJz	Zairip	6749cefb9779113251f518f4	Active	3️⃣Published🚀
rec2ijE4v1thGYaYn	Brillix	68647d7d13b3cfb8b5d82d23	Active	3️⃣Published🚀
rec2jX2K1M9SGry9B	StartAI	649342fc9cdfd998aeeb6cd3	Active	3️⃣Published🚀
rec2k413w06GDOUnj	Notefye	67be95d290b563e665fef370	Active	3️⃣Published🚀
rec2kFKrNhIG3SztK	Arvynix	697155be284af6a2b4f51860	Active	3️⃣Published🚀
rec2kjsrXOc6Fk9vv	Bloomava	688d245670bf5a6535c23692	Active	3️⃣Published🚀
rec2kxY6O8zh97LZf	Soniry	677ae9043fe327fe50923404	Active	3️⃣Published🚀
rec2lxPMvZrwYBIo5	Fachwerk	655f8f86d630a63820103954	Active	3️⃣Published🚀
rec2mIPNdrSHAGQzR	Equinox	66055e7a3f6c84fdff69d410	Active	3️⃣Published🚀
rec2mc8HnZqDYrC3h	Harvey Oliver	66f3ee8da1df0cccfa39c15b	Active	3️⃣Published🚀
rec2mlYSfTgupSg9k	Starvy	67414befaed462b253de68a9	Active	3️⃣Published🚀
rec2nKS2v69WSWYRb	Molixo	669028ddd0570f17e98a74e5	Active	3️⃣Published🚀
rec2nZT6fffBHKpyH	SEOI	6780ba713b08172bd9e52f2c	Active	3️⃣Published🚀
rec2no6GwWQ9nv5EM	Qrest	693763c4d8fdf4ff3630db4d	Active	3️⃣Published🚀
rec2o5Jf9HPGbJgJ8	Rosemary	60e7889c6921535ae509e49c	Active	3️⃣Published🚀
rec2oHqqWvai47ffN	DataPilot	673c922b0c85da9aaccee679	Active	3️⃣Published🚀
rec2odwse2O7MkbRc	Agency X (FR)	6132898ed439e03a9ce01226	Active	3️⃣Published🚀
rec2owY89pBePF6Jz	NOVAIRE	671034666dbaef86be15e2ef	Active	3️⃣Published🚀
rec2p3EimemKQrb5H	Startly	66b3a422f3fe649a9e5f631c	Active	3️⃣Published🚀
rec2pUr78VsUww12G	MOSS	642d807eef367b39c13742f4	Active	3️⃣Published🚀
rec2pb83DDvSnAZ6r	Blueai	678d6f305b30c4649ea7b2cb	Active	3️⃣Published🚀
rec2q1BFnc8q6NDlJ	Zaiuntor	664f60b59a72accb4e4c8371	Active	3️⃣Published🚀
rec2qhL67tFo0b5dE	Glide	665b7d3c1b6f1bca421648ee	Active	3️⃣Published🚀
rec2r1ix9A35zxUvR	AirCo X	696f8e7643a0cbb9e428fe6e	Active	3️⃣Published🚀
rec2rOq3HIG6by3RH	Spector	69932c0585f586e47ca24a10	Active	3️⃣Published🚀
rec2rVRYXrfmsFVvb	ConsultGuide	66c3bdb411dd099b8efccacb	Active	3️⃣Published🚀
rec2sO6Os5szTKTHK	Teletype	68b85edab857c93fdfb543b4	Active	3️⃣Published🚀
rec2sRVXgc0n9sdQr	Tape	64a6f4a15b3b9f26b9748200	Active	3️⃣Published🚀
rec2sbjNeAcitxzF4	Webbling	66d242dcbce8d30d7b35ff62	Active	3️⃣Published🚀
rec2stfbyNRg7D5zz	Joe Bloggs	5f628db456e36a9a0ccab4cc	Active	3️⃣Published🚀
rec2u0xkFBsPiZulr	Ionofolio	689e8b1c11637360072a1fb3	Active	3️⃣Published🚀
rec2ugaSWqdIE3pAG	Velvet Grid	687fddf3d00077d30bf613e5	Active	3️⃣Published🚀
rec2ukPIXsqmTYMfQ	Hotel Gojo	65bd217f35e57358a772b4d9	Active	3️⃣Published🚀
rec2vFurc7iCQxEBt	AirZen	664231abe1110c73670a0505	Active	3️⃣Published🚀
rec2vXkPtHEgVwCVD	Pets Care	66391b7b22d64505175b70c1	Active	3️⃣Published🚀
rec2vlrYvhSVS7OAk	InspireCon	66e3b74bb8346ed0eccf308e	Active	3️⃣Published🚀
rec2wEGjWPc8nkg24	Arcbes	6769d668a20a5b245c04de82	Active	3️⃣Published🚀
rec2wHQc23ycSr0Ep	Avrax	66ccf99455a7785ee0baf388	Active	3️⃣Published🚀
rec2wsIeuZ3sXK4Nd	MindSpring Light	66fe0a61a6bea68827a9f1c4	Active	3️⃣Published🚀
rec2yDEe1dWqDES9P	SaaSTech	6768f03c043fd03e61c2f30a	Active	3️⃣Published🚀
rec2ytmBTgW1FDbBy	Darktech X	64b84dcf9ef2c4535820ad9d	Active	3️⃣Published🚀
rec2z9TOMBUPjqF5x	Fairmont	6787eb5d23b7e8b54cc37f67	Active	3️⃣Published🚀
rec2zX5gcdrP4ODZY	Terris	6849dc9985adae947995ee12	Active	3️⃣Published🚀
rec30Tv36gEZXRTl1	Novah	68f96101048df9dca7371de8	Active	3️⃣Published🚀
rec30Xgxh1igwixkN	Sushi X	63bf01b5e3b7c9f70c724f5c	Active	3️⃣Published🚀
rec30hULe5ZYXnUp7	Frozon	6873155a6d38f99bed8e8707	Active	3️⃣Published🚀
rec31i1eKINd66KsS	Midori	651d7f46ab7e26928511e473	Active	3️⃣Published🚀
rec31qlxcfNA9vL63	Saasus	671d7deb44e0637ed1aa1a06	Active	3️⃣Published🚀
rec32Cz52SAcffFcp	Dark X	6148e5c5596c0b376e3427f6	Active	3️⃣Published🚀
rec32xdS6I1pfdvoQ	Sartorialist	6489e75e21a874eabe1b3323	Active	3️⃣Published🚀
rec33Bx5Bs1PIoVyp	Banca	5edf53bf6ed508a815213fd5	Active	3️⃣Published🚀
rec33TD88uw5ETDFa	Lumodesk	696f9dadad3a569527a00090	Active	3️⃣Published🚀
rec33W8rw0cRtZU75	PathWise	68e74309dfe44c42d5cd37f3	Active	3️⃣Published🚀
rec33y6fjflNO9f5J	Axtira	6928cc62a21e6d37de661558	Active	3️⃣Published🚀
rec34ZBSj0TnW2sUz	Quantix	690d4f0d9028f3a80432b786	Active	3️⃣Published🚀
rec34sRchuhGJWVLn	EstatePro	669ea716009e3b5a2c0c8e94	Active	3️⃣Published🚀
rec34xhItTNC58fDj	Impulse	65cc38ded8c060ba3503c8ff	Active	3️⃣Published🚀
rec36mOgAqi98ZCu9	SaaSnap	66421f16d7074f74c47331da	Active	3️⃣Published🚀
rec36tYPbtpIRVs6Y	Trackio	68da93d894b77a3c67cac005	Active	3️⃣Published🚀
rec36zjG4th3P5pOJ	Metallic	6763ad2a08c3f886fc1d2de9	Active	3️⃣Published🚀
rec374f3Nf5UqPdZq	Mozavo	6725c61fb77fa098ee4d780f	Active	3️⃣Published🚀
rec37VBQ7jCRrZhis	Hairitage-Salon	6614661ed562201e52c4391a	Active	3️⃣Published🚀
rec37hfiPc2opDSw0	Trustus	692c77374583cdce555fe818	Active	3️⃣Published🚀
rec37rxoylNLE0UVs	Markethub	672e18dcd7941342202a9f33	Active	3️⃣Published🚀
rec38EO1MG8LAb4Yi	Diine	698cd84f415b3b91ab1ecfce	Active	3️⃣Published🚀
rec38bbr7Hl9GNiUr	Shkret	689af63b4890344f808c80db	Active	3️⃣Published🚀
rec3A5LECfsXtC0Pa	Prestige Pixel	679fd691532e90ca36456219	Active	3️⃣Published🚀
rec3Ad9pXTrzXTMDp	Uptown	65b9396ba208434e6d661049	Active	3️⃣Published🚀
rec3AlhMVHCZ9vbbS	Saano	64dce50a6b591eb10706f20b	Active	3️⃣Published🚀
rec3B2HNL2MTd8gpn	Buyox	6780a876f1bff60a092a7911	Active	3️⃣Published🚀
rec3B5JQOrafESoL0	Boat Rental 128	656383a05867daf52ea7bf58	Active	3️⃣Published🚀
rec3BatjAVn8q463q	Madrd	66be33e5e2fa3ac885f2a111	Active	3️⃣Published🚀
rec3C1ftALhun1yhi	Mindora	694eb11f6833ca6b2ff7f05e	Active	3️⃣Published🚀
rec3CfUNdORaEFeBh	AssistAi∂	669eb8502d29c2f4b245de4d	Active	3️⃣Published🚀
rec3D8nT18rtx00i0	Nevada	65bd1d28fd3e1bbc9c57d4b5	Active	3️⃣Published🚀
rec3DRYLBLC9znAQO	Studio 32	6317b7130d159207e8ded795	Active	3️⃣Published🚀
rec3Dkqkdu0CHUao0	Ertiox	692f04c6737d28377cd4d258	Active	3️⃣Published🚀
rec3Eb2QBrcY13d1s	AdFair	674bc21a0fbd9b7fb81088ed	Active	3️⃣Published🚀
rec3FvFECAMRTj1xW	Buildpex	695d473ed2caf10ed79a9ff8	Active	3️⃣Published🚀
rec3G2i0d5qRb45f2	SalesFlow	6639147ae5abcb167da9bb23	Active	3️⃣Published🚀
rec3G3JPB9I7w0ibQ	Cintio	68f45086ea16dd382f084480	Active	3️⃣Published🚀
rec3Gu8Nm6gKhl8vr	Benji	64b95aa6515d1e7aed7110ef	Active	3️⃣Published🚀
rec3IK6Pvd4QukUtd	Glowology	67b7d92d39580ec8fe2d3a2b	Active	3️⃣Published🚀
rec3IMDpMiMx11VqY	Vivlio	5c2e37251136b0909dc60594	Active	3️⃣Published🚀
rec3Iv2qbUxzplIXK	Ingenium	5fac18767f9ea3aa7234dcfa	Active	3️⃣Published🚀
rec3JLJeSmSgk1UmP	Bangwelo	61e8870e2fc4c0e56af9ddcc	Active	3️⃣Published🚀
rec3JdJzPliMvsTrj	In Law 128	65e61b5d4ab39b4df8a4112c	Active	3️⃣Published🚀
rec3JhB5XLeOw57Nd	BrightEdge Studio	67454e8943fddadb7d1e3f6b	Active	3️⃣Published🚀
rec3JulfO8msNV6sC	Beetle	64babbf2f65e12e4bc4d8ef9	Active	3️⃣Published🚀
rec3KOiEnZ9WmoOKO	Mediclinic	662ae65a7e7112905bc2ace7	Active	3️⃣Published🚀
rec3KncwSCX6WBRmD	Parkar	660718262ffbeefa45b27940	Active	3️⃣Published🚀
rec3L2hSLDH89PdSl	Fictional	67f93e64c74eeb286ffa6fc8	Active	3️⃣Published🚀
rec3L9jz22lJqgKaC	Canvasly	6994d3e6a826a1620b067c8c	Active	3️⃣Published🚀
rec3LASjLfkFRj1SB	Creavo Archived 2bihpxlp	65d3f3827c37496fb395895b	Archived	4️⃣Delisted☠️
rec3LJEYEVloiqMht	Zaipart	6655f3a69974d2b781958459	Active	3️⃣Published🚀
rec3LYzaswxg5xxpF	Roofer	66c36bf34c6ba0bca9b677e8	Active	3️⃣Published🚀
rec3M7pFFLbJmteyI	Domok Archived 7kh7i5er	657b68a7a112690e597a1adb		4️⃣Delisted☠️
rec3MSGzrrcmBgdvR	Quix Template	66f0e433dd100cb763cea4cf	Active	3️⃣Published🚀
rec3Mnf9QukWySuQB	Femme	67a23e7973cdf5fe4de87e39	Active	3️⃣Published🚀
rec3N0TG295n7kz0n	InnovMind	6624121fd1360a25b906b695	Active	3️⃣Published🚀
rec3NBcWp19dbeX2N	Gympal	658db1391210c2eb1d27a611		3️⃣Published🚀
rec3OCFjaPEhv9hPv	Lyndor	6933334261ae3fd47f41a7db	Active	3️⃣Published🚀
rec3OMfSSgOdMOfME	Inspiro DB	64a83c7fdd3bbac43af0efea	Active	3️⃣Published🚀
rec3OcjaFxtBqg9tm	LS Cosmetics Archived mdfh43mj	6760ece679f9b04bbac9dd38	Archived	4️⃣Delisted☠️
rec3Op0rTi5fnoTBj	Brixso	66e26399cb552a72096d9804	Active	3️⃣Published🚀
rec3OqYfD5EApa3NO	Midway	66952e7db9291795d9b98e91	Active	3️⃣Published🚀
rec3PHbjJjWD9OymJ	Capitalex	6737a8d59a04009d6707e81a	Active	3️⃣Published🚀
rec3RkUNhcFKuTKXn	Vash	67cf9a98990a39108643c399	Active	3️⃣Published🚀
rec3RrRPNGN0iIc8d	San Jose	673252bd985a6d557912641d	Active	3️⃣Published🚀
rec3RrlUtnb4YgnEM	Uno 128	6388d511c6f4bf2a109a3043	Active	3️⃣Published🚀
rec3SR5N0CcBI6zO4	EPOCH	67644971809124de50fc12f5	Active	3️⃣Published🚀
rec3SuuNgaV2lks0a	Conttra	65e27533d4b8ad5b22b355d6	Active	3️⃣Published🚀
rec3TDZmLl9D3jFaz	BrideBox	670703a07c851c7415f57d0a	Active	3️⃣Published🚀
rec3TdTiFZ7ejIyzi	StrategiX	66e468918e4d40ebba22e4db	Active	3️⃣Published🚀
rec3UAFp7UaGUqOKT	Overos	67c1cd130990aaafdb5685c1	Active	3️⃣Published🚀
rec3UQngFB46EkYIF	LifeCoachX	679a586a5727998a8973044a	Active	3️⃣Published🚀
rec3Ux2RjxxgEmVBE	Divento	66848835ee9da21eb21df95e	Active	3️⃣Published🚀
rec3VHSlPs0kVy6Hh	Everest	60ecddfb6c7e86faa43d5957	Active	3️⃣Published🚀
rec3VRdewMRnLd21w	KindFlow	6785faf0c39e22b1d77c4dcd	Active	3️⃣Published🚀
rec3VSpeOsmQ9mRAB	Powell	68190eaa2a53261130a5aa28	Active	3️⃣Published🚀
rec3VZU8J4EgLwD1h	Elearna	6717046bf2e55cdd11c0730c	Active	3️⃣Published🚀
rec3VaGm6cEmKpiv5	Davies	695ecf5ad9c7c70ddcf9bc32	Active	3️⃣Published🚀
rec3VjrUtjxFBPYlT	Poppins	6632fd85d695ac66f8bb640a	Active	3️⃣Published🚀
rec3VqsZYnRUQyGdT	Mensta	689ffb155bb38e5f6764661d	Active	3️⃣Published🚀
rec3Vup0vuoBfmBGa	Gearz	661975787cbbaceba72d8fe5	Active	3️⃣Published🚀
rec3VxqOhgGcFl2FN	Tattoon CMS	63cabc3734883295b666e851	Active	3️⃣Published🚀
rec3WNA54tVNJ8OAU	Planify Marketing	66274f6c808ef9d3d37133de	Active	3️⃣Published🚀
rec3WZPobDCs0Lx5O	Nexxus	663743c399fa9f296db1b70d	Active	3️⃣Published🚀
rec3WlZdHIwBjfftc	FIGHTNESS	66374561f34ae89b011914e4	Active	3️⃣Published🚀
rec3X13c33WrAbMiK	OFF THE GRID	686ca8239725bac175854533	Active	3️⃣Published🚀
rec3X7H3e7rdEyPrx	Pinpoint	6386dd92b2ea183238c9eaef	Active	3️⃣Published🚀
rec3XJTIU9Whd7ynM	Ecolytris	69442c83eaa1fef0506ee2b3	Active	3️⃣Published🚀
rec3XZC1izxxYnlcx	Winery X	611fe64cbaefcf6703128ff5	Active	3️⃣Published🚀
rec3XaMyRo2klgH0o	FlowGuide	68261733ae0b3dd440175285	Active	3️⃣Published🚀
rec3YP32xppe3egvN	Resumely	644f88d4f671a46062932c5d	Active	3️⃣Published🚀
rec3YajiUKlVFsq5J	Erza Vion	68d2b0707fe7becd3eaa2556	Active	3️⃣Published🚀
rec3Zdjs228UoFqAl	Trustify	680af9539a7dd235a7b9f47a	Active	3️⃣Published🚀
rec3ZtVHk7xeHSTAE	Syno	65e1605d0a535c54bccae396	Active	3️⃣Published🚀
rec3a7HjcoIi5TcrL	Norra	6450debad8f13b8298bc1e80	Active	3️⃣Published🚀
rec3aLpbIzbqwJsgN	Octavius	5d68357434ccc3c2e458bf93	Active	3️⃣Published🚀
rec3aNJKXjo5joTgJ	Snapifye	68914ada98fd27a7c2f656af	Active	3️⃣Published🚀
rec3aeXkkWxqLtBDe	Fussion	693c9d1c9e7c20e69c846507	Active	3️⃣Published🚀
rec3ayBwxcy4fle5s	Zaifi	679fcc68532e90ca36454a4b	Active	3️⃣Published🚀
rec3b0MtxsnRBC1oI	Edway	69001fcfe35da9a73138647c	Active	3️⃣Published🚀
rec3bWdFWUErF2EX3	Remixco	67ddb1abaff87c9ad8246228	Active	3️⃣Published🚀
rec3bdQPsKhC8nEEi	Visto	693c6f527d1750404b822419	Active	3️⃣Published🚀
rec3bj0WS6qJzKA0N	PulseIQ	68f2f58a2481f83e434f186a	Active	3️⃣Published🚀
rec3bpp4MuDlfedGM	Dental Clinic	6749cb5e6ac206d7c5890b53	Active	3️⃣Published🚀
rec3bqTdGGHy4zXlN	Museum X	6334eb5d593557bd5c605cbe	Active	3️⃣Published🚀
rec3cBC5G0fr8UzC0	Fire Department 128	6442b10f64dff87a0336bf80	Active	3️⃣Published🚀
rec3cCTNrVbFloAy1	Simplex	64a479b58d981e512f441534	Active	3️⃣Published🚀
rec3dJg4191YLCtv5	Frogcoin	68c81d3d4aa7f09f0ac2366f	Active	3️⃣Published🚀
rec3fb8osCT1hEwKl	WeSafe	66ba7ff4280b1758f6a24d86	Active	3️⃣Published🚀
rec3gJpcekZEbxzvW	Lilia	6495cae20d19a657d50a08e7	Active	3️⃣Published🚀
rec3gLdnrJkLlBPqV	Neero	652960992edebcf8efde6df7	Active	3️⃣Published🚀
rec3gkmNQcj9vrRaz	Point W	66f3ecb7bcb079ade320dee3	Active	3️⃣Published🚀
rec3hBX3yS7bP4CnI	Babylon	6541ceb6b2107b01b3b6cf25	Active	3️⃣Published🚀
rec3hZ3MIDdRJghWe	Arcpark	596d284b592fec0e946833f3	Active	3️⃣Published🚀
rec3hmYozEXNRvZrU	Feelway	689ac67314dca2107a46888d	Active	3️⃣Published🚀
rec3hqU58kA8rmJAR	Skylinks	672df9d07c47154b3a44a2fb	Active	3️⃣Published🚀
rec3hwqoP6z6Aujay	Cognito	654bb42aa5f0051bfd5d7685	Active	3️⃣Published🚀
rec3hxMJzIAFGZoI4	Samuel Spenser Archived 6D978E16	6960a54bc84ecd0266456847	Archived	4️⃣Delisted☠️
rec3iL5vZCWVVcWYc	Mixar	64aa17e1e4f2ae05beabcc99	Active	3️⃣Published🚀
rec3iRiIWAMDHINqp	Coachina	65661c0d9422fd31e1484a88	Active	3️⃣Published🚀
rec3iTRD134frGmdz	Prismix	650878421ca75e8ba87cd3e1	Active	3️⃣Published🚀
rec3iWetcV9vh71kM	Pure	65c7c3c4ba1cd714840836db	Active	3️⃣Published🚀
rec3jEZzuI6QnYlCa	Digiminds	664233794fa21387b4aa1466	Active	3️⃣Published🚀
rec3jIOb9PHuBLOjm	TechZen	66c653e4e3e32ee0fb14b2d9	Active	3️⃣Published🚀
rec3jNKSfO25QybRK	Degravi	660716e6285674876c3cc5f0	Active	3️⃣Published🚀
rec3jP53RKZEsGadP	Von Falk.	660c27993fc818935c8691c1	Active	3️⃣Published🚀
rec3jZ1lySOaGGAZY	Streak	6441482c137e053d62c21892	Active	3️⃣Published🚀
rec3jfQWSpGqjvok1	Ødger	62e5b0eb5d996400f6e20881	Active	3️⃣Published🚀
rec3kNcywj18Jfger	Venora	6980e2cd5e9ab529725c3ed1	Active	3️⃣Published🚀
rec3kSY5uAjAz9TFq	Miller	59a5e51e7cd7f500018e0e3f	Active	3️⃣Published🚀
rec3kc4K6NaHSmgCG	Hiring	68938e916ed3a9af73230547	Active	3️⃣Published🚀
rec3klnFgPiSjl6Zf	Ai Videeo	657a346ae193b553418b6ec0	Active	3️⃣Published🚀
rec3l1TNePnCVbQr5	Synth CMS	66eaf86d328388e6d0fb6895	Active	3️⃣Published🚀
rec3lPgIoZV9HOQ0T	FARMAX	678dc1f35b30c4649ea8f2c9	Active	3️⃣Published🚀
rec3ldyibaR6ScSkH	Yency	6526c796eed0e8c9250c45ba	Active	3️⃣Published🚀
rec3lrCK7x2F5gepC	Code Studio	658b7c6286303d8f3a5ae0c8		3️⃣Published🚀
rec3lupCttjgji0bj	Scalient	6976aeb1bb2526628bf904c9	Active	3️⃣Published🚀
rec3nPJ4gvJxJkCYh	Summit Pro	67104aba5fa272f3cdfd3938	Active	3️⃣Published🚀
rec3o2WnMPZgb8Mnz	Startex	64ecc6788fba22a8ab0acd16	Active	3️⃣Published🚀
rec3o3ROuPDWgPzVQ	Webtutes	65b7eed3b07fa2f29e824ccc	Active	3️⃣Published🚀
rec3o7e4Ui4MZa7ve	Promoplus X	6387c488b5ada226022364fd	Active	3️⃣Published🚀
rec3oAIZwkXbAAJI3	Alrion	682cf7fa5c1ea44ed46550f1	Active	3️⃣Published🚀
rec3ojfjbwlEct6xL	Dublin	64a2e1970b7c3d85898533dc	Active	3️⃣Published🚀
rec3p0UkHfsAh7C06	Arête	642a144d1016631e6cfccc96	Active	3️⃣Published🚀
rec3pP7wJsEUCT8Lm	Construcfy X	649474d131a9bbe779037231	Active	3️⃣Published🚀
rec3pX3gicjAKdgNP	Torrens	62e9ed1bc69f44ef87fc304c	Active	3️⃣Published🚀
rec3pbCF1suFJLUFk	Brian Miller	600ec5cc53e915069455c1f5	Active	3️⃣Published🚀
rec3qR3zqN7QaZQbM	ArchStudio	66674c2c14489eb6aed14818	Active	3️⃣Published🚀
rec3qwAmuhZe5Oos3	Phases	66897c2215980610244942f0	Active	3️⃣Published🚀
rec3rWowhUgwM7Snh	Capflows Archived m5wez38v	66280ce6c1dac49eb6c8a1f8	Archived	4️⃣Delisted☠️
rec3rWvALoOE94fr8	Dalma	63124d5f6ef5e9f53045fe17	Active	3️⃣Published🚀
rec3rkyVtyr6gGfog	Liftlab	6933841b4e3a88701091faec	Active	3️⃣Published🚀
rec3rlyf58JqtRBbl	Edonis	65c69f7a51b96ed0d63ca192	Active	3️⃣Published🚀
rec3sIzOfLDrtihRc	Junos	68acd00e0a252d1f0642cd17	Active	3️⃣Published🚀
rec3sJYO37gvg3BLa	Regulink DB	689febac5bb38e5f67645997	Active	3️⃣Published🚀
rec3shUAvQST8jTAi	Ingenium Ecommerce	63b9e0c8e3ca2ade3ed68eda	Active	3️⃣Published🚀
rec3stXGdBrcb1hdF	Ecoblust	69656da3d1a5c3e250a87abd	Active	3️⃣Published🚀
rec3tTQcNb5irvM7q	Elaro	68217dca4c3cf9ee02a5efe9	Active	3️⃣Published🚀
rec3tXkegpGjmFcXp	Kube	65e7d2dcf9c04482b7a9f9ba	Active	3️⃣Published🚀
rec3ta5PpVzcGvoUg	ClimaCo.	6626a4bcdec06b5cfa73b123	Active	3️⃣Published🚀
rec3tmfVg4qvjlRno	HiTech	661976b9bd2932a0bd663171	Active	3️⃣Published🚀
rec3u0PZO26zWD3cy	Chronicle	5dd84dbacd7d37d63213eb95	Active	3️⃣Published🚀
rec3uQBnq76q3AkXH	Accelerator	62febf7aa4b6a876cb814963	Active	3️⃣Published🚀
rec3uYrV1UXBMiftj	Archscale	688d68d93c9335c7c16fce1c	Active	3️⃣Published🚀
rec3v9kvLSXKc6sc9	Virion	6925ad23e89a08bfeeb673ac	Active	3️⃣Published🚀
rec3w2V6XyPpYU1aK	Magenta	645a636893ca2657989c389c	Active	3️⃣Published🚀
rec3w9XiT0zSG0IfP	Nightly	656a0a749bef24eaf3e4c965	Active	3️⃣Published🚀
rec3wphpTfvRRrN44	Brixon	68426950edb07f3f63268c75	Active	3️⃣Published🚀
rec3xD2NPvJexLqkX	Align	61ef0ed535cb9f259fefb242	Active	3️⃣Published🚀
rec3xPpwGgAfuNSUK	Yourfolio	656f73187184983330657bdf	Active	3️⃣Published🚀
rec3xwejBGO3RDkZy	Archiee	66c399a645f8275f63e8740c	Active	3️⃣Published🚀
rec3yIpramqxaikDu	Taskly O	6780a93372f1ec157167db6c	Active	3️⃣Published🚀
rec3yWwjLLF7tdKpF	Manoré	684c2cf6456811afb161603d	Active	3️⃣Published🚀
rec3ygMJUUh9PnHrp	MasterBox	5f9c27d96a8833239206e3a9	Active	3️⃣Published🚀
rec3z1WblUnLFpfcw	Casper	5f45ccb99a7a95669e649e14	Active	3️⃣Published🚀
rec3z4aecYyWG5FOf	Noten	693398edee358f91bd9d7625	Active	3️⃣Published🚀
rec3zwzn3F1lRa1db	Structas	6994b19b551fc302b8f37dfb	Active	3️⃣Published🚀
rec405MBBCyc49uAK	Clinixa	668c2486e87f0d587e8e3bcb	Active	3️⃣Published🚀
rec40PLYAQa7tcoT4	Dentist	6052a6724a822f5e8fa0611d	Active	3️⃣Published🚀
rec40Wz0hYxbYKnRO	Untitled 3D	66fb7f2d5f5d42386fba00b5	Active	3️⃣Published🚀
rec40y0HDwYT3cFMg	Genc 	697b832d839835805d45c7f2	Active	3️⃣Published🚀
rec41Llty9qqwYdiK	Entropy	66f318717d6eb6a94fe37d05	Active	3️⃣Published🚀
rec41M6rcLI24tUlp	Quantro	65b2e44dfb60ec5913f79abb	Active	3️⃣Published🚀
rec41ppCy7cKnWi1R	Hokori	66e08065d3d90da3c7629e56	Active	3️⃣Published🚀
rec41rH2gsAnxs5KG	Cardpay	688410810fce3fc67dde60e6	Active	3️⃣Published🚀
rec429FFttZGLtyxm	Ascent	657b85d0fd709ab964ceb0ac	Active	3️⃣Published🚀
rec42RLN3FC4UvXyr	Graflow	66c9036d30b24604f55b40b8	Active	3️⃣Published🚀
rec43LfDkgWqQ5IUt	Expoz	67d75ddb12a0511cb5b072cd	Active	3️⃣Published🚀
rec44e4Sc1nhfS073	Typofly	65cbe414e17a1ece507e5111	Active	3️⃣Published🚀
rec44uQ6cgkwsz6in	Insur 128	6453ee431d730a671b83418d	Active	3️⃣Published🚀
rec45yupg55RdORAN	Softsaas	669015997db131ac35a8a0eb	Active	3️⃣Published🚀
rec46IpRQ2w24AWPD	Consultify	677cb6616166ad894d039763	Active	3️⃣Published🚀
rec46NVncDPZjcOTo	Alien	673a9f412b5f982ca733ae06	Active	3️⃣Published🚀
rec47AX60JhDal1Sj	Murray Rush	6499d19ae19d0339e27a8ca6	Active	3️⃣Published🚀
rec47pODut8W5PNpm	Muse Studio	668622aca20b10b020a97f34	Active	3️⃣Published🚀
rec48ngm9mHm7YHUo	Ruma	66a904bc482765c83a4bbda5	Active	3️⃣Published🚀
rec49EYtkPZQbUbFF	Craflow	68fa5dd5fdb471f5e2bd2e34	Active	3️⃣Published🚀
rec49aBsiY9rsxMWY	GLINTIFY	67986ef3a89ee24665140859	Active	3️⃣Published🚀
rec4AB0Uv4lRhtEpb	Golf Club 128	6446bfd7f45cf3a85132ec8f	Active	3️⃣Published🚀
rec4AP3fllGr218AX	Xusai	67e0ecbea21d754c7deaaece	Active	3️⃣Published🚀
rec4Au2O406hHJeZ8	Sonicdrive	668c2858bd80482e318361c8	Active	3️⃣Published🚀
rec4C0tz4cTDk6dOi	Jucier	68df249512d06138ff270c08	Active	3️⃣Published🚀
rec4CKiw340iGzoZC	Corpkit X	64e38a8625593ef3c6e7eb96	Active	3️⃣Published🚀
rec4CYcBtVEICclz9	Layers	61a8307ae02edf09042d0926	Active	3️⃣Published🚀
rec4EOfiARYMn5sQF	Guest House	611eda9eda1f384eb6c9fbfa	Active	3️⃣Published🚀
rec4EQPEJmltxZTpV	Samurai	66a8fc097c6f371622f6a1b6	Active	3️⃣Published🚀
rec4ER5CPtEgzGBhl	Vrom	606b68dc9115716e86ff2c1b	Active	3️⃣Published🚀
rec4EyAWMmr0ZKzCj	Blade	6602567be5e776aa6f3fd947	Active	3️⃣Published🚀
rec4FJZPWhzlcGK7G	Features	684470431143f801d31620ce	Active	3️⃣Published🚀
rec4Fl9Vn4nlfXWig	Palmaria	69178c45da8f08eb08616c62	Active	3️⃣Published🚀
rec4G6w0iW5pQMIE8	Darkly	5f3fce470f22af0943220e51	Active	3️⃣Published🚀
rec4I9WyTZG7izLNW	Nexa Plus	65553070f5a3a2979747895e	Active	3️⃣Published🚀
rec4INhMgQJvBVF84	Novanight	693fb2907934b1c96f05ed69	Active	3️⃣Published🚀
rec4IWwVTPYLcK4Wh	Mooy Archived cqj29sot	63b4eac34fd227360d629161	Archived	4️⃣Delisted☠️
rec4IcgCcFGsbLViQ	Shift	661ccefe97149635cd094e20	Active	3️⃣Published🚀
rec4IfaW4QxT67x5Q	View Point Archived x5nek0g1	60da7475ec6d307735aeb777	Archived	4️⃣Delisted☠️
rec4IuYkYXWH6boI1	Bacco	66fe0bf42f2491b54eda9398	Active	3️⃣Published🚀
rec4JPR6ggn9K2Pah	Nova Bio	68ad00f10a252d1f0643db84	Archived	4️⃣Delisted☠️
rec4JvX0mNIusHKzr	Dimension	63b60ee532765c7cc9ec82a7	Active	3️⃣Published🚀
rec4JwpzHsmWMVIiB	Elevates	6768edb62837d8afcf7ff67d	Active	3️⃣Published🚀
rec4K70qGEK7vN4rq	Cinery	6976ab99bb2526628bf902d4	Active	3️⃣Published🚀
rec4KSbgMzgy6H3EP	Samoa	67117aedceadb21aba22c2e9	Active	3️⃣Published🚀
rec4KWSwvCXoh6tDF	Caffia	6850676ab76033019473a972	Active	3️⃣Published🚀
rec4KWgqD0n2fD8mu	Phoenix Course	63d93821bff3c03c989daed7	Active	3️⃣Published🚀
rec4KXlrGcaqqz8fA	Amko	6720dec0b0ca4231f39ddea4	Active	3️⃣Published🚀
rec4KldcSc6oDjzWS	Bespoke Carpentry	6674a3a877b9a3c04e94474e	Active	3️⃣Published🚀
rec4Knj0m9fwK9RKx	Firmament Collective	664f64920e3f89debe4f514d	Active	3️⃣Published🚀
rec4L4vxkyzxq4sYS	Bright Form	68e6e870e020da59ef6125d4	Active	3️⃣Published🚀
rec4LMkjq78rsxUA1	Givro	688ace0ab2c22e1e19127e4b	Active	3️⃣Published🚀
rec4LVgUW7WhDBUZf	Flyhead 128	659468bf286fb42d414f46fe		3️⃣Published🚀
rec4Lb5utM2yxsnt8	Aerio	6900d7fb3c62da60c0c37645	Active	3️⃣Published🚀
rec4LvU1AOnb8aZxp	Citadel Archived ktv0ngyu	63d804f7ac4c492fdfdc11ef	Archived	4️⃣Delisted☠️
rec4NNWeBWTL9dTgI	Ailoq	67813e7245ba2ada3f67c60e	Active	3️⃣Published🚀
rec4NizXxSA6JoMf2	Sportizai	658345874a6a2d93c9184c11		3️⃣Published🚀
rec4NqTpAqN65i0AA	Chopin	689137056d37e77a6870f6fc	Active	3️⃣Published🚀
rec4P1wPywkBoai4C	Vanizai	6542aed3f961634b637de611	Active	3️⃣Published🚀
rec4PGvePjWytVcbx	3D Physics	672cc8c51756d6c90ae4430f	Active	3️⃣Published🚀
rec4PHujIWdW4xkxL	Frontline	691c0381cffa09b226e56add	Active	3️⃣Published🚀
rec4PnJpdOTOrPNyX	Consult Corner	66a87ac629baf1533fed8231	Active	3️⃣Published🚀
rec4Q6q2Nd2rDqJFJ	Evenlae	66f0e07fb49a8439a22f8e60	Active	3️⃣Published🚀
rec4QLaYmLgQaAN5z	Grow Wise	642b0af0f1059d46d87fa7d6	Active	3️⃣Published🚀
rec4QtDcHmFZZ42yU	Revio Pay	692dbe5aceae8a9e10ff2591	Active	3️⃣Published🚀
rec4QxQFsQSfZd2u7	Kontro	63d3f390a07825505f2b4c11	Active	3️⃣Published🚀
rec4RLLDVF3qr6oN0	IQSoft	67743f8c9887bf2d3cdd0a4b	Active	3️⃣Published🚀
rec4SE0xz4anXkUL1	Neil Kent	6310fb4d21ed56e9b52f720b	Active	3️⃣Published🚀
rec4SOuimG7LxWVHZ	Evento X	6703345068332b323b155d0c	Active	3️⃣Published🚀
rec4StMpDQqE8G8OK	Ehire CMS	67cf6a354ec8fc2d194890c6	Active	3️⃣Published🚀
rec4TKiElZmtJEf23	Barrique Studio	673cda6fbcba96d4d1feced8	Active	3️⃣Published🚀
rec4TNDhVRyy8xcry	Bezix	69379c7fccff329085f5c6dd	Active	3️⃣Published🚀
rec4TStABO7s87J3u	Solinova	6867f2eb933c17ba715be90f	Active	3️⃣Published🚀
rec4TmvMsyTMtoM6O	Racca	657f5f9602e24d7cc016dd7c		3️⃣Published🚀
rec4U3ABgtTopPkbS	FLAVOURY	671772b19242a150cdcb76fa	Active	3️⃣Published🚀
rec4U8SSelOz7pvGo	Snapora	68edd995ffea8b95fc431028	Active	3️⃣Published🚀
rec4VYPDVhcZabQAB	Prosmile	668b8143732ce0a1e44749dc	Active	3️⃣Published🚀
rec4ViTZZ3xpNeU6x	LexAdvice	678520896ebf6d04062bde84	Active	3️⃣Published🚀
rec4W4hC3Vid0ninD	Fufo	6201ace14e86925417d7fb9e	Active	3️⃣Published🚀
rec4X2ER0Zoy99S6d	Tech Studio	64d258b36b9dd305ed23739b	Active	3️⃣Published🚀
rec4Y00JugmJdbirU	Chatbots	67b213ec987a0268f3dd7d42	Active	3️⃣Published🚀
rec4Y8jwkqCvSrI3B	Cropzen	695bf0803ade950d581ed164	Active	3️⃣Published🚀
rec4YW0tV9ooJS85v	Cosmos	655684ef57848c9b65fe5e6e	Active	3️⃣Published🚀
rec4Z8HcM69xWEv98	Teknolab	66ea576a2c02554dc33fb20d	Active	3️⃣Published🚀
rec4Z8gL1wV0LUFYF	Rapexs	697b90dfe5efde65954a1811	Active	3️⃣Published🚀
rec4ZVibBGX55fkHW	Liht	6310fa6ff3b2af608d397a69	Active	3️⃣Published🚀
rec4aBoDsSpiVJmqS	ClearBoard	684917b8e779efceeca9911c	Active	3️⃣Published🚀
rec4aRauc8LcnGPAy	AGENCE	660c3e1e88c4329d59bad460	Active	3️⃣Published🚀
rec4b07TM66qq8l6I	CarRepair X	65638439c5581e37fe4786ec	Active	3️⃣Published🚀
rec4bSTcTghaoWzKV	Mustang Property Archived znwpb1so	65b8c505ebd595741431565c	Archived	4️⃣Delisted☠️
rec4bbJSNPjyZEw3G	Blogin	6637430208c1bdc38fa6d5c1	Active	3️⃣Published🚀
rec4cQpWD6NSgoOgK	Sanson	67401f459b91812e16afd34e	Active	3️⃣Published🚀
rec4cbaUNykxAENhf	PraxisMX	651d7669afbfcbafe11aa0d0	Active	3️⃣Published🚀
rec4cjaTZ5lO9aShX	Optify	66f3a2aa46eb72b9d510709b	Active	3️⃣Published🚀
rec4ctrs23IESshXM	Strive Archived n4umxr66	65c54437cd5d4f8d804aa75b	Archived	4️⃣Delisted☠️
rec4cyJM72rW2Cju2	Zenexa	69680d66fc5b3888257af828	Active	3️⃣Published🚀
rec4dplLES3xc8nES	Tradeo	67e9d4c1c8935d1d5e7f3ed7	Active	3️⃣Published🚀
rec4eEtmwMLNUPIgu	Silence Archived grvxcgwa	66268a6d21c14cb521f2f2d2	Archived	4️⃣Delisted☠️
rec4eOGv5FVupD4ih	Draxon	68827c0f35f21508d5642de5	Active	3️⃣Published🚀
rec4eWHa618x68FdD	Ark TinyHomes	66c3c0f7febf3d717561e114	Active	3️⃣Published🚀
rec4f2hIAiaNXi4gS	Oringo	65cfd9418c92ff7100151ffc	Active	3️⃣Published🚀
rec4fQHeb9koi9dtL	Techbot X	65831cd56548ee9a617bc934	Active	3️⃣Published🚀
rec4fWmOEB7wPCf1i	Clixr	64595a1ffc639014893a9473	Active	3️⃣Published🚀
rec4fuLDOgNLXnzDU	ReallyRad	5f75daeaf8ef05843ee895f5	Draft	2️⃣Scheduled📅
rec4fzRObmIpNvVbk	Funfitness	66b30383da0a1dd56c37b013	Active	3️⃣Published🚀
rec4gAdgvr6Ku06Hj	XGaming	671dc8d00f7c9d454b01a218	Active	3️⃣Published🚀
rec4gE5v5SCMz20Kq	Choice	663ca97db3ba9192a4f0638f	Active	3️⃣Published🚀
rec4gIvxSJZlsxctx	Cubik Archived t187pl4g	66bb982bd61a9eb4abe5a474	Archived	4️⃣Delisted☠️
rec4gyR5Url2bEYWM	Phillip	67589f43dd8cbf44286e0768	Active	3️⃣Published🚀
rec4h1fQ2uUEUAUrU	Thali	65b955cd58d7df5d61c23188	Active	3️⃣Published🚀
rec4h4u9qejaq01GD	Showcasy	64ef859964dac490e199c308	Active	3️⃣Published🚀
rec4hB2t3ghc4zshb	Fastrack	66ce03f3a229dc3f7b9fa893	Active	3️⃣Published🚀
rec4hoGM0QTtF91NX	Startop	645bd30f7dcd7e003ab44d1b	Active	3️⃣Published🚀
rec4i0wZhrv9jS6Sw	Bakery ZF	673cfdcff363d7c64a307420	Active	3️⃣Published🚀
rec4i9Gb4lLcOklwa	Creativue	65ffc5876aa0de955509da01	Active	3️⃣Published🚀
rec4j5Yzc4nvjCLrH	Capital X	67694c45c032e077107a0e76	Active	3️⃣Published🚀
rec4j9wAF1BndeXZu	Cubeo	65454cabd9e244f82ed0468c	Active	3️⃣Published🚀
rec4jPLv6gXTDdLt9	Genuine Studio	65fdb9575c5dec8990bba191	Active	3️⃣Published🚀
rec4jt3J7VYWQWIx2	Softoza	6758724840934f6ba2f74380	Active	3️⃣Published🚀
rec4kDSwgiF5OBuIS	SecureVault	6709fe547fd251c4a0016b3e	Active	3️⃣Published🚀
rec4kdOtnzqgty5p7	WiseAI	64de434a23cbfdcdc3c39f60	Active	3️⃣Published🚀
rec4kudDb6m9s7Lh0	Vestal	670441ddca9f592f6d1e78c9	Active	3️⃣Published🚀
rec4lvoQTktxakR0P	Montana	66bfcaa1ddf14e2aa67032eb	Active	3️⃣Published🚀
rec4mKYYOlu35zphY	Agencs	655f87d9d9c273a37a3c3d1b	Active	3️⃣Published🚀
rec4mbQRETqnfyXVl	Brokr	663d3f38a75ae2cb7033bd8c	Active	3️⃣Published🚀
rec4mv1blG4KHgMUe	Zaiwall	658331a3e38bb91ea2a126e0	Active	3️⃣Published🚀
rec4n7QejGTHsfsX9	Voltero	66224c24d194ff9e4293b303	Active	3️⃣Published🚀
rec4nOh3nnYWeJeK9	Catalyst	5f74a658c5d409ae8db465d2	Active	3️⃣Published🚀
rec4nS18ZgMVAaLb2	Liam Walker	6155cbab618e147eff7ffe69	Active	3️⃣Published🚀
rec4oIbgy3wczCUT3	Prime	5ff8bf9ea51d982dc1503027	Active	3️⃣Published🚀
rec4ofuXRIvQLhH9f	Colorfolio	62d8f3163b5e6e669705d9dc	Active	3️⃣Published🚀
rec4pRDCyOWoIZIpF	Willie	662f485fe092b49b80d897db	Active	3️⃣Published🚀
rec4pVNRPigNIZuWS	Flexon	66395f347b832acadd6ddb0c	Active	3️⃣Published🚀
rec4rTk665pMde95l	Fintech 128	64c9291e3fc8f0f00ea0eb77	Active	3️⃣Published🚀
rec4s5dScVKCftBSG	Coherent	65202fba28d1ed82ad219696	Active	3️⃣Published🚀
rec4sC6PCdz3XCuQj	Stellar	6340245e1f2f025d1916edd1	Active	3️⃣Published🚀
rec4sQmbxrqTCriTg	Coworking Studio Space	6753fb178710618b4a0f7eaf	Active	3️⃣Published🚀
rec4sYZUILRp1B21R	PlantFlow	650081e5a1aba0c2064b627a	Active	3️⃣Published🚀
rec4t0LoKWexhccMS	Wjam	63192d2cbf52b2cb4022247e	Active	3️⃣Published🚀
rec4tV3KYYxdXEBuI	Molecule	620aad1e18a6bb66da9668b5	Active	3️⃣Published🚀
rec4teaA1to3Pl4Ww	Juniper	65638596f32c4fcae5db4cb5	Active	3️⃣Published🚀
rec4tflDkwcdnMEGE	Marmaris	68ed0dd3785cae344638987c	Active	3️⃣Published🚀
rec4uKDTMJOlsctSr	Leanor	68b5efa20a56f073515528d8	Active	3️⃣Published🚀
rec4us2I1WQFh3xVK	Glance	656f6595ec9ea538388b8760	Active	3️⃣Published🚀
rec4ux2gwxHQHcxY3	Fer.Do	6697d5ffcd1552e692853333	Active	3️⃣Published🚀
rec4vMocbZtmw4UJo	Printula	67856b1eb25f572123e7d208	Active	3️⃣Published🚀
rec4vmrKz29hqdTWN	Bizcast	67af9a354d5f4dffdc50651a	Active	3️⃣Published🚀
rec4ws79REhSWpBIL	FrameCraft	68f66b360cf9a1baf37e19ba	Active	3️⃣Published🚀
rec4xBR4SXi8nDrJj	Muty	5aa2da929c01640001e1bd8b	Active	3️⃣Published🚀
rec4xrjwBCkJQtKKq	Prod Studio Archived lnyk1lms	66c7c0ad60da51937936386f	Archived	4️⃣Delisted☠️
rec4y1Z4GggJWIFc1	Agense	66f9dfd1c50a28b58ff6d771	Active	3️⃣Published🚀
rec4yJM4p9Pvoc29y	Aiko	644aed5e03cbfe68a9cae109	Active	3️⃣Published🚀
rec4yWzmGu0iE2CHr	Zeki	687577f48c678fffc591042e	Active	3️⃣Published🚀
rec4yXHDdKXiaMvtR	StartIt	61bd0004cdf83fc84f9430e0	Active	3️⃣Published🚀
rec4yZBpKsC0MKoOb	Zaivens	67c4ce2949ea54c0529ac96d	Active	3️⃣Published🚀
rec4yj15rxvUDsADC	Zirox	68d1936ab799e03eed546d6d	Active	3️⃣Published🚀
rec4yk29oenyl3d6r	Drone	649b09d3548c5c18f3d9cfa4	Active	3️⃣Published🚀
rec4ymrfR1VaPLlTb	ProtrainCMS	67dc5c9d43588a59b06d98f3	Active	3️⃣Published🚀
rec4yqlc8S4xPdhS8	Walt Studio	658df39f1815cdd2c2adb7bc	Active	3️⃣Published🚀
rec4yz5dHQxiMyhEO	cold spring	68912f5d97b2a1a59f80c807	Active	3️⃣Published🚀
rec4zpyc3E3c71S9T	Nura	6879d3b6ba70af4d42ccc9f7	Active	3️⃣Published🚀
rec4zuZCh4O9HjXv0	Aethera	68632fe5174f23fbfdf3b990	Active	3️⃣Published🚀
rec500WYwPs9GxBkd	Hustler	681028b245c8a465d7bbca33	Active	3️⃣Published🚀
rec503uwn85DXBqeR	Adorn	63ac783f5bfef4059c9e736d	Archived	4️⃣Delisted☠️
rec50bR09KWtOYZbr	Khanka	63d803918ced73669205cbe1	Active	3️⃣Published🚀
rec50up2U0wS45EEr	Dog Walker	669016504311adaf7aeb638d	Archived	4️⃣Delisted☠️
rec50zRTShEeuzeGf	Yoga 128 Archived 6ylur28g	63bc3c1f87cf78552db3cc16	Archived	4️⃣Delisted☠️
rec518OCIud2waO0r	Vexys	698a002e12660b4e850e4168	Active	3️⃣Published🚀
rec51Rn0h1y3jpNVj	Taskco	68ade4d4b8236981b38652db	Active	3️⃣Published🚀
rec51T5c9dNA6knsA	Retirio	689649a7ac95c412d861f41a	Active	3️⃣Published🚀
rec51XDdDGUPLZc2l	Mokku	679074ec86f5f2cb6ed69d19	Active	3️⃣Published🚀
rec526f8vzncZBvep	TrackFlow	679826bb9bd12d2a733e74ac	Active	3️⃣Published🚀
rec52D76vM4OBsXBZ	Taskko	68852de4ccd7a486715c1ffc	Active	3️⃣Published🚀
rec52R7XeuHpV2Acd	Elevate	624f069fafbf8b4de0910891	Active	3️⃣Published🚀
rec53IVbnHjVSipwF	Tiki Taka Archived qwd5rchp	66c39f30bf0ebbfe5391a12e	Archived	4️⃣Delisted☠️
rec53toLwRrVlRTHz	Levor	695405813d0dc70ed438e73d	Active	3️⃣Published🚀
rec54GFkoZF6hKqGY	Aproxlab	676175467f9b2da9ac7c478f	Active	3️⃣Published🚀
rec55XFCfaVN2Qd6z	Genovate	65fd03943e5158e2d4086fb1	Active	3️⃣Published🚀
rec55XmlEbKv15bqS	Luminescent	63921355e83a390f1a348b4e	Active	3️⃣Published🚀
rec56WgJc0a3L7By6	Farmex	6748d7ee3d4242f69accbaa4	Active	3️⃣Published🚀
rec56pMGedhMvOfDT	eSports	607a1b2937d0883f5ee45885	Active	3️⃣Published🚀
rec57Mh9WQPrQ6Ucn	Revux	63becd2d95e7909c4fe9a3a7	Active	3️⃣Published🚀
rec57fSRQvPPixrvK	TechCraze	66da9d97ccc66fc2f8af214c	Active	3️⃣Published🚀
rec57uBVp3j9AUczo	Stepi 128	634020c1e7b52a7fc3cfa630	Active	3️⃣Published🚀
rec58gm1mEjxtRIGE	Asanora	694997597683809127605b8b	Active	3️⃣Published🚀
rec58xVfIdBDSDPmS	Evelin	5b86ec6187a84c74a22d27a0	Active	3️⃣Published🚀
rec59SIOvWR0JQvdz	Hazel	602c67c454ee4385b6946830	Active	3️⃣Published🚀
rec5AICjfHxGth3a6	Modarch	67ace125200ce93e146d0b92	Active	3️⃣Published🚀
rec5AIQBkZU7wlPpp	SaaSly.	674bcc88ab62ac580036399f	Active	3️⃣Published🚀
rec5AKOSnHNoVkHu4	Skychat	648881857e484493e2cda864	Active	3️⃣Published🚀
rec5AxUaEw07ogF3h	Teamzo	67cc5922d7f264a81acbc2fb	Active	3️⃣Published🚀
rec5Bx0aEv6IDpuqP	Life Coach	64678bfa8a5a237172e1d138	Active	3️⃣Published🚀
rec5C9624qzz64eXa	Xonic	64b5a3a9315c14dbffe49203	Active	3️⃣Published🚀
rec5CbDUkJNRRU5hO	Saasfy X	675134eac141a3e33f071639	Active	3️⃣Published🚀
rec5Cx5NW63OHyeiA	Poomo	685e111ba5906e84283f0954	Active	3️⃣Published🚀
rec5E0GDF8ejdyeLD	Avora	68a0c0bd10a7f06791cb914a	Active	3️⃣Published🚀
rec5EQZk9EkCDK9Zo	Squidex 128	63b5ed3a91c78c8cfffd5c62	Active	3️⃣Published🚀
rec5EfjW3auN1ff2H	Yogamatter	5d9bc6df0f5387decef172c6	Active	3️⃣Published🚀
rec5Ep1oJhqk7ttML	The Lavender Shore	686cada5f373270c1459bdb6	Active	3️⃣Published🚀
rec5F8jHGER12ZMcD	Saaspect	6732ab89c748621e4e64f905	Active	3️⃣Published🚀
rec5FIXHzAgbspV6L	Zaissy	645d00eadcb8ae573a1bcb73	Active	3️⃣Published🚀
rec5Fa3XCRy5j0YoN	Westones	68f2c039ad6cc81541afdc2c	Active	3️⃣Published🚀
rec5FnTnD0jjkIbJt	Designio	5d289800e54cb54b5efd2de6	Active	3️⃣Published🚀
rec5Fwa3YiJq8e76I	ULF	6255bac0f25e3b1abcc655e8	Active	3️⃣Published🚀
rec5GeMx4JmnKwDEN	Philanthropy X	62460dfb209e6890b879694b	Active	3️⃣Published🚀
rec5Gi4NIj3S2abbL	Real Home	660315e5a2ffdf9481b60e49	Active	3️⃣Published🚀
rec5GmnBSpwC6lgK8	Monospoke	68a7f820a0a54e3349054e15	Active	3️⃣Published🚀
rec5Go6GCTFf2vo34	Advoke	65527f0bb420cb299a9495a3	Active	3️⃣Published🚀
rec5GqqZAXz55s7ir	Nexa	65032663aa7d2340724feef9	Active	3️⃣Published🚀
rec5HAxx4OFQh5gzb	Agencyfy Archived 9D2DAD6C	674950cffeaee4fe6f22fb30	Archived	4️⃣Delisted☠️
rec5HJVeGEmdjjEfR	SHMSE	6916207308ea5b808431b5f4	Active	3️⃣Published🚀
rec5HXLCAj6KVM0fl	Roofix	680b0857a580e5548a1ecf74	Active	3️⃣Published🚀
rec5I6sy70RJ0b7Ns	Azul	65c253319aecf97179a68714	Active	3️⃣Published🚀
rec5Iz6sw4Xp63K5L	Fastos 128	648564d7f8b87abd36f23937	Active	3️⃣Published🚀
rec5J1Opl7PyEduN8	Index	65ef19dbe78954562a9159aa	Active	3️⃣Published🚀
rec5JSzzaevTGNN9X	RealtiFye Pro	66b13f94c511f28637b344b2	Active	3️⃣Published🚀
rec5JlHTmot0LqEns	Zenith	63dc696e242fd11d950eac2b	Active	3️⃣Published🚀
rec5Jr1RBPo7peK5F	Startup X	60c1665b3c9b02e3254e0f45	Active	3️⃣Published🚀
rec5KFA2Oc3EkuQ5l	Streamline	6401b8ce19572adbaf86935b	Active	3️⃣Published🚀
rec5KKOleOzEtrtqk	Lauwffice	6436d437d3a4e9bf9f100cfb	Active	3️⃣Published🚀
rec5KM3WP0ahRur2A	Koul	627bfd4f7340d1dd8fe35aee	Active	3️⃣Published🚀
rec5KOJoOwhk9PLL3	MotionFlow	65b40f93a3aacb242809621d	Active	3️⃣Published🚀
rec5KYFH1iMoQ7DMR	Chainly	67e457eb7f54461fb5110ead	Active	3️⃣Published🚀
rec5KfkWRbUh546Gp	Impact	5f47e9c48ac6209bdcc50f8c	Active	3️⃣Published🚀
rec5Kyb54bcMd7Tie	Menton	68a4baba8d213830e3459478	Active	3️⃣Published🚀
rec5L0IipqowkKk1Y	Fre	5beef92086b1f049c48ce812	Active	3️⃣Published🚀
rec5L5p6ePblvs0kv	AirNur	668c0fab41ce344f5ab5667e	Active	3️⃣Published🚀
rec5LPTjZkJNdEI2h	Inkpierce	6780a76edeae9dfaf64be0f4	Active	3️⃣Published🚀
rec5LPyuVTAyZBMk4	Inbound X	62d8ee3ac89f2ba765f9a404	Active	3️⃣Published🚀
rec5LtYzYlsbRlUel	Majestic	6635559e56f85796ef2f2a00	Active	3️⃣Published🚀
rec5M4JhOJKXv57QK	Blake Photo	6780a61e5342352b4b0bac8e	Active	3️⃣Published🚀
rec5M9Es5HquTunbo	SoftNest	675730358cffbc68935068ed	Active	3️⃣Published🚀
rec5MAtOgluQMf8lr	Vera	5c9e1996ce648b35bc6084ec	Active	3️⃣Published🚀
rec5MCZPygDGQmGqk	Anne Hathgate	627305f67c8e0819d7f4a75e	Active	3️⃣Published🚀
rec5Mi4pk20Vn0GUc	Nutriflow	66eb1604e72acde4166b50eb	Active	3️⃣Published🚀
rec5MinQ1B5O2ZgiD	CreatorTalk	6495cf074e395ffd761b5104	Active	3️⃣Published🚀
rec5Mj2vY5d2U5gmX	Growthli	65d4f289a4c1a66e020ee8c6	Active	3️⃣Published🚀
rec5MoK523yWG5oJQ	Greenscape	6768f5a5bee4e81e664e5b6b	Active	3️⃣Published🚀
rec5NXDUP46BD8lZi	Mafulife	678d8dca93958818989ea8b9	Active	3️⃣Published🚀
rec5NbwskENm5Se6f	KnowledgeHub X	65833894d75456124aec7b7c	Active	3️⃣Published🚀
rec5NiMRuNwm1Om36	Elbergo	69822109eb9223751c57b988	Active	3️⃣Published🚀
rec5Ny3Ma8DPyRpwg	Tower	5ced992ae2e0591a47de0ae3	Active	3️⃣Published🚀
rec5NzzL63w4adSnz	Movark	69332eae3e8dd35a2312c0de	Active	3️⃣Published🚀
rec5OeAwY7nhzpOSb	Aiken	63dc7c1bb87d17a0d8de2fff	Active	3️⃣Published🚀
rec5OgG1jcfsPnaxo	MeetSpeech	61a13f4a4718868f45f9c0ff	Active	3️⃣Published🚀
rec5Pvh7h4fFWThJK	Headstart	5d2f716c3cba1fe1ad2e0f17	Active	3️⃣Published🚀
rec5Q0Vr9cEQOH01F	Zaivent	66c7b4b4d2aa1ad26c9ae117	Active	3️⃣Published🚀
rec5Q7hzeeFQhpFzi	Flexo	65f7c5a08d3d97e8054e4251	Active	3️⃣Published🚀
rec5QWbCf6RDFVweg	Vebora	68584178fc4eaf5ee15ff0e4	Active	3️⃣Published🚀
rec5QYxD2Fl6tjFRZ	Nilsson	65048c57f5e44711c6b8c965	Active	3️⃣Published🚀
rec5QqeaGOsnqlmKF	Sirocco	6803111e5461a3c8483dda9b	Active	3️⃣Published🚀
rec5R28hFK25h0O3t	Acero	646fb4e212b0f0b66da2242e	Active	3️⃣Published🚀
rec5RKI4u44ya179J	Buzzmint	69115e0450931d79210befd1	Active	3️⃣Published🚀
rec5ROgTnSXxC6EPH	Neural	6850281a86992a34d3b80d9e	Active	3️⃣Published🚀
rec5RSMvDKORkAYf3	Bolt	64fb5c7b2d780d41aeb5449b	Active	3️⃣Published🚀
rec5S1ZBMvO70b5EW	Conto	66efd86b24c1e6495956a1af	Active	3️⃣Published🚀
rec5SAN67Z8n8wfyN	Snikei	68b8694912362269e456959b	Active	3️⃣Published🚀
rec5SFzWInEcbAtLW	EasyPeasy	663955d3210378818f4e8f11	Active	3️⃣Published🚀
rec5SSZ0tQs6ZfuVF	Anosta	6745239e5f9c23ada05ecc19	Active	3️⃣Published🚀
rec5SXW5rDpKFJRyC	GrowExpert	66a675d04c8db4dac8bfae82	Active	3️⃣Published🚀
rec5Sv94k3E2ySD55	Ensure	650db5f99022d12187177240	Active	3️⃣Published🚀
rec5TvujNOoqWOmJN	Framer	5bf5456ab433e075e113e7d8	Active	3️⃣Published🚀
rec5UABL36mrsFs41	CleanupFlow	69067bfa600cc4ee60aa605a	Active	3️⃣Published🚀
rec5UmafIq2DrxgVk	Construktion X	658339422616c225079bbdd1	Active	3️⃣Published🚀
rec5UoN4pPaw29Afj	Neobnk X	655f725d860b72ad50061db1	Active	3️⃣Published🚀
rec5UpVewjkklaWN5	Safe Spend	64494a2d57b7b440c18e1071	Active	3️⃣Published🚀
rec5V9q8V1mNRcp55	Nailora	68964406b2fe587df099fe66	Active	3️⃣Published🚀
rec5VtKKT6va704fx	Black & White Resume	65b78a5732e32725a776a1cb	Active	3️⃣Published🚀
rec5WGd3FLMDacX3x	Drolix	68e08fa53f54bf93e13dde72	Active	3️⃣Published🚀
rec5WULkxEZ10Rw3G	Rgb	62d8f224e76d266656cae5cc	Active	3️⃣Published🚀
rec5Wfm0OJk2rRryW	Structora	68596aa007bee62f6a8ad490	Active	3️⃣Published🚀
rec5WmXeyL32UCkMy	Aeron	658b7d16ccc9e282f1f05c10	Active	3️⃣Published🚀
rec5X9Mg9iqqW0r8m	Fajl	689e89c040ea5556966a3851	Active	3️⃣Published🚀
rec5YKxJiAIqGff4Z	Nyte	6839bc074c48b34039088d2d	Active	3️⃣Published🚀
rec5Yc0EuPL5HcXCD	Florence	530e1cd57d58f31d31000045	Active	3️⃣Published🚀
rec5YeyYgBxKLZbBm	Homezy	644807b496ab152cb56efb28	Active	3️⃣Published🚀
rec5a2NxhSuWpuZrm	Sundeyes	63e3e09b78383e0b69da7def	Active	3️⃣Published🚀
rec5aHNWGNj8fJ8HC	Juke	681fc8e24c3cf9ee02a4520a	Active	3️⃣Published🚀
rec5aOZ8Y9gqfQ2IK	HeroSpark	688c25b406873e3c80849399	Active	3️⃣Published🚀
rec5b6MoSeB1ooI5U	Fionn	673d509f5d8b0d58f72a7f74	Active	3️⃣Published🚀
rec5bjC1pUWoTQBmw	Zentrix	68f664b6f156a64f8c19afa0	Active	3️⃣Published🚀
rec5c6stS9YZgz6OQ	Fentay	69249b46f1d2576bfdaa8b07	Active	3️⃣Published🚀
rec5ccEc871l8sSm6	Dwayne Ecommerce (DE)	623228c0becac6c80b0a04b5	Active	3️⃣Published🚀
rec5cf5r9GBYExb79	ContractoR	645cd5bd7b72c86449237a7e	Active	3️⃣Published🚀
rec5ckEqEv9InayG2	DiamondLab	64b198d87f133b148e4aab85	Active	3️⃣Published🚀
rec5cpqtGObDFnZ5R	Zohamate	668dc1a8ce843a9e54c177ff	Active	3️⃣Published🚀
rec5d9bpukd3U8PdI	Podcast	5d136dbd7a7a1a3728f57ebd	Active	3️⃣Published🚀
rec5dZiTebZ3xbcVz	Takimu	68a3f57d5c676b671b854ea1	Active	3️⃣Published🚀
rec5ddp3q5lYtakgI	Vanilla	64d25a928972b1af39669bc7	Active	3️⃣Published🚀
rec5dqWR1ZDL7SS9j	Dazzlee	68f712234a925e388da6178d	Active	3️⃣Published🚀
rec5e2Drq3FSjVFMu	Toothcare	66a2eecc6e12c804f12b349b	Active	3️⃣Published🚀
rec5ebx71KGFbhCqH	Syntive	6879d5286a56e2ea456991ef	Active	3️⃣Published🚀
rec5ejkGHxCJcUmkK	Bizio	6578d510c3aee4773790cc03	Active	3️⃣Published🚀
rec5eqvcnKi8RBfdu	Elderhaven	6850534fc7d803cbd52eaa65	Active	3️⃣Published🚀
rec5fAL3ahuAoRGDb	IdeaPro - Ecommerce	5f72009315a5ee212f532ec5	Active	3️⃣Published🚀
rec5fCxkZWjQaYJZO	Blurr	530e1bd06c209a3e1600096a	Active	3️⃣Published🚀
rec5fvpQxdtTJjunF	Outpayz	6993930585f586e47ca3ddfe	Active	3️⃣Published🚀
rec5g3DwGM5WBBdNf	Neoflo	67bf3ca364b70b2786617d0c	Active	3️⃣Published🚀
rec5gSXEYJbVOxI4x	Explorer	5813eaec15da3b2d4f702f7b	Active	3️⃣Published🚀
rec5gYZAIL4yGE6tq	Vezigno	68b1e2157185f558b520342c	Active	3️⃣Published🚀
rec5h0nhhzs1v1lFG	Aizflex	66bd3ecb7f7d6c7f20e91a35	Active	3️⃣Published🚀
rec5h7CWSxAav5SM1	Agni Archived 05A3850C	674bc56ad37ddf98747578f4	Archived	4️⃣Delisted☠️
rec5hmW6YGU7pP92l	BluBlock	64c294c6c1b4e7bc13eac6d1	Active	3️⃣Published🚀
rec5i3n1EjjwkJg6f	Keto	62670d46aa28d9677d46155c	Active	3️⃣Published🚀
rec5i8kgiozHLv9xH	Ampify	66735cc3316700ede156c9ce	Active	3️⃣Published🚀
rec5i8oQ8thJV5HhP	FIGHTNESS - EC	671b22ce5bdb5040ae750191	Active	3️⃣Published🚀
rec5iRpjnxYhN3XBf	Laundry X	65b857c94493c4b99e2b043b	Active	3️⃣Published🚀
rec5iUTBbkIpYehde	Enonix	694c393cf9f52d65d2b67bb2	Active	3️⃣Published🚀
rec5io2Gd0buyR7fO	Financio	6388dc88721d3a7ec785e9ec	Active	3️⃣Published🚀
rec5jlL2yfV3mfavy	Deliver X	62461fe7eb25a824aa28798b	Active	3️⃣Published🚀
rec5lFdUwwNRJj1BL	Metra	6824a8cdff16aa39734a69e8	Active	3️⃣Published🚀
rec5m49eGAJmp75He	Ai-Code	65492a0157c93685ee1280cd	Active	3️⃣Published🚀
rec5mJ8uokeso2Scg	Solicitor	651dd55fc7f2b43d3ff4e98f	Active	3️⃣Published🚀
rec5mKsiT6awKLVvF	Beyond	5f5a3fd8fe8395322814ffee	Active	3️⃣Published🚀
rec5mvBrxC4E6Sz1J	Dazzle	6607607368f48578d66e2094	Active	3️⃣Published🚀
rec5n9xWyeuANk3c9	Aaron Plus	6453e53a329c72dfab932d5c	Active	3️⃣Published🚀
rec5nCc3C0pyuC5Vg	Argo 128	64af6c7169fbb855ee914909	Active	3️⃣Published🚀
rec5oV0Hpu46Qbqtu	Tech Bloq	64df923b37357c6698a78e8f	Active	3️⃣Published🚀
rec5oV9tT92l8wmUD	Unixs	655bafc71c99eca7a9b26221	Active	3️⃣Published🚀
rec5pEjZg4U9EKeN8	Satines	698182199c0ee77b5f9806ea	Active	3️⃣Published🚀
rec5pk42b0hYfFvSk	Boldd	68e53d8a4051ee3be6324a9c	Active	3️⃣Published🚀
rec5q2CNZ6SCpa6BZ	Elias Street	684b66c047424a49c061b47b	Active	3️⃣Published🚀
rec5q9kO5qe0ljmbS	Green Park	669ea603d02229e3bf327c10	Active	3️⃣Published🚀
rec5qVK4NCEIClU9R	TNC Crypto CMS	653c147aeb4777fba610bbc8	Active	3️⃣Published🚀
rec5r7Jve1NzS9VVP	LunaDark	668955b8fccc868feda789e3	Active	3️⃣Published🚀
rec5r9qRSU5shwj1E	Zairel	63bed3410aae54931b97d55c	Active	3️⃣Published🚀
rec5rUapf3MQVdp1z	Leòn	644c1643d2d37234a102ca9d	Active	3️⃣Published🚀
rec5rkMpns47Apo4w	Businezz X	66cac591dacbade6b21ae097	Active	3️⃣Published🚀
rec5sBtUegfUegRuF	Perpetual	674732728a08763864abc294	Active	3️⃣Published🚀
rec5sY5HGdwCmJMPz	IsoCloud	658b7e12edde3b4ff4c170a4		3️⃣Published🚀
rec5sn0pTtvbCqyvI	Hometi	6827aeaf5ba199e8d74c92d4	Active	3️⃣Published🚀
rec5swp9oR641FhHw	HiLearn	6594392a2beb6d7f996292e9		3️⃣Published🚀
rec5t8ai8NL7GAEMO	Job Port	670008d912a570e9059dd91b	Active	3️⃣Published🚀
rec5tmO2IfQyq5YNt	Press	582a401459700a67442baeda	Active	3️⃣Published🚀
rec5tnE3UQNfc7j8U	Aextera	68ccae44108f6e2b971fc2f6	Active	3️⃣Published🚀
rec5ufRnrnDzz5KUU	Funeral 128 Archived ro3meoa0	642f0b7933cd31a328f78e6c	Archived	4️⃣Delisted☠️
rec5v6TSwTqnlrnbT	Zohas	6434febde5b4b31669b4508d	Active	3️⃣Published🚀
rec5vCK5a4N1CjjZR	Fold	61ca3a749ffcee4e7cef6e52	Active	3️⃣Published🚀
rec5vSmpE6MSb9Io6	ViaVia	65ee5e243146b1688887c9b8	Active	3️⃣Published🚀
rec5wCSVRW7i2i61J	Adoptable	5f628f06e7a6d812c937f5a0	Active	3️⃣Published🚀
rec5wR3PrSkTvgZOg	Flicker	66342797051b4690252c89ae	Active	3️⃣Published🚀
rec5xDF7Y9kahxgWc	Foliobies	646cec92284e53eb1fc89da3	Active	3️⃣Published🚀
rec5xDHB0NgE4cXbk	Mikios	644934844be39e33ae843741	Active	3️⃣Published🚀
rec5xIc3Y4t0qqe50	Venturist	65ae7ea12d7645c6bbbdab37	Active	3️⃣Published🚀
rec5xlOh8AuebhxAy	Yogart Ecommerce	5f613404fa8c2f4c68aa07b4	Active	3️⃣Published🚀
rec5y4Vy5wUhW7dKj	Mobera	698ccd2b61b68d8a0b461094	Active	3️⃣Published🚀
rec5yjHlhmMOTFIbv	Chef 128	6700608b0b6e342baea4d91c	Active	3️⃣Published🚀
rec5yr6jqbDLvhVBp	Ampliq	685e0fcf1db6b6faae47e194	Active	3️⃣Published🚀
rec5yzhHuBs55iOws	Agency17	660619d1d6e39981a4c79598	Active	3️⃣Published🚀
rec60Gl7pH9weaSmR	Cunda	6928c8865bc006f529a040ee	Active	3️⃣Published🚀
rec62GKG9qmq9wQL3	Kiddy Club	65c1747fd097ebac66509589	Active	3️⃣Published🚀
rec63VyWfQgBTpS57	Machine X	669ea156817fd247c6a91a3e	Active	3️⃣Published🚀
rec63beEFGSf9jvmx	Jaxon	67529d1f79a4a21a92369c75	Active	3️⃣Published🚀
rec63d9UUSVurDcQY	Budapest	64a1cb718197ea4c439f7a9e	Active	3️⃣Published🚀
rec63vDFY2RfkTPb8	Chatty	65a6ae45f6499c9d1a8bce58	Active	3️⃣Published🚀
rec64839wYRx7ibf7	Promptz	691219dedba93b97102602b6	Active	3️⃣Published🚀
rec64Hv978skM4uld	Numera	656fc14c10a6be6921c9979e	Active	3️⃣Published🚀
rec64vuQcdyGQnyQL	Quicksmart	5d24f07bda6c396ec9e9d23a	Active	3️⃣Published🚀
rec65dNH45X2oMvhc	Better Half	5fb3f5d1b1057ae67c690b24	Active	3️⃣Published🚀
rec65lgiCHyFhsZyC	Orexa	698cf18d889035330f9f920c	Active	3️⃣Published🚀
rec663PTxNwy1jjnu	Cresant Studio Archived nc8k3x3t	65ec28fb637289ce22caac76	Archived	4️⃣Delisted☠️
rec66RrNkffxF84oE	Powerful Studio	64e61bea520049c032833618	Active	3️⃣Published🚀
rec66mLap73ssfJGU	Auravel	68748d2292e5902fcc5255b7	Active	3️⃣Published🚀
rec66of03saAXmeXc	Vinsy	67a1a39072cdf550a153c1ee	Active	3️⃣Published🚀
rec66q9cfMFYkXO3A	Project Foood DB	657ca517e0e6cc4f42b3d270		3️⃣Published🚀
rec67CiyWt6RXMNPO	Ritoze	692f177968a7fa2e4a486bc5	Active	3️⃣Published🚀
rec67HxoyK9O7n5Cz	Jost	683882c147d3e53d03b5c6fa	Active	3️⃣Published🚀
rec67MUb0CFM4moqR	Kenzo	68cb9bce5d66ad314b081a63	Active	3️⃣Published🚀
rec683g2KNWQXG7MS	Cavada	64566859cb32183b82436974	Active	3️⃣Published🚀
rec68O1fS0GzJmkMq	ElectraX	670e95281a5871f114500747	Active	3️⃣Published🚀
rec68jk8Ad9r5vPUd	Open Studio	64db991aa43534ca3ad19880	Active	3️⃣Published🚀
rec69JHzDBFXmv2OR	PoolPerk	68916d11ebc357f39e67beda	Active	3️⃣Published🚀
rec69YhEtZIo38cjq	Experia	645bd1261dfbd141cdeaad24	Active	3️⃣Published🚀
rec69dhCKXIqdDVsk	Inora	685964d79289345da5b237ac	Active	3️⃣Published🚀
rec6A98geJxK928R5	Jackson	68efe01726f3e0db24a1a455	Active	3️⃣Published🚀
rec6AFuIaKh1qbUYi	Louis	614c97a8345e98501754f3b1	Active	3️⃣Published🚀
rec6AJFJjv06rxImv	Tiempos Archived k116lbg3	5f88d2614e6c5948d86de682	Archived	4️⃣Delisted☠️
rec6AtC8TzfqvD6cd	Jupiter	61659da79b43c341ebddca1c	Active	3️⃣Published🚀
rec6B13gdoFVDN4Kj	Vistraa	68ccafeb72ca48bebe0789f6	Active	3️⃣Published🚀
rec6BlznuvZGfSfNT	Mexora	68f7ca11bf40b63c1806e3df	Active	3️⃣Published🚀
rec6D5xh1MBDReUwO	Finozen	686ca9fe9725bac17585499a	Active	3️⃣Published🚀
rec6D7T76qBjO6n3W	Financer	66d5edbae8b7d59b71cb3871	Active	3️⃣Published🚀
rec6E6m6aI2yGIgoh	Get Swipe	672df000e375228fa9a69823	Active	3️⃣Published🚀
rec6EHJhqbOLFzXzW	Biodex	68ffa3481a4c66283bb2ade6	Active	3️⃣Published🚀
rec6EstDyxqrmj01y	Gilbbert	658f264fcf5a7d093d9cd05e	Active	3️⃣Published🚀
rec6Fj6faLReGjmeN	Softxon	6721299224835cabbf783236	Active	3️⃣Published🚀
rec6GEwYodB9REkG1	Peakly	677eae9a06a98f4ff58ade0c	Active	3️⃣Published🚀
rec6GjQa8vOTh7T4J	Niska	672e0237235f915adada7bbf	Active	3️⃣Published🚀
rec6HAkIisAS2IJmM	Zelda	68ad26790a252d1f06441d91	Active	3️⃣Published🚀
rec6HnAFA434oN0WX	Blust	6727fdcb314ab914c18e991c	Active	3️⃣Published🚀
rec6I6RFqIuIEyZPx	AUREAS	691c7ad629e4efcb7ea29b9d	Active	3️⃣Published🚀
rec6IKRGZg5OiyETl	Neighborly	6785e603bc0f3871a932e4f4	Active	3️⃣Published🚀
rec6IVYQz2WK7gWwQ	Arbin	655bc4437e8ab448fae6c4d5	Active	3️⃣Published🚀
rec6Ij1mDfHBXqYGW	Arie Ecommerce	658dfd7c41b3758b2563a61c	Active	3️⃣Published🚀
rec6J66xqDZJAgtZ9	Orixo	696fa0170ebffc3b5758b665	Active	3️⃣Published🚀
rec6Jf8LjBzCH9k5N	Pipely	689b7810b347312853d4c846	Active	3️⃣Published🚀
rec6JfkkAIgM3V3yA	Wizz	631a2fb07958964a0f2b6409	Active	3️⃣Published🚀
rec6JwSrCDs7bu7ou	ThinkTech	6689575ab3096e80b53fffc1	Active	3️⃣Published🚀
rec6JweT3TGO3zNC6	Marisol	65ddf879a65cb7dcf9451087	Active	3️⃣Published🚀
rec6KENvfXg1icGMp	Guilia	65b944f01db4afa5d5c07110	Active	3️⃣Published🚀
rec6LAmvR4oPCGlPv	Marcus Muller	657f76f6dd1607d815fff1f4		3️⃣Published🚀
rec6MM1kyPTD0wuol	Nova Homes	62a93d6a19b45cf3faf09f91	Active	3️⃣Published🚀
rec6MpKh2rFMDRxiY	Astin.C	67ca8b0e61948ce17ed4dad8	Active	3️⃣Published🚀
rec6N8ypJixXJKp2Q	HomeShift TNC	67494cc478eefa61e2d7d9ee	Active	3️⃣Published🚀
rec6NOTAGM5GetXCM	Melville	686ddb19fa353fc47903d42c	Active	3️⃣Published🚀
rec6Nm43iUxMrPfm3	Debut Studio	6515bb6008b5de4a59bb7757	Active	3️⃣Published🚀
rec6NscrqxtCMrBah	Mumbai	651d81e7aefcf6e607c6bdd9	Active	3️⃣Published🚀
rec6Nth3RmThHqKkS	Investing	6115cd741afce33d3bedbfee	Active	3️⃣Published🚀
rec6PLy6i1LPcUTMe	Riyadh	667dd9f678d5d6772ce708f3	Active	3️⃣Published🚀
rec6Ps5aEJT3CWifO	Bermuda	5d9bbfcf62ffc2767d46e0c2	Active	3️⃣Published🚀
rec6PtQ2vTM8lVQtQ	Darkfolio	63c6bb2e9709272a2dbb72e8	Active	3️⃣Published🚀
rec6QekET1XrUq5Qe	Athletic W	67f3e8550e289b6e06f8b7a1	Active	3️⃣Published🚀
rec6RXjgLOGUQ27vA	Waitlister	63fea6e757c2b739c56f57eb	Active	3️⃣Published🚀
rec6RZ8R4Cl6glqkc	Zeniq	66e6422d0dcb8cb0f1f7a9b0	Active	3️⃣Published🚀
rec6RaLKSNTr73FKf	Dermato	6989fdaa256ad53029760eca	Active	3️⃣Published🚀
rec6RbwGsr7gs5PLc	Zaivest	664cd2353fe2b2e48245d772	Active	3️⃣Published🚀
rec6RyKt7dYZsUJHI	Koachet	665f20b9d40800a4d7d48ad8	Active	3️⃣Published🚀
rec6SBUzREIWTL1cf	Vaxel	69332d243e8dd35a2312a839	Active	3️⃣Published🚀
rec6T0bbmA4s0qaVl	Sarfa	6925f2900b5d33e3c21e940d	Active	3️⃣Published🚀
rec6TFdlvSKwI19yO	PlanBox	67e4aef9e818c47a0ab1d220	Active	3️⃣Published🚀
rec6TRCSIPpYqeNzn	Simon Leviev	65087bbb67ca217a817bbcd9	Active	3️⃣Published🚀
rec6TUzpivwe0Q1k6	Brilo	6900f344cee1904d7c21e25f	Active	2️⃣Scheduled📅
rec6TeeWsHNs93TTb	NowInTech	606f7198603e8266a479f0e5	Active	3️⃣Published🚀
rec6UAfjEVKF2RcqH	Aluro	69137c18d81c57a831fef768	Active	3️⃣Published🚀
rec6UbToKwwE2Uf7h	Noyas	67986a4ae878f5e75598bf22	Active	3️⃣Published🚀
rec6UcmOLFNZZijc1	Cynefin	674e5002a6068b2082410c87	Active	3️⃣Published🚀
rec6V1vwHkuw4TVSS	Purezai	68007f1af95b5a1669403465	Active	3️⃣Published🚀
rec6VVztA5TVNpDSE	Anubis	610ca11f4f41dc09ac417fd0	Active	3️⃣Published🚀
rec6Vl7EdFw99O6hr	illuspro	678f165568e2af7451e5f678	Active	3️⃣Published🚀
rec6W2U4tALOnBlCX	Zenova Archived yjwu9mux	66fac6c5c15e596321034102	Archived	4️⃣Delisted☠️
rec6W9uNipjCVI3z7	AirTide	67730b668f931c08abd0d852	Active	3️⃣Published🚀
rec6WN3lD7jvAjmIh	Medio	6684878c9dd0feb32b24fc79	Active	3️⃣Published🚀
rec6WXGpUzeDDYbOr	Nebulos	64c14af1d1faab995c8ca86a	Active	3️⃣Published🚀
rec6WpjLGeRNkwHb9	Measure	696d9382bf4d464550499106	Active	3️⃣Published🚀
rec6X31tx7MtbWNPR	Zappy	6155c9c477bf322a8c451acd	Active	3️⃣Published🚀
rec6Xew7iiWGiuMxr	Crafted	551da1d3c359505b63457461	Active	3️⃣Published🚀
rec6Y2AN9JyvrIirj	Chisel & Comb	6768f429133eb68beec627de	Active	3️⃣Published🚀
rec6YZoh4eGAV3Ycb	Finvolv	685ed493519bb3cfcaaf9f47	Active	3️⃣Published🚀
rec6YbpdfUToWaOjm	Undisclosed	67a9802f0c5becb6b515be7e	Active	3️⃣Published🚀
rec6YnOElJLcGXSjo	Tekzen	6545501556de8a449702e2f7	Active	3️⃣Published🚀
rec6YvFgsNv5ks2Q9	Noblelaw	67d1069809e9954a14721852	Active	3️⃣Published🚀
rec6Z0aPE5P4WEqmN	BigStudio Light	664238a2157049c84da0c6d7	Active	3️⃣Published🚀
rec6ZC99wWCTCkzxB	Essential Mag	669894e990fb254a070d5ac3	Active	3️⃣Published🚀
rec6ZVJNrgiHKmNO9	Extreme	674df043b590d891659aefdf	Active	3️⃣Published🚀
rec6ZZZN6ws4IqM7y	Obliq Studio	697b885e8792900d738a5a52	Active	3️⃣Published🚀
rec6a4m3VkUHf6MNL	Gifo	685253003514670778c56f88	Active	3️⃣Published🚀
rec6ahkQJdGWDRbje	Tacos	61a95ff3af5e9b82369d1d89	Active	3️⃣Published🚀
rec6ajskIfgooAOBe	Hardware	690e059fbbb27dfecf2a35f8	Active	3️⃣Published🚀
rec6apXW0KXWN7sJv	Aydem	6908277ea83a534983c8c5fa	Active	3️⃣Published🚀
rec6bath29J9OvEyg	Williamss	6935148aee358f91bda08b09	Active	3️⃣Published🚀
rec6cH640YiiFCvMQ	Calling Cards Archived ud5ee7gf	63979619b8237e7178add4fa	Archived	4️⃣Delisted☠️
rec6cWUbLBJ2JrylN	Pixelcraft	67552808e5c867c416860d89	Active	3️⃣Published🚀
rec6dR0AVB4Xr4Ad9	KRATE	67ca595161948ce17ed4031a	Active	3️⃣Published🚀
rec6dg6eIs7ghG7DU	Digital X	61bd01f3a8e5ee5efa263bc7	Active	3️⃣Published🚀
rec6eHHv4NVplaAfL	Zaiflu	666892ef9cb86cae1bf12dac	Active	3️⃣Published🚀
rec6gUqfyPvosHUtR	Dark co	6940c6042ec4ec5ab96981f1	Active	3️⃣Published🚀
rec6gdoPLnkVwRHqE	Golden Flash	6928cb4aa21e6d37de66100f	Active	3️⃣Published🚀
rec6gkY1lbewmGnAn	Flinta	66ba96faf5f4efd4420b2992	Active	3️⃣Published🚀
rec6hFwqqZiHcmfcU	Plumco	6666e27b8fe9e50aa79d61ae	Active	3️⃣Published🚀
rec6hGL7p6Y6hJaGR	Krafti	68f7b2f38c5b9d30bc484698	Active	3️⃣Published🚀
rec6hleWBaSHoE0Vr	Knights	6839b544782c53936e2399a2	Active	3️⃣Published🚀
rec6hn2R6sUnIHuhv	OralCare	66fdb44e18572cc9c7a26420	Active	3️⃣Published🚀
rec6hs0Yol7nnd5YL	99Club	68d809f8053ee29a2687f4c9	Active	3️⃣Published🚀
rec6ik73TOcqwTgi3	Scientis	6838897b2c43f9aaade53052	Active	3️⃣Published🚀
rec6jHXY0bUtP7p8l	Auroria	68ffa07f24ff9b40a49ee33d	Active	3️⃣Published🚀
rec6jQDasSobofnAc	Sicko	662051c36ec3645ca3b96eba	Active	3️⃣Published🚀
rec6jj59jv7GgCiQ9	Culinary Essentials	66310c9edd6b0e245d4cd122	Active	3️⃣Published🚀
rec6jorUnDNIuOUiM	Jordan Smith™	6666e57147c22a141ee0cad3	Active	3️⃣Published🚀
rec6jx01ij3RBhjIp	Bright Solar	6720d716878e5e2b0006e5cd	Active	3️⃣Published🚀
rec6jyZRrMJzlA0yM	Grizzle	65b01ce88e8a2519dc069d65	Active	3️⃣Published🚀
rec6kfifCvYMfuL7V	Zense	5d9bd399630fbeeab7685d1b	Active	3️⃣Published🚀
rec6l6sIpRzLEfRlE	AgencyMKT	674e7d598d3c5c0654664d2a	Active	3️⃣Published🚀
rec6mrecYVJhWR3SL	Kirva	6753eac2df6481d22b414479	Active	3️⃣Published🚀
rec6nGSUNSNbo2RMQ	Nuxe One	67bf3f0d64b70b27866197e6	Active	3️⃣Published🚀
rec6oHyBvj2noQ2zO	Haul	6990e8ca23918b690ebbd924	Active	3️⃣Published🚀
rec6oRdlhrh6WiTjQ	Giveza	695ed22802df198394fb1bd5	Active	3️⃣Published🚀
rec6or5wsh0PAJK3W	Equalize	65fdfa0fa4c6974bda5e7912	Active	3️⃣Published🚀
rec6orm5LQelmbHuV	Carplus	6750aaeb4bd88f7d621d3cdf	Active	3️⃣Published🚀
rec6pLd3BYk1QqmgR	Confera	68c05fee8760d5b936e7e7f6	Active	3️⃣Published🚀
rec6pjTHv9HdKWg6Q	Fyelab	6760accc41d6609bd62442e3	Active	3️⃣Published🚀
rec6q0q6fh3gDZU4q	Arc-Tec	60b6bc2b033cfe5862fa2834	Active	3️⃣Published🚀
rec6q7B693083gVQF	Filearn	64d294238120f445af65b7e8	Active	3️⃣Published🚀
rec6qNiCefvkExcvn	Invoicy	60e785c02948fbba74376536	Active	3️⃣Published🚀
rec6qWxP6j34JszoM	Serene	64e8b529ce63f69e94236ee8	Active	3️⃣Published🚀
rec6qqbgT7RxShzbl	Dynamic Studios	567471bf05cf5ef6138c81ae	Active	3️⃣Published🚀
rec6qw00wQXaSM02o	Kurt	61fc6d1386c56908d34570f1	Active	3️⃣Published🚀
rec6r2S5mIwq5HQjQ	MezPay	68b3489737f56668208e8df2	Active	3️⃣Published🚀
rec6rDBkVEsOk8dpJ	Round	62e9ec7fbbc9de80f8dc37e8	Active	3️⃣Published🚀
rec6reswLYn4mkhnt	Clogy	66b1581034757e4c3950208b	Active	3️⃣Published🚀
rec6rgPqh321Go3nZ	Dominic	66c47d05fa040de0a0564d1f	Active	3️⃣Published🚀
rec6s5krUSrCrQBOr	Luxe	60932ee03107c46e5fd09395	Active	3️⃣Published🚀
rec6s7T5utrmdyKQB	Freshfield Group	681856a6d5d09d6c0452e1a1	Active	3️⃣Published🚀
rec6sHcylFULgwduw	WorkMat	671dc6d5f06c55f10225ece5	Active	3️⃣Published🚀
rec6sQ8xKGJxveAMp	Wissy	66322572ce51b39cdb657a49	Active	3️⃣Published🚀
rec6seAdKjmboZpPl	Fluxy	66b3a088ed95359cdb341df3	Active	3️⃣Published🚀
rec6tQfabJQJMwbev	Sustainax	68682d1cbdb63e5d0a0f6fa7	Active	3️⃣Published🚀
rec6u1v0Kqs09XQ1R	Coolabs	674df3cb70ceb441dda457f6	Active	3️⃣Published🚀
rec6uaMFOsTWC0fGp	Electronicz	6632b0ccd8b39a6a8328c7c0	Active	3️⃣Published🚀
rec6uo7QuCKyhJ75B	Luminary	6615032d3b46bad74b263ab1	Active	3️⃣Published🚀
rec6vfE5xxE48sZpJ	Dvry	657cc7cc7fb127b254d86beb	Active	3️⃣Published🚀
rec6w4cO7fkiN55T2	Grow Archived tj1o133k	537f8f53e82da27d34a96466	Draft	4️⃣Delisted☠️
rec6w7jL3jtSLJup7	Sayes	65f1d2b98d6ed9007a2c97ba	Active	3️⃣Published🚀
rec6wXi2XZrJpCdEC	Brandora	6968926992ef1ba8afa3a601	Active	3️⃣Published🚀
rec6wnzHxFb3hbpZ3	Loti	65d59f44638a11bf75c2054a	Active	3️⃣Published🚀
rec6woueaOj5HUSe7	Pixies	65cb67c6c7b80f6199ee409f	Active	3️⃣Published🚀
rec6ws2UYPT8mARPH	Seohub	65e7c5fcfa6164ba9241fd14	Active	3️⃣Published🚀
rec6xil1rJoStCOXj	Finacoo	6930ab56692b7e07a56c7398	Active	3️⃣Published🚀
rec6xtFeiyx6KCxfV	Jordon	65c45988b906052392d6808d	Active	3️⃣Published🚀
rec6yHkWrKCxOzAaj	Arch Space	67a23b625f7825c448eb4be8	Active	3️⃣Published🚀
rec6yOseW52FrCu9y	FitWit	6708e4e3cb54ca36ea3116cd	Active	3️⃣Published🚀
rec6ygvUzz5LKARmR	Unifylink	69137bafd81c57a831fef6ab	Active	3️⃣Published🚀
rec6yyS7H0UxiGJ30	Ultimator Black	665d2d451d7da26acfaa63e2	Active	3️⃣Published🚀
rec6zRnH3hTdwZOnR	Dots	5a2979b95d6088000150bab8	Active	3️⃣Published🚀
rec70mmw5CJEUNNFn	Lendora	68f7b79ad5e914dd3a80ce2d	Active	3️⃣Published🚀
rec716ZyI6GwCOMH5	Builders	653931a2fda873732cf7229e	Active	3️⃣Published🚀
rec71gbZN9zGUUI2L	Flurexa	68f7c271c326c4733c37392c	Active	3️⃣Published🚀
rec71yHENOM2VYdj4	DataHub	65aa9a829743ab499d61f878	Active	3️⃣Published🚀
rec72utvjzeqUMsIX	Nitely	659a100be0aa8544a80af5a8		3️⃣Published🚀
rec73SPDDbPaAQpTl	Linda	622a1c2fa76767e8be121d73	Active	3️⃣Published🚀
rec73aqEu4W3Aep98	Intiri	686d42b0945e717ab7c3d8cb	Active	3️⃣Published🚀
rec74Hlj7LE93CDTj	Evermind	68a6916724ed4b12a61b1407	Active	3️⃣Published🚀
rec74nLJevQGOTwZs	Serenique	697eac40ad1ec91f05d01074	Active	3️⃣Published🚀
rec75BkYbvhC4bSON	Nailly	669058543f0889e5c34a0638	Active	3️⃣Published🚀
rec75Kd617u4XjGgP	Cartflow X	67764073bcb5b24d81394515	Active	3️⃣Published🚀
rec768cxwOFZjmxho	Pitch	618479141dfed2f19337ea71	Active	3️⃣Published🚀
rec76LxoOcF1tyZHa	Aithra	6918139e74cdd3f42f9cb5c8	Active	3️⃣Published🚀
rec76SROUuZiiFqwB	Zuapi	6960a6d95c0317d8bc9e93ca	Active	3️⃣Published🚀
rec76Y6Ntq7pWhzuf	Moezai	689abb4914dca2107a459c17	Active	3️⃣Published🚀
rec77cl3IRXqX3Jnt	Tomas	666cdc8cadb35494f22c77b1	Active	3️⃣Published🚀
rec793RTXoFRKXcyK	Martial Arts	64457091441819187e8e5ddb	Active	3️⃣Published🚀
rec79LHHXnLQKBL64	CineVault	692f02f7a4dcb9ecfb8b99e5	Active	3️⃣Published🚀
rec79VcsFjp6n6PDP	Ovins	68924038ebc357f39e6b96d7	Active	3️⃣Published🚀
rec7AO4nV06ikZsN0	Investas	64a3148530f4e2ecf3dc4148	Active	3️⃣Published🚀
rec7APChTfnHUC4Ce	Workment	62d8cdcc9043af173da24bdd	Active	3️⃣Published🚀
rec7AWToSIzNPSaF6	SasZF	66ef08a58f364dd4599c3587	Active	3️⃣Published🚀
rec7Ag9KDlcjIrDcB	Vitae	577d3e9f044a522433e10278	Active	3️⃣Published🚀
rec7AyBUvKWYO1twd	SkyLine Archived 6xyd7ak4	669e0d114ce0dc5c90577313	Archived	4️⃣Delisted☠️
rec7AzyJZBHnVmkr7	SaaSHub	674df8ae0d328ca80f77eb17	Active	3️⃣Published🚀
rec7B1Rf0SPG72rjf	Cora	5e385e2613b1e098e9002e27	Active	3️⃣Published🚀
rec7BcDnGmbz2K0JL	Delusional	64555c48dcb292612c160b08	Active	3️⃣Published🚀
rec7C1N8LiquCIsya	FlowWave	65cfd3f79d5bfcd21b2125d5	Active	3️⃣Published🚀
rec7C2f58oIfDUWth	Codix	696f9aabad3a5695279fee77	Active	3️⃣Published🚀
rec7COcFD2zcRhqvL	Dyaro	65259ba952f7acbb9212b40d	Active	3️⃣Published🚀
rec7CRCGugVHST1Uh	Mintro	67589ced3ba03ba316c9281b	Active	3️⃣Published🚀
rec7CiNRPM3L1lZBO	Renuvo 128	630a46bbc30273dfee975658	Active	3️⃣Published🚀
rec7Cl9urNfNR5LRg	Ollie	5d9360953518d20d7117fc40	Active	3️⃣Published🚀
rec7DFHJ6Usa2zFTz	Crispo	696dbe879d527f80b1dc3f4c	Active	3️⃣Published🚀
rec7Ei7lo6JC4qNDi	Kiev	64f74987d39a4df174abc742	Active	3️⃣Published🚀
rec7EikKeaLCElO6K	Coworking 128	646fb202f9c7c087e540e6ba	Active	3️⃣Published🚀
rec7EmOFi9f0lMCSH	Algorithm	664cc20cf33936139a9ecdad	Active	3️⃣Published🚀
rec7FEUXMyVYhsTsQ	Imagez	65c68fc8f8a1d73a6b263bf2	Active	3️⃣Published🚀
rec7FEpb1Is5u38Kq	Geneva	659c2dca4f5c577987c183f0	Active	3️⃣Published🚀
rec7G8ROjMOrCvS72	Corpath	6930591d0e6c3fd3c394624b	Active	3️⃣Published🚀
rec7GIONyYaWvNWTP	QuantumX	6564b34df56897342da99725	Active	3️⃣Published🚀
rec7HkSS0nUXyDIPL	James	63e11b2ade6dde394e81d2c8	Active	3️⃣Published🚀
rec7HwMin2uH6oOSB	Elegant Archived liqkeibu	65836d9a91b7583bfcf124e7	Archived	4️⃣Delisted☠️
rec7IG32zpfAFw9me	Medonix	68e4eda1de8c199a02f28d34	Active	3️⃣Published🚀
rec7IHToMxPRLQw2m	Solaren	6655dab899cd9af9857141cf	Active	3️⃣Published🚀
rec7IilOCILivNLCM	Edison.	68859c19d9b3c171ee0b23a9	Active	3️⃣Published🚀
rec7J6YRsZxNGEwUS	Gregori	63d3f73b6c31c67a5f361f61	Active	3️⃣Published🚀
rec7J7UGJ7q8AVhdd	Desk	646fb37e6ff5238cfa69aed3	Active	3️⃣Published🚀
rec7JFbZFjZTnhIsj	Renzai	6541ce40ce28db2604e2824a	Active	3️⃣Published🚀
rec7K3DkVGkxSWhjP	Enigma	5d3b2e178474c4d5ec1dab14	Archived	4️⃣Delisted☠️
rec7KSTMtX2uTefux	Harbor Consult	672a77ec4e79c50007105d6f	Active	3️⃣Published🚀
rec7KajTrvBGNA5YR	Honor	6390a316909033309643293f	Active	3️⃣Published🚀
rec7LhLHzCA96WMOb	Optitech	63a200805694ce35ecab670d	Active	3️⃣Published🚀
rec7LvHPFa97It9MS	Reinhard	67599dac85895bc97024140c	Active	3️⃣Published🚀
rec7MLkR3mKjfm2lx	Finvera	694eb564d5d9e96efbdd3394	Active	3️⃣Published🚀
rec7MMW7mW7mq3w2E	Leaf	63d6e4d6a9b0d5c775da103a	Active	3️⃣Published🚀
rec7NB3fq46SBN8kB	Grad	63938eb7a1404254db97d7a7	Active	3️⃣Published🚀
rec7NE8QuJelQjmOG	Flow Vision 128	662741390889f2489acd73e5	Active	3️⃣Published🚀
rec7NH578dsnKMg8K	1001 ways Archived c5m25cjx	66a0eca753245549cc4c0499	Archived	4️⃣Delisted☠️
rec7NJCXmBRbLSAYF	Fischer	5f7ef4d5fb684b00f42d3274	Active	3️⃣Published🚀
rec7NsqtbDfoqqZuI	Terravia	68a4bc63e7a050b842eae2da	Active	3️⃣Published🚀
rec7NyuajKwv0hLrx	Helio 128	675b13dc2050f77963838186	Active	3️⃣Published🚀
rec7O8GBL9X5HrWQZ	Medicio	65846db096460711e066446d	Active	3️⃣Published🚀
rec7OT3kaB1KA0PqF	New NFT Cards DB	6489e340b2d5a72080043f5d	Active	3️⃣Published🚀
rec7Od2WR6rqpgpnb	Zaitory	676c9bce558ab1768e7ea80d	Active	3️⃣Published🚀
rec7Oxs1lHdomLj48	Startek	65259a0caf9773d82c9a658f	Active	3️⃣Published🚀
rec7Pptqf7kmSNhEP	SpiceFusion	672ba6f8b98e0ec266851324	Active	3️⃣Published🚀
rec7Q7H7ghMpYoANJ	Pallas	644af1a371649f2661d0b9c5	Active	3️⃣Published🚀
rec7QPUcZP65jb7xx	Large	6978f375069654f46d5a0ac9	Active	3️⃣Published🚀
rec7QcoevBtwmIoLd	Paper	61ef3c794a93b1b0fd0769a3	Active	3️⃣Published🚀
rec7Qut0NBRLDMpyS	Universaas	664ea7b2c60a62d45ffebbb5	Active	3️⃣Published🚀
rec7R5w3kzhwbkUIx	Alastair	6801bbc6c4dd57ad02c5d94f	Active	3️⃣Published🚀
rec7RDBQkRUaaOgwx	DesignFlow	67e5e63dd5d5f6a2602551d2	Active	3️⃣Published🚀
rec7TJFo07QkaxwUg	Eden	6541d309c2cdfb8dc705f35a	Active	3️⃣Published🚀
rec7TLr6CLpwkOMsX	BeFlow	623cd662cf20a00f9d766fbd	Active	3️⃣Published🚀
rec7TazqSTr5pQWPm	Avynor	6958a93f885c0ee92f72e48c	Active	3️⃣Published🚀
rec7UJqgWZ4ld8lU0	JohnReal	6620db31d9fe06dd81f66350	Active	3️⃣Published🚀
rec7VPMVlVdUTRTaG	Startaily	67356a7abc225e205209198f	Active	3️⃣Published🚀
rec7VPNT9SZTwec53	Garlo	651d7e71e0339d159291d139	Active	3️⃣Published🚀
rec7VWWdPamkCdifo	Propertly	649c85bfeaca8afd1cf22cfc	Active	3️⃣Published🚀
rec7VicZ5VUuaDgcf	Krak	64856444dc26172c420d5344	Active	3️⃣Published🚀
rec7WINdnYV3wGmpA	Luxecar	65fd30cb34eb830c54ccbb07	Active	3️⃣Published🚀
rec7WmWDRJ2JBynEd	ArchDex	677af6889038c11258793297	Active	3️⃣Published🚀
rec7WpZFwAtWJHnXK	Cyberon	698517f92e92050fce48d391	Active	3️⃣Published🚀
rec7WvwVqRUGaxboF	Tailora	69499f10c5e9c4589332186e	Active	3️⃣Published🚀
rec7XcQtSFP6I99Wr	Nailsy 128	64cbc6fd7596def6f597bdf5	Active	3️⃣Published🚀
rec7Y6NGEBWzUNiyA	StrategyFlow	6661d9a547b7312e5b2364c5	Active	3️⃣Published🚀
rec7YUcktzvuHLBG4	Profolyo	67ec0a27b3d96c20ddfacc5e	Active	3️⃣Published🚀
rec7Yk47Y2V6Ea5Fu	HomeSalon TNC	673c9eb8b7bbe04fb85d36e9	Active	3️⃣Published🚀
rec7YlEp4eHuqWT9E	Lift	60c9178d2fe2b774285fdd09	Active	3️⃣Published🚀
rec7ZGBZpkZnkoEAI	Webfolio	63cfe08226c4c82c9fda8a58	Active	3️⃣Published🚀
rec7ZHLNFPydH9EkO	Nebula	64a445711aa97993e7966ac7	Active	3️⃣Published🚀
rec7ZP0sUFp3Y4xIr	Endeavor	671176a63958e12aa1b5469e	Active	3️⃣Published🚀
rec7ZmjR6tgRba48n	Demure	660a97535156940ff5f0c8a0	Active	3️⃣Published🚀
rec7aHfKxYzbisL9y	Dent Smile	65d24dbad9939b92824232a8	Active	3️⃣Published🚀
rec7aQ9eI1hMMMVxs	Tech	5faee5b7f2b82a9bec5926f6	Active	3️⃣Published🚀
rec7ax0MmH5huPBY0	Evatto	69305bea5e767257a5878345	Active	3️⃣Published🚀
rec7b0t9LF1BA2aH3	BeSavvy	631fa15c82c06b27ae6a5f6d	Active	3️⃣Published🚀
rec7b7DIAaMC4f8OG	Zyntexa	692c173a87def59ee7e1e630	Active	3️⃣Published🚀
rec7bLT7gFVvCUL3R	Level	5e2892a364c767aab64995ce	Active	3️⃣Published🚀
rec7bi3odQBqsjvZ5	ArcFlow	66509b8ab9905bb1fe74aac1	Active	3️⃣Published🚀
rec7c0uPmyRjGC0P9	Foll Studio	6639f18af8f594ae551bf09f	Active	3️⃣Published🚀
rec7cSDjpJty9Nz8W	Therapy Care	664e7436df9cd4f7a9df6b36	Active	3️⃣Published🚀
rec7d6tdsNrnglWZA	Evermore	5fadd648e2e4b5b75d5e8e53	Active	3️⃣Published🚀
rec7dUsUqzQx1xGyE	Dappify	68f2e41dea16dd382f07ca0b	Active	3️⃣Published🚀
rec7dXTbmhDiZ5omZ	Byrce	65aeda07c6efd911cfb91033		3️⃣Published🚀
rec7ejEcm59yix6HK	Tonka	63c6b3aae34f340418dc2e5d	Active	3️⃣Published🚀
rec7fUpfHW8mH2oXx	Ljubljana Crypto	651b1055469271abd65c02a7	Active	3️⃣Published🚀
rec7fseM8CRxRWwv4	MonksDigital	6828f816b657cec6eaea53ab	Active	3️⃣Published🚀
rec7fuKVIhB1GM5Ox	Thegem	6320b5168f46e685e7082462	Active	3️⃣Published🚀
rec7gRwBzT2sXcPPc	Cleanora	698a07610e8900431741e9d6	Active	3️⃣Published🚀
rec7gTBQRjfPWI0rg	Orxin	604bf66413eede381da91cce	Active	3️⃣Published🚀
rec7hVTQsYi4SAuu4	CodeGent	69431213a54c5a5cf1dec3f3	Active	3️⃣Published🚀
rec7hcSkw0NNmEv3l	Mobify Archived k6p3m44w	64133da22d3c100c0ac00900	Archived	4️⃣Delisted☠️
rec7hlBNlLfF6F8fq	Vestorix	693284aade4ec8a2d1d5658f	Active	3️⃣Published🚀
rec7hs1Y2sJA3NEQk	Symbol	66960217fd4b99be1097cbe2	Active	3️⃣Published🚀
rec7i6muKW2coZ5UF	Memories	60088f40c11a8dd21d39823e	Active	3️⃣Published🚀
rec7iV7hmAJg7HPym	Artifact	67dae6ee71aae012c8b0bc7e	Active	3️⃣Published🚀
rec7ipq1g3bvtYK8P	Celeron Pro	6765c5682e08412f9fa71d32	Active	3️⃣Published🚀
rec7iqaiwooCr7Kri	Single Property 128	64a478c02c23cf12dbbb0f50	Active	3️⃣Published🚀
rec7jFDQIkWc65R1y	Codx	623d02079f0d171dbf755cbe	Active	3️⃣Published🚀
rec7jKYThQmrUH6Tf	Ricardo Brown	648aaabd117a2105edc4209d	Active	3️⃣Published🚀
rec7jcl1OGkrzEdde	Inkspire	69162559390b472ab18d8b70	Active	3️⃣Published🚀
rec7jtZIAGG8u3hyg	Stock X	64e38431de643e70163dfed4	Active	3️⃣Published🚀
rec7kAlQRX3hnjvaQ	Econom 128	660de10a226f869747ce8b30	Active	3️⃣Published🚀
rec7lBRIrLyMJnJ21	Plath	660bfd8502f566441ceef5b3	Active	3️⃣Published🚀
rec7lQSJ0jIaHgaqu	Neom	67eb4ca6a31f4d9399333fb9	Active	3️⃣Published🚀
rec7m9cfv50MafeQa	Wicadia	67afa54f4d5f4dffdc508f29	Active	3️⃣Published🚀
rec7mYuwzOWzRsS04	BeautyBey Archived 3nj6o429	6584b306a2795f8bea2c064e	Archived	4️⃣Delisted☠️
rec7n3qNa0ZTImSyi	Three Circles	68e3ea096f71ebbe61cdafc3	Active	3️⃣Published🚀
rec7n8Y7kX0eePAxF	Markite	68b9ac58c332341221c99612	Active	3️⃣Published🚀
rec7nfRKp0m7biDXH	Klener	688abaa8b2c38348379f0af1	Active	3️⃣Published🚀
rec7ntnHk4Nrr1F5P	Gento	664785a984267972dcb72afa	Active	3️⃣Published🚀
rec7oPDlUoJLLsdXb	Evan Warren	669ebdaf46982b8989122455	Active	3️⃣Published🚀
rec7oS8qyaedjALSl	Recrot	68ff9f0874faa839be74c411	Active	3️⃣Published🚀
rec7oY8Ngp36g3DH5	Revolve	65c9a21adcb44b0eab8d8b49	Active	3️⃣Published🚀
rec7oZBpX49fuaLnm	JOSHUA	66832a745058f24f7ad6cb2b	Active	3️⃣Published🚀
rec7os1lwo4Rs1gLK	Chatpilot	68cc16995d66ad314b08cb96	Active	3️⃣Published🚀
rec7oxO2by5IQynY7	Smool	60b02cc194ca8a0ba33fcbf3	Active	3️⃣Published🚀
rec7pAlVEjjDb0fqY	Revelia	681e7ab38938a40f6de6c0e7	Active	3️⃣Published🚀
rec7pFp7SM31mK7DT	Bravest	685b8a5954c1e04de60acd95	Active	3️⃣Published🚀
rec7pK0DZpUSnQ1mL	Soloframe	6541d3edeec0699901cf0479	Active	3️⃣Published🚀
rec7paeHw4beSzy2C	Phototaker	65fd350ea25c5fa6653262da	Active	3️⃣Published🚀
rec7qwec4nbHaUafI	AirEcho	668789f85ef93b21f7c663a2	Active	3️⃣Published🚀
rec7sAMBKof3qZUP7	Sunrise	67cb3628fb8b4c0f96ed2de9	Active	3️⃣Published🚀
rec7sLFuqks0fX4dW	Ezads	67d36041d6a6a06a2ae92d7c	Active	3️⃣Published🚀
rec7sb6DNDHdVQYqF	Book Landing Builder	65ca577f54702560616b9a8e	Active	3️⃣Published🚀
rec7t1BkCMgaWEF9x	Foster & Reeves	68c8176cd8f6b9ca291f2167	Active	3️⃣Published🚀
rec7t5uUKy29tg71U	Solflare	68e3d8d94496b95023238e1f	Active	3️⃣Published🚀
rec7tjutCWA4GmZxD	Ayana	689a22aaa706d27c79e5997d	Active	3️⃣Published🚀
rec7tkVl1wHRzj9rM	Crossfitmatter	5d0948933d6e1c6983a70679	Active	3️⃣Published🚀
rec7uC8I2XXdiPK1C	Beńk	6510793b53f43a1aac005926	Active	3️⃣Published🚀
rec7vRSXRpBB880D2	Scapia	68fa43ef1543c6358ce86f52	Active	3️⃣Published🚀
rec7vSmvoWenxkGIW	LittleSteps	6994abb1d01cdec62fcbd5f8	Active	3️⃣Published🚀
rec7vXNh9TkhqRNVz	Vclip	63c35fcb1a1415bba124c7d6	Active	3️⃣Published🚀
rec7wHaHG9vn69pWn	Zaiedu	64af70eb38da68a9feb178d3	Active	3️⃣Published🚀
rec7wdSy6FdZn1KCq	Vgencya	6526c30124182facf6ee6979	Active	3️⃣Published🚀
rec7xY4iKqm0dgiZQ	Fluxen	692df134ad7ccecd7a998c2a	Active	3️⃣Published🚀
rec7y5V0hOzU9w1aE	Gather	62e5aca8db35992dd5456830	Active	3️⃣Published🚀
rec7z7FFje5dw1jBT	Reykjavik	64493b6367399e68f3f9af8a	Active	3️⃣Published🚀
rec7zUwHYZ2FZljvs	Smiley	664e252d97ea9b93fc3c2c74	Active	3️⃣Published🚀
rec800SC77JRk3UAl	Ekvator	68a4b6b89409e31f52f03c51	Active	3️⃣Published🚀
rec80NR3XZ2UVghW9	Studiō	64b4a306676a8a5eb6baaaf1	Active	3️⃣Published🚀
rec80aupEiXQm11bT	Nexui	6978f20b2df4c869af103078	Active	3️⃣Published🚀
rec80cBBtKSfQbxTz	Quriss	6965205538ad55e3c81abf8e	Active	3️⃣Published🚀
rec80ns1GjS9cIOUs	Bella	5cb0cd2880f94079c2e6551f	Active	3️⃣Published🚀
rec80refE87m1HDXD	archiv	666f5e68624f220626b60b16	Active	3️⃣Published🚀
rec80t42PxdDK5v7K	DataDash	670706a564d23e1f9cb3dc50	Active	3️⃣Published🚀
rec80zTDUTxo35zeh	Saazio	6665471002dabf20071976c4	Active	3️⃣Published🚀
rec81h0UrDXzcFc4k	Swetzel	68e5923b30c4d7db0c2b165c	Active	3️⃣Published🚀
rec81jt54Rkihv1u3	Bright Beginnings Childcare	655283da7274054af5c450eb	Active	3️⃣Published🚀
rec81s0k9yAOb5V5d	NoBankYet	615f45af562eefa57d7aec7e	Active	3️⃣Published🚀
rec82HSPlLuk2hgAh	Tribune Blog	6674bbd177c17f22b2706248	Active	3️⃣Published🚀
rec82UmiiUSwId15E	Timex	64855fd53b845cf801b4b927	Active	3️⃣Published🚀
rec82iDFmVfVjB68o	Casho	67b10bd04d5f4dffdc52ad90	Active	3️⃣Published🚀
rec82sZyeZyHDwue5	Agentia Creativa	687dd826b7a61fed552c0d7e	Active	3️⃣Published🚀
rec83qfRXPslVsKcf	Crave	65eb99e8ba1303ca03537796	Active	3️⃣Published🚀
rec84br1j2aSCmllq	Nexro	69306933a6d88f45f04f7735	Active	3️⃣Published🚀
rec84eZzlZLaPUXuI	Distribution	657b8a597b5f2f23dbc59e41	Active	3️⃣Published🚀
rec85FhNLJcqfZu3s	Healtny 128 Archived val146fp	639ccbf5515851dce2b47b64	Archived	4️⃣Delisted☠️
rec86urIe07X4KntA	Lifelogx	695bed5a8170559ba1f47e1c	Active	3️⃣Published🚀
rec87ZGjX8a6guFRA	Essence Archived nc2i4cxn	61a9592c3ba972d3ab0ae219	Archived	4️⃣Delisted☠️
rec881IDAZh1P3yEC	Avenor	66f71392bafca2afab235792	Active	3️⃣Published🚀
rec88CFgptuFE77Fk	Relosia	696dab029d527f80b1dc0af4	Active	3️⃣Published🚀
rec88aDFK4iVijbxH	Talk Show	638a4e5c1e311ec19e8df286	Active	3️⃣Published🚀
rec88zNMQ6V7Um9WQ	Soulmark	68d169233e2ee32c842636a4	Active	3️⃣Published🚀
rec89HZpNCA8DF6JO	Kunst 128 Archived r48jirjy	623d04d73f70c5a1851b9aa7	Archived	4️⃣Delisted☠️
rec89TfX3R514vTHS	NexusSoft	669e9fc249fef65cf83962eb	Active	3️⃣Published🚀
rec8A0m7tQR4YU4JL	Zairity	689e8dae0c5eb1bee58579c7	Active	3️⃣Published🚀
rec8A25WAxlpyNNmU	Buskit	64db9766e87d7a04eb2e77d1	Active	3️⃣Published🚀
rec8AIU7IfGsnfc65	Arpeggio Archived aftmeg4m	695be9106301a4d13d17bdd3	Archived	4️⃣Delisted☠️
rec8AqLFCJglNeKhy	Simplify	665f223ce31550f88abd0ba6	Active	3️⃣Published🚀
rec8ArU930cf6Mu89	Ignivox	67e0992b008f1b81fd3e820d	Active	3️⃣Published🚀
rec8AvCNPGlsagZnu	Zaibizu	63b9e33015cbc7289c8357bc	Active	3️⃣Published🚀
rec8AxGJ5OB2DEj86	Strifex	66009e4858f2d38047f9724d	Active	3️⃣Published🚀
rec8Bv4InWh4NKU1m	Gentheri	68682f410e19f4887662fc76	Active	3️⃣Published🚀
rec8CGCyNR02KJBy8	Alex Portz	68a3a6e4d00725006362d6bb	Active	3️⃣Published🚀
rec8D6voGtpTqEa61	Webcolor	604054bc8a663ff85417a454	Active	3️⃣Published🚀
rec8D8k3PKn3JdG0o	SaaSful	5f9ff8bcb2282e31957596fd	Active	3️⃣Published🚀
rec8DV9RW14kJnGk3	Ageva	68cb9fd5ddda5e45037f117c	Active	3️⃣Published🚀
rec8DypJ1XPWjTfvg	Generative	661f8a6d90f4a57dba7adfd9	Active	3️⃣Published🚀
rec8EhZ7JEiAarPQN	Five	542483b5d903582652f06166	Active	3️⃣Published🚀
rec8FQpknK7BiZYrg	Sarasvvati	699661f8a49a41f193e07bf9	Active	3️⃣Published🚀
rec8FjIlQjPQwqJ5b	Storewave X	63402661d1a3290c3e63431b	Active	3️⃣Published🚀
rec8FmWP0b4XE8mqF	Movie	5d6c4340068031022892c43a	Active	3️⃣Published🚀
rec8FrJJ78O3gHQ4m	Arocen	661970a9fb4c60ec4425072e	Active	3️⃣Published🚀
rec8GHEA6CAT95YUX	Unisuite	68030a225461a3c8483dd484	Active	3️⃣Published🚀
rec8GWSUXwTHv9uoZ	Sociable	65259bf24e74dc353ed5ac37	Active	3️⃣Published🚀
rec8Gwi92AKeuUVOW	jotti	650c816d126425c9649d0b41	Active	3️⃣Published🚀
rec8H4bSJhsnSme79	DarkPorto Pro	6774269ac7f918a28c5fe24d	Active	3️⃣Published🚀
rec8HdgI62M9zf0Zs	SuperFolio	6036c0f2c21d922a724e5012	Active	3️⃣Published🚀
rec8HoTmKjgWXo9wz	Dark Studio	6646f278626528d5c6e31c87	Active	3️⃣Published🚀
rec8JQZfy6OmjIMJ3	Boldery	6774baf22c9285dbc7ef2ee6	Active	3️⃣Published🚀
rec8Jx57PkslfEOGD	Axyon	697d0be5a748b2754dc20853	Active	3️⃣Published🚀
rec8K7EbW4i9iJ7xV	NovaX	6613c02ad9064b50947eefd5	Active	3️⃣Published🚀
rec8K7Rj4I0FwhQVi	Leak	67d9ab6c4022b6e9cd3f05c6	Active	3️⃣Published🚀
rec8KGNCi5nfEowyl	Eric Waller	65567ed449b323da91a0f4aa	Active	3️⃣Published🚀
rec8KLZLWLFHjVbWj	Tracle	696e628386267f315ed7fe41	Active	3️⃣Published🚀
rec8Kha7Ym0n0ckJZ	PhysioFlow	696514f6d741658f0baa7495	Active	3️⃣Published🚀
rec8Kk0Ewmq2OU9eR	FTS - Freight Transportation Services	6760e11ca38eb9ce411ee645	Active	3️⃣Published🚀
rec8KuCIzCONVdy4y	Blogos	5e9e05d78b780010e44211e0	Active	3️⃣Published🚀
rec8LCjme5lF9l0Zd	Byrå (IT)	61947b232be1274549846ad9	Active	3️⃣Published🚀
rec8MF6jyR9NLOAjV	SkyRocket	65c68f14f4a403e61abdf521	Active	3️⃣Published🚀
rec8MxdLtHXjGx0I0	Dashly X	62d8d404c1ef5ce9854685fa	Active	3️⃣Published🚀
rec8NSBhiu0bWbUva	Glopay	68f0c59da41923235aad08a8	Active	3️⃣Published🚀
rec8O83kALmLXmCTd	Nonise	692dc2ffceae8a9e10ff33d7	Active	3️⃣Published🚀
rec8OCzGfWSAjHFBr	Dynna	68955a4829fe0f89d1bab765	Active	3️⃣Published🚀
rec8OV3TuHABMHkKO	Fresh Market	658f05dcb26b11084f215701		3️⃣Published🚀
rec8OfiHHp7ReKU8C	Frequency M	636bcd7fa9cee17541146280	Active	3️⃣Published🚀
rec8OrF3Y0YldBvCt	Nuvo Archived aywtyb9s	554a3d5fabf193924ca3c95d	Archived	4️⃣Delisted☠️
rec8Owkl8X8pZyVa7	vistahaven	67a952980c5becb6b51595bd	Active	3️⃣Published🚀
rec8OxOuYJTC1R6EK	Altuz	67f55620246bc7422cf52406	Active	3️⃣Published🚀
rec8PKHhisjX2t6VV	Argen	64d6498f1a3a08d8bfb0be17	Active	3️⃣Published🚀
rec8Q6biT6mS386EY	Aspire Archived 7gcc73m1	606a95b01cff2c5ff1f0bf4e	Archived	4️⃣Delisted☠️
rec8QKuFsQMmsolYi	Hibiki	686098f6399a0e4fdcb8984a	Active	3️⃣Published🚀
rec8RHA87SmfXpFie	Smoov	67aa6f0ed1fe2a1956c3503c	Active	3️⃣Published🚀
rec8RdTeX8rmL1mTb	Bobs	619597da7824df62c80e5ee6	Active	3️⃣Published🚀
rec8SOlsvAOvHbOHm	Insuria	695dd8ff5f432116f058a522	Active	3️⃣Published🚀
rec8SXCr36YqPm03l	Navis	67cf29ab1a3fb9cbf8dea5d1	Active	3️⃣Published🚀
rec8TgQM4V1RUZxJi	Singer 128	651ae23749b451b3a30e028e	Active	3️⃣Published🚀
rec8UE5nGEYf3zNj1	Neuraflow	6806c96899f96a5120ca1e0d	Active	3️⃣Published🚀
rec8UsUcUqSnasbPY	GlobalTruck Industry	67c801583113abd611b05b00	Active	3️⃣Published🚀
rec8V15ASiViqvPAk	Confy	5e83c1b3a94c531baea04e62	Active	3️⃣Published🚀
rec8V6vUW7BPR6wLr	Turkana	623d076418b089ce7107879c	Active	3️⃣Published🚀
rec8VsCorwIANZcUE	Movento	690bd3fb8467df9c70e9027f	Active	3️⃣Published🚀
rec8W0hjpMGWSXwst	EnterpriseLink	6564b7d5dc4f590093ae1c0e	Active	3️⃣Published🚀
rec8W9o1tylN9zTo5	Motorcycle 128	64dce0e6cad785f3d7af9a95	Active	3️⃣Published🚀
rec8WZBvasNORMD1t	CopyWriter	66db4d8790d790c25e7a4971	Active	3️⃣Published🚀
rec8Wmp8xcCdoiIS4	Twelve	61e884640b37a8c27a28c6d0	Active	3️⃣Published🚀
rec8XYrM3u82C5C1K	1833 Studio	6778d095afc0ef4f9d78b8e9	Active	3️⃣Published🚀
rec8XpGw663M5Zjmh	UnityX	678d154b0292451ca9228385	Active	3️⃣Published🚀
rec8YCxB232aD4TwY	Flowbite	65e906f0f3cabdc9f15321b2	Active	3️⃣Published🚀
rec8YHr1VanMhiUh9	Nubo	6960ab2b5c0317d8bc9eac3a	Active	3️⃣Published🚀
rec8Yie1Ya73AOp0G	Rae	66ba8460018f0a14b2080398	Active	3️⃣Published🚀
rec8Yxvf7qeT0YbXd	Sirene	6940c483f16baeccce2c0ce1	Active	3️⃣Published🚀
rec8ZRWRlecg7axZ5	Pulse	657cceb51cbe7e9f27f363ab		3️⃣Published🚀
rec8ZWbcayNJwZxjD	Medifye	67bc948ca056e1cf2b6c8953	Active	3️⃣Published🚀
rec8a1tF0iMoJ78OZ	FWD Archived wqml75qa	6584b0893a42089204a3303f	Archived	4️⃣Delisted☠️
rec8a38X78mawunYr	Delab	66ef4f8bdf9d4c640393c461	Active	3️⃣Published🚀
rec8aYedZCh4x9mEc	Name	649ef350eef6592c129458ef	Active	3️⃣Published🚀
rec8bEdnlFFthrvhy	Finnest	622a27fc1e19ab090ef0796e	Active	3️⃣Published🚀
rec8bEmeioo8q1FPm	Jack's Folio	64ab96b5304942f119055929	Active	3️⃣Published🚀
rec8bWPr2RdADvP0b	Imagen	66617da0a29f480c4087b2ac	Active	3️⃣Published🚀
rec8c5kuXvLKbaUC0	NFTZAI	6254d5d1ae040b6e12db7932	Active	3️⃣Published🚀
rec8cYtIuVWSx69Ez	Jorsa	6847aa5f5994b13830d99635	Active	3️⃣Published🚀
rec8cZJs7ndNxMvDn	Zenithox	666cd81f98332c1878073cfc	Active	3️⃣Published🚀
rec8cs7oQ712Efjkg	Neuage	686c4b5a8266a79a472cb66c	Active	3️⃣Published🚀
rec8cydZZPdWKEnyN	Nogency	65c3c8adec971bd561b1aba9	Active	3️⃣Published🚀
rec8dKDEQpwVCbzIB	Monra	698ea6d6995127e29dd70132	Active	3️⃣Published🚀
rec8dcXjSznCcXp0r	Zyforia	6978fe18ab661f5ad11040e8	Active	3️⃣Published🚀
rec8doFgWiZb8jlje	Bankpro	66b7a46ae63e989b8d1f4ee3	Active	3️⃣Published🚀
rec8f2SuAUpA0TVOq	Fluxify	65b10be0b4b671ebfe40dd70	Active	3️⃣Published🚀
rec8fDbGzzY433fLY	Prospera	66198a67f953f8a4d99260cf	Active	3️⃣Published🚀
rec8fLitIuby1Ghd7	Techiofy	6724ddcba31c707477a4cd14	Active	3️⃣Published🚀
rec8fc376mJfKMXiB	Kofo	63402e75e7b52a6a02d0376d	Active	3️⃣Published🚀
rec8fqtW195i87xzx	Rbn	665a36dd346cee055160bfd2	Active	3️⃣Published🚀
rec8gO6BMQGKq8G5v	DineNest	66f2cfdc840fe4119c2eebf2	Active	3️⃣Published🚀
rec8gn71ka1AWcAbB	Bauform	67aa06911e2e801d56992ef4	Active	3️⃣Published🚀
rec8hGvbDU97xxqG2	Bent	64909462b90ffbcead723d79	Active	3️⃣Published🚀
rec8hHYsDdkpXzBSK	DoWhith	664231d7aed835d5ba56e568	Active	3️⃣Published🚀
rec8iDIoWTW7jK5sR	Raise	63dc7c869589a84476e4934e	Active	3️⃣Published🚀
rec8iiNmUUL4l24BL	Rokvi	66b50a7236f880c270820361	Active	3️⃣Published🚀
rec8ipND2islvnPZM	CollabFlow TNC	659eb7fb2bb47ee3ee6de37d	Active	3️⃣Published🚀
rec8iqNlNvsUNmWVA	AndorDev	63cab84dcbc17bde6a268967	Active	3️⃣Published🚀
rec8iuQ9sc7gzIvAw	YTDH Archived xzak6f36	660252b694125228b29b10d6	Archived	4️⃣Delisted☠️
rec8j29KcAhDSr3z7	Bisfer	683cca9cc3930e093b1247a8	Active	3️⃣Published🚀
rec8j8yixOa98JifR	Confrix	603ee688e5788c8302ad1e3b	Active	3️⃣Published🚀
rec8k0IhmvK0tX4mK	SellEasy	63e11c68fb6761360f5b1d80	Active	3️⃣Published🚀
rec8kCgEnpGEOjBB6	Autivio	678d395c0292451ca922d321	Active	3️⃣Published🚀
rec8kbLfdmb8FSUbh	Uriap	648860fddd9f67a6c7f77dd7	Active	3️⃣Published🚀
rec8kkQbWtMstgH0c	Soaply	6334ea608ff88b1950d167d5	Active	3️⃣Published🚀
rec8lKP8xxcwAAuHV	CreativeMinds	606b64c427580619cb01089f	Active	3️⃣Published🚀
rec8lrWK60XZGRVLW	Aura Fram	691be06e3c2eb778e2a608c0	Active	3️⃣Published🚀
rec8lthaVikgrRh21	Yoga Plus	65492da098261b9aedd3c208	Active	3️⃣Published🚀
rec8m37kJ0ELnabHz	Olivia	6313cb2f7abad86044f2ff63	Active	3️⃣Published🚀
rec8mAh18MhXlHRuJ	Interior TNC	66258e9e3e3abfceb74852e1	Active	3️⃣Published🚀
rec8mgmGs5Chb2bFC	Netzy	67452593982d0763ba97756b	Active	3️⃣Published🚀
rec8mt3xDwLCzB6QB	Someday	62e5b8a4df58574dbbbf6cf7	Active	3️⃣Published🚀
rec8nNs8JOqjg63CT	Eilex	6830eba6f56afefb789656ad	Active	3️⃣Published🚀
rec8nPs4NM8QCGrO1	CloudHub Archived 08ja3ygj	65cc3a62398f0f3e1757a3be	Archived	4️⃣Delisted☠️
rec8nYYyf9RLn5dnY	Eclipse	640a0d14c826603e9b5ad6c7	Active	3️⃣Published🚀
rec8oFHjjOnbsm0ef	Noize 128 Plus	65ef7c498d4f23e3680e106d	Active	3️⃣Published🚀
rec8oQ776gvcRdErq	KeyWord	6625a52205e195163f652e2a	Active	3️⃣Published🚀
rec8ozoBWC8eLGnNJ	Potterinop	66156efbd8f2ba50300e08e6	Active	3️⃣Published🚀
rec8pJkJDWHYviyWp	Alterx	6941b55f4322d2658b0f47f4	Active	3️⃣Published🚀
rec8pzWGodE0CEnKo	Studioo	66feaf1b91a7319cfd2d1d60	Active	3️⃣Published🚀
rec8qF4Sw1n2WPgii	Plinth	681ba14438d45c2ddc501452	Active	3️⃣Published🚀
rec8qSGS67u2fhyQi	SkyVistral	67299e94f3babf933f41ac37	Active	3️⃣Published🚀
rec8rQ0UYsU1XqK6C	AirExploreX	6491f9ef5a592072358c9366	Active	3️⃣Published🚀
rec8rXDQ7mIeT8itP	Restinn	67a24855dd60c82cb73be006	Active	3️⃣Published🚀
rec8s4UFuJPp9tpNp	Bucefal	637709f6b7a79624fb40467a	Active	3️⃣Published🚀
rec8s7RdEuSodUKqH	Zaicipal	65716c7199ed24bc4bcf9a5a		3️⃣Published🚀
rec8tUbruPLGaYWxh	Zuno	68103c1196794bf8b54a1a68	Active	3️⃣Published🚀
rec8tWS54UIOntOXd	Unorks	67982c5ee5db537d8eb96482	Active	3️⃣Published🚀
rec8tfiO0KLVFXBdj	Haakon	6330e389e239129a37e23ca2	Active	3️⃣Published🚀
rec8tlzmirUthLNEq	Nerova	696d94359d527f80b1da621d	Active	3️⃣Published🚀
rec8uI9EEMzTYCqFp	Photy	619593d5d02241465238fd09	Active	3️⃣Published🚀
rec8uUDILyzwkVJGd	Laboratory X	6683ff41c7f5f7afa47cbf04	Active	3️⃣Published🚀
rec8uzzXaXfto5LEZ	Medic 128	63770c9948814a41466be75b	Active	3️⃣Published🚀
rec8v4L7Y8aShE1tN	Ambient	679d668afea68aaa6dbc9306	Active	3️⃣Published🚀
rec8v8VYAImYGPaW6	Verona	665d288ccdc68bb0cdb7853b	Active	3️⃣Published🚀
rec8vgvw4FhkTrSRN	Munchen	644142fd235bcf0a2cdecce2	Active	3️⃣Published🚀
rec8vpfdnd2GLHp7O	Nexilo	68c1a75726fca361ce19248d	Active	3️⃣Published🚀
rec8vxHzopcWeidPG	Wegency	64c7fa612bb951d0e1c79961	Active	3️⃣Published🚀
rec8wQkanC0WlpVsa	DSignFlow	6731b09816bc45a33458dae7	Active	3️⃣Published🚀
rec8wWcG2KLYqq0b9	Bryant	61e88ce09ac228c75b720c7e	Active	3️⃣Published🚀
rec8wfUSNqFg3ifU8	Liftline	68914d2a98fd27a7c2f65b30	Active	3️⃣Published🚀
rec8wiQ8y7mAM2tGI	Athen	6479f5ddfa8c6d06be48a6dc	Active	3️⃣Published🚀
rec8wvWGGlFkhpxoS	Tolio	65947c59f28cf3ea8fa99638		3️⃣Published🚀
rec8xITusr2kJNo0O	Pawfect	6931b4445ff4a1f4174ded1f	Active	3️⃣Published🚀
rec8xYlzR0a0BsqCu	Oxford	67aa65d0a4e50742817c9fff	Active	3️⃣Published🚀
rec8xorD2tSUAb8IE	LionEdge Archived jsyksadu	66d683a004c528b9104bd72c	Archived	4️⃣Delisted☠️
rec8yCzbkkU4x5vJx	Lana	5efa541ccbf3555ec4786019	Active	3️⃣Published🚀
rec8z0GfVTGKbb5bn	Elysium Jets	66a8fcb951e5837253408e78	Active	3️⃣Published🚀
rec8zbs9Hmz1PIXuo	CoinSaver	66a5f4883cd4756ecea5d90b	Active	3️⃣Published🚀
rec911O76c9AEpUSG	Orting	6386c80df2750261f688930a	Active	3️⃣Published🚀
rec91Uj2N4CmpHk4h	Snaxx	696e800ca0a7cfaf5675f08e	Active	3️⃣Published🚀
rec91ZxzHqJ0EPIjN	Terix	66f0cc863ecc8f9caae61316	Active	3️⃣Published🚀
rec91em9iCK7DedKW	Nolyta	684075d657e9e1f71accb51e	Active	3️⃣Published🚀
rec91hkkZWrH28Pnf	Manor	68eef2b9c6f999fcddf0325e	Active	3️⃣Published🚀
rec91k6ChiGv3HGjp	Muma	5c093d097fe1662dd330eac9	Active	3️⃣Published🚀
rec91roiGfD22Fm7j	Opalhaus	68a8016377d0ec3e1e9f723e	Active	3️⃣Published🚀
rec91sCzYoeLTlut2	Diary Dark TNC	6620d8c0b99ee03c54999ff9	Active	3️⃣Published🚀
rec91ytztpP6JKDsp	Scriber	699671a0826914303bbe4dbb	Active	3️⃣Published🚀
rec928GRI5N6hof6d	Montreal	65047f046fc58c2c0c900188	Active	3️⃣Published🚀
rec92PvxQeSYPp67D	Flowtemp	6608692c41ada2e2cf514638	Active	3️⃣Published🚀
rec93n0BRN3HBulGc	Magnolia	64b5a58c4d1bff10579b2864	Active	3️⃣Published🚀
rec943Y4mHVdLc64M	Taskopia	6931bf0fcad00d14c4b3545d	Active	3️⃣Published🚀
rec946xmCGs4Dbqn6	Shiny	6682c084821902ce753cc627	Active	3️⃣Published🚀
rec94Mcuel4YYgrcG	Loog	62322a6b9be736d117050010	Active	3️⃣Published🚀
rec94VP4KgekGvdDW	Market Funnel	65f872751ad9eb86b3923f2c	Active	3️⃣Published🚀
rec94bnu7ucPxaKWh	Colourless	66bd36caa7051df1186ef30f	Active	3️⃣Published🚀
rec94cyT5KdTXOYj4	Contour	67dc618b76af4e1f8a9513d8	Active	3️⃣Published🚀
rec94kpXmNGKYAYoG	Ohrid	68d16c0467c644a620505386	Active	3️⃣Published🚀
rec94toIvEJoE2JaN	M.Smith	68fbd53f1b0a1c513d5f7c68	Active	3️⃣Published🚀
rec95RAwhoziknzez	YOGO	67512fd4621211a02d40682d	Active	3️⃣Published🚀
rec95Z7Rq5Q8nFHjK	Xinova Archived v04olk05	5395db9e38947f542cc4b276	Draft	4️⃣Delisted☠️
rec95yWDH85KmH5z2	Ronan	653b3decdbbbec14325323e3	Active	3️⃣Published🚀
rec961JawkBt01r5Q	Vistario	6938778177ab4cf5be7dacbd	Active	3️⃣Published🚀
rec969oRjAgZJFrmd	Elevate B2B	674de144992c63180e4ba954	Active	3️⃣Published🚀
rec96VuDeNJjyjtVa	Commodus	612ea60e6664873e4b3484b8	Active	3️⃣Published🚀
rec96ei6XRBUK0LUw	Sacramento	664e225de5940b76cd08378c	Active	3️⃣Published🚀
rec96l8i9Szxem1q6	Bezone	66e4343de92f22c1d0bf518b	Active	3️⃣Published🚀
rec97ku206HooMkLl	Sasslo	66fd0bbbeb66900815edafd3	Active	3️⃣Published🚀
rec99ZYcTpj9HDsbW	WARP	68840ce4924293615e259e20	Active	3️⃣Published🚀
rec99bQpeAepSmYKE	Naxo	692f73a9b2277b23e6f1168f	Active	3️⃣Published🚀
rec99hhcoiNwS1i17	Analogue	611ea9639874b34480e662c7	Active	3️⃣Published🚀
rec99pGliDkVnv4NX	Unveil X	6679145bf0a36ef3d40365c3	Active	3️⃣Published🚀
rec99u2zOXANpWzKY	SoftDevs	672deef09b4a2f803239f98d	Active	3️⃣Published🚀
rec9AfTM7lgYfjS1S	Motorflow	67a591034e8dcc268cb01ad0	Active	3️⃣Published🚀
rec9AupnYhfgKqGr5	Owen	65a0777c64dd7b80818b0b9a		3️⃣Published🚀
rec9B8tg6TvHsDZ8u	Raia Collins Archived vcdj4wrq	68e4f26034c8e6d415e3ac58	Archived	4️⃣Delisted☠️
rec9BVrHB2Xuw2pUt	Renoria	698cd7e941a866bacc7341c7	Active	3️⃣Published🚀
rec9BrApCt8aLxWTS	Talsa	6798f9cddf8369a250e80bf4	Active	3️⃣Published🚀
rec9C62OzYg2bvJvj	Agnce	66c908283c134d7a8fbeeb91	Active	3️⃣Published🚀
rec9CpnlZA5xnJm9a	Rela Archived bjoitfks	61e0afa4f697ce1415587c27	Archived	4️⃣Delisted☠️
rec9D5qHEVd0aOAdq	Fazora	68e3c0f46c18e03ca0d63372	Active	3️⃣Published🚀
rec9DXGWRNmSYv9KN	Builder W	65a03e52fa0c3a435324d5c3		3️⃣Published🚀
rec9DbT6fhrZlQi8o	ParaDox	65de6db7ba86fdd0c2f909eb	Active	3️⃣Published🚀
rec9DiN1J7BmcLc5t	Wires	6933925dee358f91bd9d7276	Active	3️⃣Published🚀
rec9DtisWP2Er46kw	Alvana Chatbot	6835cee7368f15d1ddc6db7d	Active	3️⃣Published🚀
rec9EDBOxWFjBfwvJ	Bixol	61255b40db0de1c772ad0ba2	Active	3️⃣Published🚀
rec9EG0W9EBdXzZF6	Astro	65b13fec2680b912f552a44c	Active	3️⃣Published🚀
rec9EiPVxHLJYtl8G	Alex Kreed	661ccbb70a986e0921d50006	Active	3️⃣Published🚀
rec9EzL4CxPaFxR49	Travigo	63b04da8ea6dbc4349dcd853	Active	3️⃣Published🚀
rec9F4bnXNqUBp4M0	Carlos	655f8b3b7c58fa91bb63b9d5	Active	3️⃣Published🚀
rec9FBdeZ3e4iacuo	Faang	63bc39e9a9e9f2349bbc44bf	Active	3️⃣Published🚀
rec9GAUxe1HfZNUXT	Palette	65ca302e576fdde32dfd0fe0	Active	3️⃣Published🚀
rec9IO6eg1OCXgtns	Inception	659d5e6b85bdccac5ef75926	Active	3️⃣Published🚀
rec9IQZbBoXLZDJHU	Solaris	644f8554afe8eee132088233	Active	3️⃣Published🚀
rec9IfUx6uZcnD1BK	Lone Pine	6742457e51c3b171a3914de4	Active	3️⃣Published🚀
rec9JOoChnDg0bSeD	Hoomlang	6858385ffc4eaf5ee15fd777	Active	3️⃣Published🚀
rec9JXgTEdr9iB3VJ	Fylla	63b048676c21e65fbbf90d30	Active	3️⃣Published🚀
rec9Jn4QaSDruRYS1	DarkFlow	6578e0e0fea51ea7c059d1d6	Active	3️⃣Published🚀
rec9KM6LIeSsERjey	Blueprint Studio	669a9c96eecab2743fa785ab	Active	3️⃣Published🚀
rec9KePOyJdD1Ii2u	MedicApp X	61e0ab01a1c9b77160d8dd14	Active	3️⃣Published🚀
rec9L56FDpJhRqA0g	MinimalFolio	6267138f85dd7656df190131	Active	3️⃣Published🚀
rec9LHMImUiVhXwrr	CrypTopin	6329efad7b6c9281ea18a4fb	Active	3️⃣Published🚀
rec9LKnaUBulPfXX9	Lumira	692dcfe1bac507dad17df18a	Active	3️⃣Published🚀
rec9LeDRuc0hN9bE7	Better Talent	66478bbe83f81e99112317dc	Active	3️⃣Published🚀
rec9LidfX96dzNM9C	Pholens	663894e1f9b166369087db96	Active	3️⃣Published🚀
rec9LyssQsyWJTXqV	Promethix	677d76ea2c46c2da4f6ede11	Active	3️⃣Published🚀
rec9M3Aqc3eWfm7y7	Fintora	68b72531296abf25b995f37c	Active	3️⃣Published🚀
rec9M57Hv399C4yhX	Care	5f58fa7af51c4906ea45d1d4	Active	3️⃣Published🚀
rec9MXNr18Uj3rWLi	Graphixs	679da4c5312e2c69f2f41418	Active	3️⃣Published🚀
rec9MonMfToLkafgh	Placeholder	64f55f266e20f190be588278	Active	3️⃣Published🚀
rec9N7usw5Km8AVJb	Digdaya	/templates/html/digdaya-website-template	Active	3️⃣Published🚀
rec9Nm9oSaNsRX47u	ScaleUp	669073720e8d4d0582bec616	Active	3️⃣Published🚀
rec9O25acQfjNSlkX	Nimble X	668dc3fc56f57f25301e092d	Active	3️⃣Published🚀
rec9OUhmXYeEc0hfv	Oldage	693c324f7b251cb5060c16a8	Active	3️⃣Published🚀
rec9P3jU7hudRazRh	Fern	6750de2476edc95145115568	Active	3️⃣Published🚀
rec9POFmCodO0u5Cv	MedCare	660c70cbf7a54b20cccd943c	Active	3️⃣Published🚀
rec9Q0Cnc4Jd65sNM	Brickstone	68f08c4607221f6b1a4e7311	Active	3️⃣Published🚀
rec9QP9kXSUBUl1dS	Louisa	65b93b3bbe8d04ef082a5c09	Active	3️⃣Published🚀
rec9QRHWryRXFrNZV	Swimming Pool 128	665f2618f7cd4bc55a4a30ef	Active	3️⃣Published🚀
rec9Qq0pVK0FmUIrj	Hepar	673aa7bd8783fc08be56aa42	Active	3️⃣Published🚀
rec9Qv47zUPKi0IQ0	Zeryna	69333ba595d756a13c2c1013	Active	3️⃣Published🚀
rec9R002Lkmac0fsa	Kippa	656618291c7b81419414ed05	Active	3️⃣Published🚀
rec9R7KoMmgaLOfQx	Xova	656128d3b0748ff4743ae335	Active	3️⃣Published🚀
rec9RHEpCVoJSjXdo	Psychology	63da8b8638158c8452b796d4	Active	3️⃣Published🚀
rec9SLImDyMJBwy1u	Dentalist	67a940b809fa7c20d7335939	Active	3️⃣Published🚀
rec9SXlTuzD5ED0V0	Builder TNC	65d91e90efb4a94877b9cf7d	Active	3️⃣Published🚀
rec9SYUbL2LPbCD9H	Vertad	5f96c584b1ea7f2bf3dc9a64	Active	3️⃣Published🚀
rec9TDaPFqUNUKXOi	Boulder	687efb3db3947c5932991792	Active	3️⃣Published🚀
rec9TnNNCUSyHB6DM	HappyCoaching	62015e00c16d22957196b043	Active	3️⃣Published🚀
rec9UInYUZJOVJgo5	Savory	656127a6f64c23cdfa797edc	Active	3️⃣Published🚀
rec9VQtOeD62yBnF0	Photographa	65c68a72cfd914b09b44c562	Active	3️⃣Published🚀
rec9VRDL6OFnkho0R	Pixelflow X	67f54ea51ebbc5263fa1d5a4	Active	3️⃣Published🚀
rec9VcUISC7JJcCcT	Monovo	682cf1a531648e55dbad055a	Active	3️⃣Published🚀
rec9VjmsRgaaCeQx6	Payfix	68757a18417edbc7db831c12	Active	3️⃣Published🚀
rec9W0IxmtdAKqF3m	Wizmo	667efc8b72aef6b8f5bb9b86	Active	3️⃣Published🚀
rec9WcoDksPRPa9vU	Veyra	697152cb0fc485a2fc6a2c39	Active	3️⃣Published🚀
rec9WgT9g2NC2rDUL	Mindful	6450ebf15d4bb2c5645edea2	Active	3️⃣Published🚀
rec9XDiJMz6leT9yO	Naura	60d5261206f5782812e3212e	Active	3️⃣Published🚀
rec9XvSrATYWoZhEc	Flexi	649e0af876c899006d6e8731	Active	3️⃣Published🚀
rec9Yds0ONHgEVohL	NextGreen	65a599cb4024392de675bba6		3️⃣Published🚀
rec9YtHxa9edI49tT	Climbr	6979030891a65a19567367bb	Active	3️⃣Published🚀
rec9YzLsVgvyS5f1d	Relay	6875ec9c0fd01e296f1c95cd	Active	3️⃣Published🚀
rec9bNcgw9eh3VxXk	Architecture X	61033b9aa889c50ddad63a52	Active	3️⃣Published🚀
rec9bSbKgml8kdf6n	Trivvo	6813e9ef5a9726020d802736	Active	3️⃣Published🚀
rec9bYdswLYxUOc8f	Calipso	5cee91a5f0e08874e3238522	Active	3️⃣Published🚀
rec9c4ARhDxJDF7XU	Bremen	66a8fdb95ec2f3dcb511a8f1	Active	3️⃣Published🚀
rec9cJIIwuVfC1VhE	Bogota	658f3350007bdd67e3f2b539	Active	3️⃣Published🚀
rec9cbkeEpCcIY1el	Flores J+	63c360c7d3e27e5a8b98e469	Active	3️⃣Published🚀
rec9cx5WYGXZinTvD	Financio X	66c5245d2732ecabb176958b	Active	3️⃣Published🚀
rec9cxy5UuZcyNAoO	Quantive Group	673c88327a2fa521465a89e8	Active	3️⃣Published🚀
rec9d1zGiDuauar7P	Truvix	6810025a7ba8bdaaa982712d	Active	3️⃣Published🚀
rec9dKJZvE5Ti4849	Trondheim	6564b3e49ea6c55bcc65cb5a	Active	3️⃣Published🚀
rec9dUCUyX0sLiL2u	Magoz	6666eaa3ab8a677b739556a0	Active	3️⃣Published🚀
rec9db9XXPflTp05g	NFTcity	6227d0b299673c22bc277840	Active	3️⃣Published🚀
rec9dggy9nWVJHTSN	Sonixa	68433b29aa2c88a0f22f0477	Active	3️⃣Published🚀
rec9dmNvy7kn7wTx6	ConductLite	66a0cfbe3defe6dfd21bf2ae	Active	3️⃣Published🚀
rec9dtJo3VmCCXnrF	Syncro	66b39f1fea47e1727cf3b3f2	Active	3️⃣Published🚀
rec9eBXGTfaIsF2f4	Intelliscope	6726f33b5452fe782743d499	Active	3️⃣Published🚀
rec9ehRjDrmSsEVO7	Karcare	66b3022451916d8b30ca69b9	Active	3️⃣Published🚀
rec9emDwk3eRcpP4j	Musk (DE)	6148f8162e78d12cf2702fcd	Active	3️⃣Published🚀
rec9flKRKUtzCG27J	The Cheese Club 1	66f84873bae4fed7d5e030ff	Active	3️⃣Published🚀
rec9fm704n08jhrY1	Costafolio	63e29e138644617c8a288f94	Active	3️⃣Published🚀
rec9fwrRTrlxOxEZO	Portco	674524885c5f565f189b2182	Active	3️⃣Published🚀
rec9g62eVcAfMSrPb	Matrixx	6570f7e2edd1a5002548a4ce	Active	3️⃣Published🚀
rec9gP0z0cDsvttKy	Dishora	69751ead385bec2cccc51e0b	Active	3️⃣Published🚀
rec9gebE90zf7YRVB	Zenvira	69900d908345863d37d6af47	Active	3️⃣Published🚀
rec9h5WIKitlHn55p	Projectile	6279d7980739522b68651884	Active	3️⃣Published🚀
rec9iB16u9JdhtmmM	Vetimi	606a972b86b1f2810ac5d691	Active	3️⃣Published🚀
rec9idSbFHJLL1mzU	Deqor	65f9ffd2d7c935e5d330a84a	Active	3️⃣Published🚀
rec9j3KHY8MQlrZ9H	LetterX	6658944b03421a33609d7956	Active	3️⃣Published🚀
rec9jAMriWvEOvEDv	Revana	685d9f721f619d2bf3c62e71	Active	3️⃣Published🚀
rec9jes2JRqhigy1C	Gemfit	6711622f65f559a0642d8457	Active	3️⃣Published🚀
rec9kX7Q7n9GFtZrM	Zipo	6850ceff57273b36d0ff5e5b	Active	3️⃣Published🚀
rec9kYp8ru4hqh4kq	Taskxio	665893caa9defb701d816106	Active	3️⃣Published🚀
rec9kiFKEM8j4pEDC	Cleanflow	679a5718a42eb4d2bfff9f2e	Active	3️⃣Published🚀
rec9kwmnOlNShfPSV	Costafolio (Dark)	6446bbe21df34768218bc03d	Active	3️⃣Published🚀
rec9lGnyunq4uKiZS	Livinor	6986bfe5b467242ee4c91a1c	Active	3️⃣Published🚀
rec9lbkSpr4NPKnt2	Curator	68ed4ca0785cae344638eec0	Active	3️⃣Published🚀
rec9lpzV38Zg33V9o	Summer Festivity 128	66341cbc230ba3aeaba17fdb	Active	3️⃣Published🚀
rec9m2tyj9Iz4Ttcp	Agencia	5f21c848a0c64be38b8f6cec	Active	3️⃣Published🚀
rec9m4Qug3CQf9KHQ	Edufun	664cc497d8368c7994f6d64c	Active	3️⃣Published🚀
rec9mGuLKgos26YRI	Kroma Studio	672c44c1a98984f0d961e2f1	Active	3️⃣Published🚀
rec9mVZd8S457tZrQ	Curemed 128	64ff2ccdd76a130794e1123a	Active	3️⃣Published🚀
rec9nApBUNGweJh4F	88settle	60ada24f83d37cc3bfebc711	Active	3️⃣Published🚀
rec9otxoC6M9ylIWc	Shadows	650c80be8f40bc3aa3c2df22	Active	3️⃣Published🚀
rec9pHEDUtio4RTNO	Flowpress	67339d8c6d28f61f60f2b52d	Active	3️⃣Published🚀
rec9pLzUVw62CW7kn	Specifics Team Archived cylgvcyo	62e9e9438543205024f2c35c	Archived	4️⃣Delisted☠️
rec9pQLXM856POKQD	beWellfed	630e421b393ddc3b16d9625a	Active	3️⃣Published🚀
rec9peky8rhaCCoTc	Daily 128	64948f18f9e957dbecaf497f	Active	3️⃣Published🚀
rec9pthdq86tJvWMv	Realtor	57c4b0d5d83d9bd456920586	Active	3️⃣Published🚀
rec9qL2Fb0kUAJeI2	Devco	63ff5bd9e2d87715e1801335	Active	3️⃣Published🚀
rec9qXSyl3GWUePqM	Dyxor	68bf8c456c9976ddb5fc6867	Active	3️⃣Published🚀
rec9qhP89TANGozRe	Healingpath	66c5fc4f3afddfa9511b57de	Active	3️⃣Published🚀
rec9rLA8wFjqOIsl6	The Pizzeria	63a5d4205af7b91739639da6	Active	3️⃣Published🚀
rec9rOwUmgxMoDQ8C	StudioM	6863fb927a93e82f9d8473a7	Active	3️⃣Published🚀
rec9rVBUX6JImcLbL	Lioflow	683939344314f866b0d09616	Active	3️⃣Published🚀
rec9rakb8Piyiy0BS	Soconsulto	67243693ddc70d3f3ff544ec	Active	3️⃣Published🚀
rec9rg6hqaaSK4CZX	Quadkom	661963291fcc1a65a305fac3	Active	3️⃣Published🚀
rec9sIPlvZPEE7Jjq	Resorrt	66df35090b778a3e6e70e4bb	Active	3️⃣Published🚀
rec9sLzdMDcqglPQF	DentiCare	6132a8afd969e74acbc07668	Active	3️⃣Published🚀
rec9sfUnji2gMzG8T	Technology	6070dd91206a0825c9da816e	Active	3️⃣Published🚀
rec9sqSstuYlXD6Gv	Agenzi	6780b0b579ac59b27870cbbe	Active	3️⃣Published🚀
rec9t8sgU69YUEoea	Daysun	6852dbfc2661bd0a753f5a0e	Active	3️⃣Published🚀
rec9tQxY4FLkpOAGa	The Spaces	65cb6d763b112df9eca6c13f	Active	3️⃣Published🚀
rec9tk8THXuM42rBB	Startlab	64fb5a3cfc5b0159db4dad6e	Active	3️⃣Published🚀
rec9uVco6O9BrwvEg	VR X	6683ffb3f0929fdbde9db975	Active	3️⃣Published🚀
rec9ud76MNP8cWeAo	Indigo	644f86a3ae089028806d80cb	Active	3️⃣Published🚀
rec9uh48AWXfNuA6X	Tirana	6578d3f797cbfcbfd5f3a777		3️⃣Published🚀
rec9uj1muoFzb97c8	Eco Lite	66197489fce54a09115fae6e	Active	3️⃣Published🚀
rec9v8HTJwZu9Nedj	Smilefolio	65fd0433166e6337e17ea90b	Active	3️⃣Published🚀
rec9vG62RPw1y8XhB	Consult Ai Lite	67336dfa9bdad02f9bd60178	Active	3️⃣Published🚀
rec9vr3H2D9Rzr7Qw	Envana	694f7ca5d5d9e96efbddc4d5	Active	3️⃣Published🚀
rec9wP40rMbfSsn1M	Loraic	667596dc04c82eede675e5a9	Active	3️⃣Published🚀
rec9xivExCImwToyE	Evolve	612404eec34acb3e5b10ccb3	Active	3️⃣Published🚀
rec9yHcK1zcLOrV4B	Insight	62e5a72243831384dc314a63	Active	3️⃣Published🚀
rec9yJZcd0ouBe9S0	Scoinex Archived 0hvd9imi	65a6ad6140665798f3cb4e92	Archived	4️⃣Delisted☠️
rec9yPAEU0cAFAMsW	Tumo	6696056b182317f0ef26b495	Active	3️⃣Published🚀
rec9yajMWKVQOFbAI	Craftmaster	6667767821e3620bad8aee04	Active	3️⃣Published🚀
rec9yatncsFkuTJeB	Payvio	699ccc931a3589f6036634ae	Active	3️⃣Published🚀
rec9zkSfyc6F1mLWR	Voltz	662678f9ec03919756565b5d	Active	3️⃣Published🚀
rec9zr2mzKmiRZpdc	Interia	64595e43d74a10ea5a1f7b8a	Active	3️⃣Published🚀
recA0KUOXb4Sz7VpX	Ayzent	6980ecd5919dc76d93030fd2	Active	3️⃣Published🚀
recA0uQRzeSXZDFtL	Subscribe	67e43b024ef4c62baf6110f1	Active	3️⃣Published🚀
recA1NayOG2qzblny	Washington Construct	65048aac3042ab3595eb6c73	Active	3️⃣Published🚀
recA1OJOdPvoAgXSz	Softkit	631fa6cb4fe34bd19bc6b2c7	Archived	4️⃣Delisted☠️
recA1e9Z86r4RZyMh	Colonia	69407c6511cb15d208fd96da	Active	3️⃣Published🚀
recA2ItMFVeEotfeN	Zynco	6915896cf4c6297449671f1e	Active	3️⃣Published🚀
recA2OXBcD9WMYHdN	Lucaso Studio	679fdc58164865cc8cd57181	Active	3️⃣Published🚀
recA2RohOfnVCltNi	Mintra	676f0ce8db13b542f4ffe2b8	Active	3️⃣Published🚀
recA2cPhGFlGBUJ6x	DEVTask	66f3168f7434ca0438fe8c7f	Active	3️⃣Published🚀
recA2cvm4GXlKdSYf	Finzai	63938e341d481ffe820f6a12	Active	3️⃣Published🚀
recA31XElVObjuoNs	Dexter Archived v3ovz08g	5c759259f871ef5dd3a81b6d	Archived	4️⃣Delisted☠️
recA344mJWF0bW9VY	Chicago Az	64b49bb116222f7b812babd7	Active	3️⃣Published🚀
recA3mC7vgyDzkWgr	Infusion	65de23663e1ca5873342fa1b	Active	3️⃣Published🚀
recA47A5nz5rUqcwQ	Everlyn	694eb2e8d5d9e96efbdd272c	Active	3️⃣Published🚀
recA4pijPxMqK4obS	Arlop	66dfe2a8b317d09f8f612d3a	Active	3️⃣Published🚀
recA5aufzQ7bAHrPc	Bronx eC	65c0fcf08b955225e033ced7	Active	3️⃣Published🚀
recA64rGHPp6Q71gz	Places	63c3570f74f93491d5b15a87	Active	3️⃣Published🚀
recA6PUi1a6yRw8zk	Essentio	67cb54062d4c6731a79a4c0f	Active	3️⃣Published🚀
recA6r2BPH8obHFEd	Brad	646397c4cf1b811e83d6ef41	Active	3️⃣Published🚀
recA7Oj6Jm4QPNJhJ	Alite	657ca1c7b18adfc30f3025fe	Active	3️⃣Published🚀
recA7WJCHr7yxcRuV	Wixo Marketing	66681213b453d64c4df4a213	Active	3️⃣Published🚀
recA7lSkGEkfGAzuk	Magger	6717034292d8e7fb70213c77	Active	3️⃣Published🚀
recA7ncTpcYYjovVQ	Landly	66465011c00be9d6fc829380	Active	3️⃣Published🚀
recA8IfHy6glkuPjb	Organiccc Archived fr3fxwgh	6661bc8ab0debe3a63c1d1f9	Archived	4️⃣Delisted☠️
recA8YsP3tBt6Me0z	Freelance	63b8644a3b7bfc896f0c8e46	Active	3️⃣Published🚀
recA8b4C57sfY1tC2	Future Studio	66a404ed7e975ea10709df65	Active	3️⃣Published🚀
recA9Dv9L7xr9lomD	Zaiads	677f0e5ce90ae721ed4aefca	Active	3️⃣Published🚀
recAARJrEwJDtpFPQ	Tasklly	680b0b160bab76ee1bd8c035	Active	3️⃣Published🚀
recAAhIGGGisHSVF5	Bizcore	64a44016c4e161abf6b46e9c	Active	3️⃣Published🚀
recAAzMTZgo399sjh	Birmingham	667efbf3a3e0f7c052118f41	Active	3️⃣Published🚀
recAB28wMkbWVG9oM	Musk (FR)	6148f8a2e272f26a4f8c844c	Active	3️⃣Published🚀
recABXwgCmg43T53w	Katana	654bb4e0a38e7e04e08e9281	Active	3️⃣Published🚀
recAC1mprwYf7PsCy	Muza	63a090793286ec20f09949c2	Active	3️⃣Published🚀
recACWE1v28grPM3Z	Foley	68110a5041eb080626d44577	Active	3️⃣Published🚀
recACXwpU9dLXx7a5	Rewaste	69442a20eaa1fef0506ecae2	Active	3️⃣Published🚀
recADBM56ep42SIcG	Finetech	661f024b044ee36df187239b	Active	3️⃣Published🚀
recADLMcHWtw5hFvv	Modern Realty	657a6bb20e8144ca44615568	Active	3️⃣Published🚀
recADM0efEGWf5Ezb	Medleylite	67699b3772e42e362aeaa485	Active	3️⃣Published🚀
recADdRO5Ia4SfaAd	Omnia	6697d71d025604e43bff1e9c	Active	3️⃣Published🚀
recADzphRSCGnu6Nt	Builder Studio	670f23a4cabf0942be01098d	Active	3️⃣Published🚀
recAEx6AbuBiN6yHk	Travelo TNC	66d5fc9d1d90813f00f0ab90	Active	3️⃣Published🚀
