rec03kjph1UhvBTXA	buildify-oly	Buildify	https://webflow.com/templates/html/buildify-website-template
rec05EKfrnHlT3L2A	glidegate-template	GlideGate Rejected 8913mid5	https://webflow.com/templates/html/glidegate-website-template
rec05GoFgi83i0AXS	eidos-template	Eidos	https://webflow.com/templates/html/eidos-website-template
rec06gO9ebye8CrBv	automaxio	Automax Rejected e0vu96op	https://webflow.com/templates/html/automax-website-template
rec0CQWqgMaerEZNV	cleansey	Cleansey Rejected u14je1oa	https://webflow.com/templates/html/cleansey-business-website-template
rec0Fvwb5WKff694M	glowfye	Glowfye Rejected gmv7rttv	https://webflow.com/templates/html/glowfye-website-template
rec0HK3iHHOaSq40G	mantalex	Mantalex Rejected 18i59nrd	https://webflow.com/templates/html/mantalex-therapy-website-template
rec0IAWzYqGpyP42U	gardenio-webflipin	Gardenio	https://webflow.com/templates/html/gardenio-website-template
rec0IZgufHRdCkD7C	viexell	Viexel	https://webflow.com/templates/html/viexel-website-template
rec0JLBnEyFeBqFGh	winchester-hair-salon-template	WinchesterHair Rejected mcczespq	https://webflow.com/templates/html/winchesterhair-salon-website-template
rec0JfbJv3qFeXcek	pranavya-yoga	Pranavya Yoga | Online and Offline Yoga Classes for Mind and Body	https://webflow.com/templates/html/pranavya-yoga--online-and-offline-yoga-classes-for-mind-and-body-website-template
rec0KRqYc8iNaTkWG	kitpro-triexia	Triexia	https://webflow.com/templates/html/propies-website-template
rec0NAeiHZjoqa37V	praxisflow	Praxisflow	https://webflow.com/templates/html/praxisflow-website-template
rec0TB8roe69nvxgs	brighthills-school	Brighthills	https://webflow.com/templates/html/brighthills-website-template
rec0TPqprYh5xHzhI	varcas-25-d4d6f83e1679c235b7b202ed9942b	Barca Rejected od3uxbuz	https://webflow.com/templates/html/barca-website-template
rec0W2fhqmZFBWDgb	new-ground-template	New Ground	https://webflow.com/templates/html/new-ground-website-template
rec0WUNSyji8HzqmN	taskera-oly	Taskera	https://webflow.com/templates/html/taskera-website-template
rec0bh5nr8BzNEG3p	houseriver	Houseriver Rejected 7t404gq0	https://webflow.com/templates/html/houseriver-real-estate-website-template
rec0d1HS76wE2dC6d	relaxzf	Relax ZF Rejected 84flpl42	https://webflow.com/templates/html/relaxzf-hotel-website-template
rec0eaAdEKAiQ69Xo	modelx-template	Model  X	https://webflow.com/templates/html/model-x-website-template
rec0fHpEMFhHjS3i3	capitalflow-template	CapitalFlow Rejected ntuq87ss	https://webflow.com/templates/html/capitalflow-website-template
rec0g22dB2l29mmjh	kitpro-autobest	Autobest Rejected ngdcfk5k	https://webflow.com/templates/html/autobest-automotive-website-template
rec0icJXh6BVaSm0f	juicylite-wbs	JuicyLite Rejected x6drfuny	https://webflow.com/templates/html/juicylite-shop-website-template
rec0mvlCmgM5aixGx	simpleandclean	Simply Clean Rejected u4px808x	https://webflow.com/templates/html/simply-clean-website-template
rec0pN5QKwoZQWy4v	craftflow-agency	Craftflow Rejected oqgl87hb	https://webflow.com/templates/html/craftflow-agency-website-template
rec0rQJmYO9afIZPo	aesthetics-template	Aesthetics Rejected huhwyha3	https://webflow.com/templates/html/aesthetics-agency-website-template
rec0v3iEJxg6MfA2U	vulky	VULKY Rejected rke5991k	https://webflow.com/templates/html/vulky-website-template
rec0yAVBvHEE0XiKA	imahhh	Imah Rejected 4lhkg397	https://webflow.com/templates/html/imah-website-template
rec0yECnw2GlxuK22	pizzio	Pizzio	https://webflow.com/templates/html/pizzio-website-template
rec11Gz2s9UHXIxH6	revald	Revald	https://webflow.com/templates/html/revald-website-template
rec12Or3s3UyRTe76	pigeon-ai	Pigeon	https://webflow.com/templates/html/pigeon-website-template
rec15EHFWZfC64Vgq	ionsfolio	Ionsfolio	https://webflow.com/templates/html/ionsfolio-website-template
rec162gzxUMKEMUK2	darklift	Darklift Rejected 38a3y3v1	https://webflow.com/templates/html/darklift-website-template
rec16ZQOrrSFfzwVL	testsite	Test template for cst Rejected qepsu818	https://webflow.com/templates/html/testtemplateforcst-website-template
rec17wiw0oWqjfGch	jupitar-page	Feature Page Template Rejected g8d3t5l3	https://webflow.com/templates/html/feature-page-template-website-template
rec1Eqqc9aAIRE759	overall-saas-webflow-template	Overall Rejected 00l8pmes	https://webflow.com/templates/html/overall-saas-website-template
rec1GN3NUYhunUXTV	agenity	Agenity Rejected 4f6fyyju	https://webflow.com/templates/html/agenity-website-template
rec1P7zhNt0ND0kOL	fabrx-altiverse	Fabrx Rejected lrhqjso4	https://webflow.com/templates/html/fabrx-finance-website-template
rec1QFh16PbH3PGTS	qarlo	Qarlo Rejected vj7kadv7	https://webflow.com/templates/html/qarlo-website-template
rec1QLNgrYrrp6mg5	revac	Revac Rejected 7s9d334w	https://webflow.com/templates/html/revac-startup-website-template
rec1RK4FaDwqFgM0h	aqveria-ttm	Aqveria	https://webflow.com/templates/html/aqveria-website-template
rec1RfimrOKrXqVTt	cyphra	Cyphra	https://webflow.com/templates/html/cyphra-website-template
rec1T11tAZT12P2NO	carepaw	Carepaw	https://webflow.com/templates/html/carepaw-website-template
rec1WCT5ryjy4UdPF	appon-wbs	Appon Rejected a2dl9ymx	https://webflow.com/templates/html/appon-website-template
rec1Y52y9nZ2V0df9	modelflowx	Model FlowX Rejected k4o1reo0	https://webflow.com/templates/html/modelflowx-agency-website-template
rec1ZGJ3H9rdNIybm	sunroom-template	Sunroom Rejected io1ely2v	https://webflow.com/templates/html/sunroom-personal-website-template
rec1cnngbPCNgfetf	agencio-template	Agenceo Rejected veqnbik8	https://webflow.com/templates/html/agenceo-agency-website-template
rec1jKJvkdV9ygbV7	lynk-design	Lynk	https://webflow.com/templates/html/lynk-website-template
rec1mN4pfFKwPv8yt	edron	Edron Rejected 2qbgsu6w	https://webflow.com/templates/html/edron-website-template
rec1sfQn4knr8qAdE	windra	Windra Rejected qpwq2979	https://webflow.com/templates/html/windra-website-template
rec1xq4gbehOTxXSt	revamp-studio	Revamp Studio Rejected q6emx4yn	https://webflow.com/templates/html/revampstudio-portfolio-website-template
rec24yJZbAm7arE5n	winchester-hair-salon-template	Winchester Rejected rtunrxtv	https://webflow.com/templates/html/winchester-salon-website-template
rec279Xh3PqTb6hNi	promox	Promox Rejected zckas6o8	https://webflow.com/templates/html/promox-saas-website-template
rec28CRHKYo0IMSZR	black-widow-template	Black Widow Rejected 3f0zv5i8	https://webflow.com/templates/html/black-widow-website-template
rec28WQVyOD3pXYXF	off-the-grid-template	OFF THE GRID Rejected btmgrot2	https://webflow.com/templates/html/off-the-grid-website-template
rec29OqioFwko9aPO	zdral	Zdral Rejected wjf9i2xg	https://webflow.com/templates/html/zdral-website-template
rec2Eqfwuzs6KANNg	treilo	Treilo Rejected qgd236ei	https://webflow.com/templates/html/treilo-website-template
rec2IrjnDNYBTHZGo	nimb-light	NIMB Light Rejected edwrtdq3	https://webflow.com/templates/html/nimblight-corporate-website-template
rec2L9Oh1NOYl9GZx	professional-cv-template	Professional CV Template Rejected w13yy3zo	https://webflow.com/templates/html/professionalcvtemplate-cv-website-template
rec2NkOqG3nllVuow	trendora-template	Trendora Rejected h2keffhf	https://webflow.com/templates/html/trendora-website-template
rec2S5pGvPU0xM3aC	portfolio-style-01	Eli Holmes Rejected vxqng8ot	https://webflow.com/templates/html/eliholmes-portfolio-website-template
rec2ZN8PNnvnKqKlq	minoa-template	Minoa	https://webflow.com/templates/html/minoa-website-template
rec2chYq6x9ISJ87r	yenefer	Yenefer	https://webflow.com/templates/html/yenefer-website-template
rec2fqOwn50lXCMOR	marketwiz	MarketWiz Rejected 4l3ztvfi	https://webflow.com/templates/html/marketwiz-agency-website-template
rec2iWPSSeoevD2kD	constrium	Constrium Rejected fdg3jtln	https://webflow.com/templates/html/constrium-website-template
rec2ofXEhOONu1EYW	eleganza-template	Eleganza Rejected gtjyfhj1	https://webflow.com/templates/html/eleganza-agency-website-template
rec2qRRYUIOgwrCXC	webflow-templates-redis	Prisma Template Rejected 3p5vt98l	https://webflow.com/templates/html/prismatemplate-agency-website-template
rec2s8t6dAfNqaBEF	estateland	Estateland	https://webflow.com/templates/html/estateland-website-template
rec2sJoEoLuZs24jZ	arclume-wbs	Arclume	https://webflow.com/templates/html/arclume-website-template
rec2uLV0yffVzjnVS	sivios	Sievios Rejected s1m10rno	https://webflow.com/templates/html/sievios-website-template
rec2uOROp2PaxEeAZ	orvylo	Orvylo	https://webflow.com/templates/html/orvylo-website-template
rec2wYmaYzU94CyYz	freight-transport-services	Road Freight Transportation Services Rejected j6ujcv1k	https://webflow.com/templates/html/roadfreighttransportationservices-transport-website-template
rec2wsIm07dbKEMWr	biccas-8d1603	SaaSit Rejected vtuxzlkk	https://webflow.com/templates/html/saasit-website-template
rec304nj5nsJqNpUi	conferencer-wbs	Conferencer Rejected 02pl1gzp	https://webflow.com/templates/html/conferencer-website-template
rec31dxhrzrjF3MED	lazarovskis	Lazarovskis	https://webflow.com/templates/html/lazarovskis-website-template
rec327sp4UE9wTOgs	fashni	Fashni Rejected 2wte3em9	https://webflow.com/templates/html/fashni-website-template
rec336C0QDzkSdaXW	vigoo	Lite Vigo Rejected 2oz6jaqs	https://webflow.com/templates/html/litevigo-business-website-template
rec35Fd468PVOg2er	webconsulting	WebConsulting Rejected m10iqr3h	https://webflow.com/templates/html/webconsulting-website-template
rec37bX8L4aGypzJp	harmonymind	Harmonymind	https://webflow.com/templates/html/harmonymind-website-template
rec37k2yDaPPLMcJ4	autofixe	Autofixe	https://webflow.com/templates/html/autofixe-website-template
rec38MI3vFIwp2peV	horizonnest	HorizonNest Rejected ufdkn9ix	https://webflow.com/templates/html/horizonnest-website-template
rec38PYj6HGNlYZfS	nove-ecommerce-template	NOVE Rejected lump7zfv	https://webflow.com/templates/html/nove-shop-website-template
rec3BtBK8br8wsvHz	my-company-7953f3	Neutron	https://webflow.com/templates/html/neutron-website-template
rec3FfL2h7oQUcjSB	tavrix	Tavrix	https://webflow.com/templates/html/tavrix-website-template
rec3Nkrd5bd9G2pBe	portfolio-798cea	PersonalPortfolio Rejected q0mxbnrm	https://webflow.com/templates/html/personalportfolio-portfolio-website-template
rec3PTce75HL75UXt	finnesa	FINNESA Rejected eh74tjw4	https://webflow.com/templates/html/finnesa-website-template
rec3TkN4L7tZbqRhx	nomad-notes	Nomad Notes Rejected 7ywjhr59	https://webflow.com/templates/html/nomadnotes-travel-website-template
rec3VaKevBTTTrHRP	wisoo	Wisoo	https://webflow.com/templates/html/wisoo-website-template
rec3XBQsxvXnvvssV	mi-coronet	Coronet Rejected h11l5ejk	https://webflow.com/templates/html/coronet-website-template
rec3YtrrXCmQMuIDT	artskitemplate	Artski	https://webflow.com/templates/html/artski-website-template
rec3eV2enzf6hJpIg	osuna	W&H Roofing Rejected qy7t68qp	https://webflow.com/templates/html/wh-roofing-website-template
rec3nJFCaNqKNDn8l	mi-bembo	Bembo	https://webflow.com/templates/html/bembo-website-template
rec3sRZgDE35LqKLs	talentbridge-template	TalentBridge Rejected xbqbwt00	https://webflow.com/templates/html/talentbridge-website-template
rec3tzZC6owSj2H2H	crowdfundtemplate	CrowdFund	https://webflow.com/templates/html/crowdfund-website-template
rec3yGYETZPp0j4zO	clothing-manufacture	Clothing Manufacturing 1 Rejected a7jpehr1	https://webflow.com/templates/html/clothingmanufacturing1-retail-website-template
rec3zaqu8XJWMG7bK	dailybeauty	DailyBeaty Rejected 97dej974	https://webflow.com/templates/html/dailybeaty-wellness-website-template
rec3zjN0U51TCNE4H	toptrip	Toptrip Rejected b4lqc74f	https://webflow.com/templates/html/toptrip-one-page-website-template
rec414RIRWDbUSCXw	serenity-ecommerce	Sereniity Rejected tdtjcqiv	https://webflow.com/templates/html/sereniity-website-template
rec46kDkjQoHNb61B	entuli	Entuli	https://webflow.com/templates/html/entuli-website-template
rec49GPY78lj8Ahd7	elliot-grayson-template	Elliot Grayson	https://webflow.com/templates/html/elliot-grayson-website-template
rec4AUb3BR0XKl6oe	petrex-ttm	Petrex	https://webflow.com/templates/html/petrex-website-template
rec4Dz5zTSIRG17an	getun	Gettun Rejected ghz4wj39	https://webflow.com/templates/html/gettun-website-template
rec4FfaJ5Zcwb2Gsm	ideano	Ideano	https://webflow.com/templates/html/ideano-website-template
rec4G6a6mcMfGMPMo	johnflint	John Flint Rejected edi0f71b	https://webflow.com/templates/html/john-flint-website-template
rec4KXSi1XawwqyCL	dexolix	Dexolix Rejected 5cohckn2	https://webflow.com/templates/html/dexolix-website-template
rec4LAtQ9DDRMqX9n	lookgaze-template	Lookgaze Rejected z2jbkjvb	https://webflow.com/templates/html/lookgaze-website-template
rec4M1TXICf8nBZKF	onlyfansx	Only Fans X Rejected 1o96gg1d	https://webflow.com/templates/html/onlyfansx-agency-website-template
rec4N5wbnT9MI7N2o	kitpro-estathic	Estathic Rejected gnhycd60	https://webflow.com/templates/html/estathic-real-estate-website-template
rec4QuPeKszvHfq7k	mariino	Mariino	https://webflow.com/templates/html/mariino-website-template
rec4T50Qtetu4MvZ2	neonflow-template	NeonFlow Rejected n12j4uy0	https://webflow.com/templates/html/neonflow-website-template
rec4UwRORVUUhQRYF	techai-template	TechAI Rejected 8w17pxwu	https://webflow.com/templates/html/techai-website-template
rec4VczWLlWXwSsQP	falconsearch	FalconSearch Rejected x30t3w4a	https://webflow.com/templates/html/falconsearch-website-template
rec4XzHyTLybz1mJI	scooptemplate	Scoop	https://webflow.com/templates/html/scoop-website-template
rec4aC3D9r0DVLtZ3	rivergrow	Rivergrow Rejected y9vo1hte	https://webflow.com/templates/html/rivergrow-shop-website-template
rec4aR0thZNAx0nPh	techside-e6bb1d	Techside Rejected usmsq9lx	https://webflow.com/templates/html/techside-agency-website-template
rec4j0xxufguf1s5t	fumora	Fumora-Perfume Rejected odxlb6kz	https://webflow.com/templates/html/fumora-perfume-website-template
rec4krVlFqMoHrVOf	qolix	Qolix Rejected urft1h82	https://webflow.com/templates/html/qolix-website-template
rec4lN99RwGCwnIqv	figo123	FIGO banking Rejected 17nbjbmc	https://webflow.com/templates/html/figo-banking-website-template
rec4mvpxLwEdcbJxB	flowixo	Flowix Rejected 1kf23a6d	https://webflow.com/templates/html/flowix-website-template
rec4pdPY9lum6pF0U	fiscal-template	Fiscal Rejected nysu352h	https://webflow.com/templates/html/fiscal-website-template
rec4qOtKR8rEGTlft	eworld-c2f5c0	Eworld Rejected m2b9h259	https://webflow.com/templates/html/eworld-website-template
rec4rqv1597pGDYGE	easyfolio	Easy Folios Rejected wlz21we7	https://webflow.com/templates/html/easyfolios-website-template
rec4vvCo1sKFdq6DA	opulix	Opulix Rejected c35jbt56	https://webflow.com/templates/html/opulix-website-template
rec4xH1MbxfbMHpYK	web-design-system-template	Design System Template Rejected btyvuo3h	https://webflow.com/templates/html/designsystemtemplate-design-website-template
rec50Wbuh2HjmUYCt	eduslo	Eduslo Rejected esl3bzfb	https://webflow.com/templates/html/eduslo-portfolio-website-template
rec54ZYL5sFaPu3XS	triply-tnc	Triply	https://webflow.com/templates/html/triply-website-template
rec56vHXzyXih5Z0q	green-energy-e728a3	EcoGuardians Rejected oo24pci2	https://webflow.com/templates/html/ecoguardians-website-template
rec57nOM6EejsttR0	hireon-ttm	Hireon	https://webflow.com/templates/html/hireon-website-template
rec59V7rWkELeeeWX	arcadia-artistry	ArcadiaArtistry Rejected xrb46kme	https://webflow.com/templates/html/arcadiaartistry-website-template
rec5EDGPuVKz5rqay	pawhubs	Pawhubs Rejected 32dh9mhv	https://webflow.com/templates/html/pawhubs-website-template
rec5JiM1GCAiCFpwl	kaffi-bar	KAFFI Rejected gloh6d7u	https://webflow.com/templates/html/kaffi-coffee-shop-website-template
rec5SEfpmU6IAhLIQ	clothing-manufacture	Clothing Manufacturing Rejected 9rhxbj5t	https://webflow.com/templates/html/clothingmanufacturing-retail-website-template
rec5T1Jba0KQJmhBN	horizon-template	HorizonEstate	https://webflow.com/templates/html/horizonestate-website-template
rec5Tp7GMvbO6x3pP	fitqy-template	Fitqy Rejected c0s1er7m	https://webflow.com/templates/html/fitqy-website-template
rec5W7Ga1DtW0TIma	petrolink	Petrolink	https://webflow.com/templates/html/petrolink-website-template
rec5c1gwYJCfOn0nj	lilfun	Lilfun	https://webflow.com/templates/html/lilfun-website-template
rec5c7uXZfu7veb7J	realagent-tnc	Realagent Rejected q689mf6u	https://webflow.com/templates/html/realagent-website-template
rec5cXY99fedmcIpL	flowaas	Flowaas	https://webflow.com/templates/html/flowaas-website-template
rec5jfMAfktQs2moq	aicourse-template	AICourse Rejected sdh8fd1h	https://webflow.com/templates/html/aicourse-landing-page-website-template
rec5l1QOqzFWt9mFR	socialify-wbs	Socialify Rejected mvjy2pdl	https://webflow.com/templates/html/socialify-website-template
rec5oHjBQfUuJHj2e	rewup-webflipin	Rewup Rejected d1z44p11	https://webflow.com/templates/html/rewup-education-website-template
rec5pmJtQSEdTZVQs	tastico	Tastico Rejected imni8uqs	https://webflow.com/templates/html/tastico-website-template
rec5sQZCUtRZTs3c5	worklane-wbs	Worklane	https://webflow.com/templates/html/worklane-website-template
rec5vPsQI5rlTvkIz	dental-site-83cfbb	Dentalia - Dental Practice Template Rejected vdm4thej	https://webflow.com/templates/html/dentaliadentalpracticetemplate-website-template
rec5xwoVXOCZVMJJV	elidemy	Elidemy Rejected zcu5unvc	https://webflow.com/templates/html/elidemy-small-business-website-template
rec5yNNO5WxoJNovU	onfolks	Onfolks Rejected hafyabfj	https://webflow.com/templates/html/onfolks-finance-website-template
rec5yTxrfAZmzj0Lc	storee-studio	Nomadic Creator Studio Rejected u99kyl5p	https://webflow.com/templates/html/nomadiccreatorstudio-agency-website-template
rec60YZuAM5XoiMBo	zuribistro	ZuriBistro Rejected ujwmwwi3	https://webflow.com/templates/html/zuribistro-restaurant-website-template
rec60cJ8Br1LjqRTi	zerphix	Zerphix - SEO & Digital Services	https://webflow.com/templates/html/zerphix---seo--digital-services-website-template
rec60xzDchUF4Fziv	sally-1ed8b6	Sally	https://webflow.com/templates/html/sally-website-template
rec63iVcaf3q7ji7W	norbix	Norbix Rejected sv6qkych	https://webflow.com/templates/html/norbix-website-template
rec65VVZFgEie8YkE	greasegrid	Greasegrid	https://webflow.com/templates/html/greasegrid-website-template
rec65tVUQf5mZStnG	maggzy	Maggzy Rejected 7auh3su1	https://webflow.com/templates/html/maggzy-blog-website-template
rec66FeQ5ZrQ8kJLJ	optura-agency	Opturaa	https://webflow.com/templates/html/opturaa-website-template
rec6A5n7641sM2IeZ	musicfeest	Mfest	https://webflow.com/templates/html/mfest-website-template
rec6AheTH6oGOBGun	rethab	Rethab Rejected dubmp3yg	https://webflow.com/templates/html/rethab-website-template
rec6FvNJdbvE2mymt	altaris	Altaris	https://webflow.com/templates/html/altaris-website-template
rec6H8g4MHUVcjCj0	dawson-portfolio	Dawson Rejected 6bti301d	https://webflow.com/templates/html/dawson-portfolio-website-template
rec6OXR5FEtdOIBIO	greenscope-01a32a	Greenscope	https://webflow.com/templates/html/greenscope-website-template
rec6OamD5Rg7PE3Rm	stonegrid-template	StoneGrid Rejected 1rr7zijo	https://webflow.com/templates/html/stonegrid-website-template
rec6PJTCBkC0ElcIj	mind-matte	Mind-Matte Rejected roq0tdp4	https://webflow.com/templates/html/mindmatte-attorney-website-template
rec6PxCffegA7mmFY	creatorflow-template	CreatorFlow	https://webflow.com/templates/html/creatorflow-website-template
rec6UINZ1QKEzLMsy	nexformio	Nexform	https://webflow.com/templates/html/nexform-website-template
rec6Vd09jzh50frUe	aureum-wbs	Aureum & Co	https://webflow.com/templates/html/aureum--co-website-template
rec6VpPSwMeZLLfAz	metabeg-eco	Metabeg Rejected 18qsxm0p	https://webflow.com/templates/html/metabeg-website-template
rec6WCHkbHDHdta6D	quickproductlandingpage	QuickLanding Rejected 29mnjkl1	https://webflow.com/templates/html/quicklanding-software-website-template
rec6WaBWrQJjG2Kg3	lemichat	LemiChat	https://webflow.com/templates/html/lemichat-website-template
rec6agOl4UwNovTXG	burgerhub	BurgerHub Rejected dngoxcfj	https://webflow.com/templates/html/burgerhub-restaurant-website-template
rec6bJFvxSpfuaTav	medicenter	MediCenter	https://webflow.com/templates/html/medicenter-website-template
rec6bpNtB8ENxWzXN	ideano	Ideano Rejected o9vx5o70	https://webflow.com/templates/html/ideano-website-template
rec6iXSznch1QIbJl	winevet-template	Winevet Rejected g5ciuqzm	https://webflow.com/templates/html/winevet-website-template
rec6pkirld02ux9O8	digitales	Creeta Rejected 9kqgr88t	https://webflow.com/templates/html/creeta-website-template
rec6raYuVLWwwc5zG	arbo-template	Arbo X	https://webflow.com/templates/html/arbo-x-website-template
rec6tyGr3hQkyJr3H	sportopia	Sportopia Sports Complex Rejected nsz7btev	https://webflow.com/templates/html/sportopiasportscomplex-sports-website-template
rec6vDfAE6CZYqKTv	optiai-template	Optiai	https://webflow.com/templates/html/optiai-website-template
rec6xlcZqFvWzyYUA	formhous-studio	Formhous Studio	https://webflow.com/templates/html/architect-studio-website-template
rec6yQn1ZdlxYzEDc	itigen	Itigen Rejected svg12e16	https://webflow.com/templates/html/itigen-website-template
rec71GHwwWfq34KUD	ololadeo	Ololadeo Rejected hp57evdg	https://webflow.com/templates/html/ololadeo-website-template
rec72mPmEevmefArA	nutrify-tnc	NUTRIFY Rejected 9wbx1ed6	https://webflow.com/templates/html/nutrify-website-template
rec73QHYajV17Z1u8	salonz-nx	Salonz Rejected yf9x0pq8	https://webflow.com/templates/html/salonz-salon-website-template
rec73obQKf8ZkGs1a	evektra	Evektra	https://webflow.com/templates/html/evektra-website-template
rec757iDp5XI2hRs7	app-via	Ape Via Rejected 5kn3sw0c	https://webflow.com/templates/html/ape-via-website-template
rec78LVpdxi20DKsO	drivecare	DRIVECARE Rejected zwf4hc29	https://webflow.com/templates/html/drivecare-website-template
rec78Ln1JmAhJHRVj	kitpro-portflow	Portflow Rejected hs63gnrj	https://webflow.com/templates/html/portflow-portfolio-website-template
rec79CPwoCLbTvnUY	devnya-oly	Devnya	https://webflow.com/templates/html/devnya-website-template
rec79xgJoE4pjRUFi	onesoft-flowze	Onesoft	https://webflow.com/templates/html/onesoft-website-template
rec7CfQbb8igsAUXw	feva	Féva	https://webflow.com/templates/html/fva-website-template
rec7D70pkF2b92QFL	shoez	Shoez NX Rejected y7d8h633	https://webflow.com/templates/html/shoeznx-shop-website-template
rec7KXLdsTqJk8z8Q	blackvault	BlackVault Rejected ku34g39p	https://webflow.com/templates/html/blackvault-website-template
rec7KyfqOXBJTSjwE	vortexa-template	Vortexa Rejected jodaa1se	https://webflow.com/templates/html/vortexa-agency-website-template
rec7LPgVIVv6eFtif	skyland-template	Skyland Rejected kkee9e2k	https://webflow.com/templates/html/skyland-website-template
rec7Omfzd9xwwdEnq	nestico-template	Nestico	https://webflow.com/templates/html/nestico-website-template
rec7WDd0LawZVFl5v	juicysip-wbs	Juicysip Rejected dze8dkrh	https://webflow.com/templates/html/juicysip-retail-website-template
rec7WwYaijJo4flPF	labvision-pq	Labvision Rejected nr0vknzl	https://webflow.com/templates/html/labvision-website-template
rec7XbAXMwcRK8bKJ	lunexi	Lunexi	https://webflow.com/templates/html/lunexi-website-template
rec7Xx5caZmRqiw2R	iwmfitness	IWM-Fitnes	https://webflow.com/templates/html/iwm-fitnes-website-template
rec7ZvZKTuG2S1P0h	mariana69	Mariana	https://webflow.com/templates/html/mariana-website-template
rec7agKWcwt8S6B8P	pegamemcoin	Pega Memcoin Rejected 32i5ykyu	https://webflow.com/templates/html/pega-memcoin-website-template
rec7dgFz46cZZRnFw	tintmaster	TintMaster Rejected ebd7e2kx	https://webflow.com/templates/html/tintmaster-automotive-website-template
rec7gAcl8FnOcsWiA	mr-smith	Mr Smith Photos Rejected e1p0a4en	https://webflow.com/templates/html/mrsmithphotos-photography-website-template
rec7i59KLJ6JmaHMG	lawfirm-template-01-c642192acf84c1d4e4d	LexPro	https://webflow.com/templates/html/lexpro-website-template
rec7j5TTIFknT8zhL	nikki-template	Nikki Rejected plzk0lbv	https://webflow.com/templates/html/nikki-website-template
rec7mgkyeI9fgZ0XU	nomad-notes	Nomad Notes	https://webflow.com/templates/html/nomad-notes-website-template
rec7p3DJbsPWpIfnh	quantumventures	Quantum Ventures Rejected x41jpp46	https://webflow.com/templates/html/quantumventures-agency-website-template
rec7pBameOjz1Vcu2	stylea	Stylea Rejected dyf43okp	https://webflow.com/templates/html/stylea-website-template
rec7roa1U0ctvRX1c	rankfy	RankFY - Webflow HTML website template	https://webflow.com/templates/html/rankfy---webflow-html-website-template-website-template
rec7yqyMuygwdEpa7	apigen	ApiGen	https://webflow.com/templates/html/apigen-website-template
rec815h55G0wXvSwr	tutor-template-7e905cc1eda9eb	Tutoring Template Rejected 8p50qn8m	https://webflow.com/templates/html/tutoringtemplate-education-website-template
rec81mNEBf4CMVwtt	medify-fdevz	Medifly Rejected 35qjo3j5	https://webflow.com/templates/html/medifly-website-template
rec83S7rLk09pqieZ	cloudcraft-saas	Cloud.Craft Rejected b7b8fmwd	https://webflow.com/templates/html/cloudcraft-website-template
rec84q1olttt2HwrN	obsinex	Obsinex	https://webflow.com/templates/html/obsinex-website-template
rec85pyho45kNeuUr	terra-construction-template	Terra - Modular Homebuilder Landing Template	https://webflow.com/templates/html/terra---modular-homebuilder-landing-template-website-template
rec86uzMNFCaR2yjN	small-business-portfolio	Craftify AI Base Rejected 0ltohdlq	https://webflow.com/templates/html/craftifyaibase-business-website-template
rec87684OKU0MfKNZ	freight-transport-services	Road Freight Transportation Solutions Rejected vlfzd7m2	https://webflow.com/templates/html/roadfreighttransportationsolutions-transport-website-template
rec87By7pjYncJYcJ	eaton-template	Eaton Rejected 34h9mqhm	https://webflow.com/templates/html/eaton-website-template
rec87qi2KvP743CFc	freight-transport-services	Road Freight Transportation Soluitons Rejected 2spubw36	https://webflow.com/templates/html/roadfreighttransportationsoluitons-transport-website-template
rec8HumUeAQSvwo0e	earthon	Earthon	https://webflow.com/templates/html/earthon-website-template
rec8I8bSDqHbL7SyE	scotts-cool-site-0d7036	Rendering External API Responses in Webflow	https://webflow.com/templates/html/rendering-external-api-responses-in-webflow-website-template
rec8J35eYg5wikPhO	ornox	Ornox Rejected 48broczs	https://webflow.com/templates/html/ornox-website-template
rec8K5fTyRbBjNQUV	financx	Financx Rejected e9hmgp7b	https://webflow.com/templates/html/financx-finance-website-template
rec8KavLTa743GASE	hums-6ee471	Homs	https://webflow.com/templates/html/homs-website-template
rec8MUF3s22ZG0hjk	aurelia-beauty	Aluria	https://webflow.com/templates/html/aluria-website-template
rec8Q2pnTHicdUYcd	samfolio-template	SAMFOLIO Rejected rma2v6lk	https://webflow.com/templates/html/samfolio-portfolio-website-template
rec8QsleLbfMns1Fl	zaleilah-template	Zaleilah Rejected 2q71fqu3	https://webflow.com/templates/html/zaleilah-portfolio-website-template
rec8RaKJXmttswvIe	finovax	Finovax Rejected td4s8y3n	https://webflow.com/templates/html/finovax-website-template
rec8TiLbUxgsho9Xr	lunatic-studio-ecommerce-template	Lunatic Studio eCommerce Rejected 635giyl2	https://webflow.com/templates/html/lunaticstudioecommerce-agency-website-template
rec8XGI5qc9vUETMm	norrivo	Norrivo	https://webflow.com/templates/html/norrivo-website-template
rec8XQxiyL8HN2NbV	woxsn	Woxsn	https://webflow.com/templates/html/woxsn-website-template
rec8Y9NBIIjEOvmh9	aurawell	AuraWell	https://webflow.com/templates/html/aurawell-website-template
rec8hKnS3zvzX6454	estol-template	Estol	https://webflow.com/templates/html/estol-website-template
rec8npANVpnqTYg1y	pexoai	PexoAI	https://webflow.com/templates/html/pexoai-website-template
rec8qFxGSw8WaKUF6	agencifye	Agencifye Rejected x8xbqybh	https://webflow.com/templates/html/agencifye-agency-website-template
rec8qj6zqSNb42aq8	mentaheal-eco	Mentaheal	https://webflow.com/templates/html/mentaheal-website-template
rec8sXJkwTWnnGwSv	medlist-ttm	Medlist	https://webflow.com/templates/html/medlist-website-template
rec8va9twQo7j7sas	carenza	Carenza	https://webflow.com/templates/html/carenza-website-template
rec924hDwiKYFZByU	john-smith-photo	John Smith Photo Rejected ksam69ju	https://webflow.com/templates/html/johnsmithphoto-photography-website-template
rec96Ji1y3jA1CAZw	headlines-template	Headlines Rejected 2voxxezd	https://webflow.com/templates/html/headlines-website-template
rec98YfcTp4TdA7C6	worxman	Worxman	https://webflow.com/templates/html/worxman-website-template
rec99P7aVyHd8tv9c	eduvex	Eduvex	https://webflow.com/templates/html/eduvex-website-template
rec99PzEAs1jF1zaN	nylaz	Nylaz	https://webflow.com/templates/html/nylaz-website-template
rec99cgcZ9ziIyxzB	magazinx	magazinetemplate Rejected o8r2fh8s	https://webflow.com/templates/html/magazinetemplate-website-template
rec9AogWna6FY9sEY	crafthat	CraftHat	https://webflow.com/templates/html/crafthat-website-template
rec9BeZx4xzcB6rPy	onlyfansx	OnlyFans X Rejected p0z3n30s	https://webflow.com/templates/html/onlyfansx-agency-website-template
rec9I5bXS7g2kcZnC	astrica-ttm	Astrica	https://webflow.com/templates/html/astrica-website-template
rec9KaXIzw7esPouQ	plastermagazine	Plaster Magazine Rejected rj9xf07w	https://webflow.com/templates/html/plastermagazine-magazine-website-template
rec9Kf31sQTjsfCh4	innovate-x	InnovateX Rejected 6ta2bwkw	https://webflow.com/templates/html/innovatex-website-template
rec9Lw9STHMfhRZQ6	obro	Obro Rejected mzpcni4n	https://webflow.com/templates/html/obro-website-template
rec9Mdm61CZEVkU1z	aitess	Aites Rejected 48dv9y6j	https://webflow.com/templates/html/aites-website-template
rec9S8R52XWnaVZqs	exhibitedge-wcopilot	Exhibitedge Rejected 4wcwdlzi	https://webflow.com/templates/html/exhibitedge-portfolio-website-template
rec9SE1ILUXscURVq	esonix	Esonix	https://webflow.com/templates/html/esonix-website-template
rec9SxEouHyh5qVKl	fluency-8ef5d3	Fluent	https://webflow.com/templates/html/fluent-website-template
rec9Vt1tvyEQSTMP2	elegant-gardencare	Elegant Gardencare Rejected zun65t8w	https://webflow.com/templates/html/elegant-gardencare-website-template
rec9ZbISJr0QFxCmo	consultanti-flowsark	Consultanti Rejected v7n6osb1	https://webflow.com/templates/html/consultanti-website-template
rec9Zo4ndjt1yhUGa	gymfit99	Jimfit	https://webflow.com/templates/html/jimfit-website-template
rec9a3UZNmGfTg1FI	wealth-template	Wealth Webflow Template	https://webflow.com/templates/html/wealth-webflow-template-website-template
rec9cbP4U7xbLvfy4	flwoza-oly	Flwoza	https://webflow.com/templates/html/flwoza-website-template
rec9cmZjZT3koxKB0	steamwaves-template-v1	STEAMWAVES Webflow Template V1 Rejected tebwfulr	https://webflow.com/templates/html/steamwaves-webflow-template-v1-website-template
rec9fYJpvguAORG1N	slice-town-wbs	Slice Town	https://webflow.com/templates/html/slice-town-website-template
rec9hea45JqxAkkgI	outliner-lite	Outliner Lite Rejected no0thhhb	https://webflow.com/templates/html/outliner-lite-website-template
rec9oyIiNGsSfIWrG	clickler	Clickler	https://webflow.com/templates/html/clickler-website-template
rec9qEh1trNDTdxoT	curenast	CureNast	https://webflow.com/templates/html/curenast-website-template
rec9sBRd2i4vRDrXz	finpro-template	FinPro Rejected 6uo9ljf7	https://webflow.com/templates/html/finpro-saas-website-template
rec9sRrTJ2maLJxl1	flowency-template	Flowency - Website Template Rejected z9g66o3v	https://webflow.com/templates/html/flowencywebsitetemplate-website-template
rec9uGjXnSr2TNMo8	fintech-tnc	Fintech TNC Rejected easf1r67	https://webflow.com/templates/html/fintechtnc-bank-website-template
rec9unaM8jt2CEjs7	raksfolio	Raksfolio Rejected prass6pp	https://webflow.com/templates/html/raksfolio-website-template
rec9vWy5DBpFa4TWz	teachflowtemplate	TeachFlow Rejected 3h043d38	https://webflow.com/templates/html/teachflow-website-template
rec9xDTxBRFGY2rBr	blago-template	Blaggo Rejected 2o130uii	https://webflow.com/templates/html/blaggo-blog-website-template
rec9ywOG7uf0JoHRJ	delvefz	Delve FZ	https://webflow.com/templates/html/delve-fz-website-template
recA1xe0agnXZKbgE	inside-psychology	Inside Psychology Rejected xd4o36uz	https://webflow.com/templates/html/inside-psychology-website-template
recA35CgkauBvoUME	cravori	Cravori	https://webflow.com/templates/html/cravori-website-template
recA3UZIZEPwcKFCT	splayd	Splayd Rejected hny9k62o	https://webflow.com/templates/html/splayd-website-template
recA3iQwRjqyWuXKL	dexco	Dexco Rejected d6dxdelv	https://webflow.com/templates/html/dexco-website-template
recA3odd5tgz0v0js	eunoea	Eunoea	https://webflow.com/templates/html/eunoea-website-template
recA5i1cxBNFqwfxV	thyme-template	Thyme Rejected 6rl1psjk	https://webflow.com/templates/html/thyme-restaurant-website-template
recACCei16BEL11VG	grevia-template	Grevia	https://webflow.com/templates/html/grevia-website-template
recAFZwY0pcvZeLvw	pest-control-wcopilot	Pest Control Rejected h84clzou	https://webflow.com/templates/html/pest-control-website-template
recAGpfEMNGU5EDkm	fitman-ecommerce	Fitman Ecommerce Rejected h2nocqvg	https://webflow.com/templates/html/fitmanecommerce-website-template
recAHublzUpVOB20I	surveica	Surveica Rejected n4i2urp3	https://webflow.com/templates/html/surveica-website-template
recAIsv5UlM1kv3iY	peregrin-template	Peregrin	https://webflow.com/templates/html/peregrin-website-template
recAKRyj9NSlekV2x	grayscale-template	Grayscale Rejected azds1tz5	https://webflow.com/templates/html/grayscale-website-template
recALNu0bIH5RwOBB	ammora	Ammora Rejected bml1eohm	https://webflow.com/templates/html/ammora-website-template
recAOIwY97ty8nlxY	the-cleaning-co	The Cleaning Co. Rejected y1ejfkqd	https://webflow.com/templates/html/thecleaningcowebflowtemplate-wellness-website-template
recAOyPhGT1Al1nLE	flaxio	Flaxio Rejected 5fc1sz5g	https://webflow.com/templates/html/flaxio-website-template
recATGLrg1skpvV9x	window-cleaner-template	ClearView Rejected 7dbshahk	https://webflow.com/templates/html/clearview-website-template
recATYpdekRyhNUjd	cognifyai-ecommerce	CognifyAI Ecommerce Rejected 3aouc9zv	https://webflow.com/templates/html/cognifyaiecommerce-website-template
recAUkHGJjCJMflE9	construction-hat	ConstructHat	https://webflow.com/templates/html/constructhat-website-template
recAWiR7wrJbXh2Hv	taskxen	TaskXen – Task & Project Management Template	https://webflow.com/templates/html/taskxen--task--project-management-template-website-template
recAWjOapzpaNO1Hj	petbite	Petbite Rejected v77g84lp	https://webflow.com/templates/html/petbite-website-template
recAYtvJH24EPZokz	vexon-portfolio-template	Vexon	https://webflow.com/templates/html/vexon-website-template
recAbeVMxSQ3ic4fC	griddos	Griddos Rejected wnq3bdid	https://webflow.com/templates/html/griddos-personal-website-template
recAcsVrFlrSlfDy7	farwaydesign	FarWay	https://webflow.com/templates/html/farway-website-template
recAh1GfGcpqxFQT5	woodiv	Woodiv Rejected q1qukvho	https://webflow.com/templates/html/woodiv-furniture-website-template
recAj2xQd5HtIyFhp	structflow-template	StructFlow	https://webflow.com/templates/html/structflow-website-template
recAs8kLzCQhRJ5tq	beukin	Beukin	https://webflow.com/templates/html/beukin-website-template
recAwSPFx4jBfr76Q	pixelstage	Pixelstage	https://webflow.com/templates/html/pixelstage-website-template
recB0pspC9wmboMhl	cozycup	Cozycup Rejected 1gtelrhq	https://webflow.com/templates/html/cozycup-coffee-shop-website-template
recB3oZscsC96wuOS	studiomoncler	Studio Moncler Rejected o7crdi5s	https://webflow.com/templates/html/studiomoncler-agency-website-template
recB4E1v4EdJu6Rpz	crumbpro	Crumb	https://webflow.com/templates/html/crumb-website-template
recB92j0yRS1QeDtS	velocityio	VelocityIO	https://webflow.com/templates/html/velocityio-website-template
recB9MhhIMXgWL8NP	havely	Havely	https://webflow.com/templates/html/havely-website-template
recBDjx6xSs88R7ZC	nation-r-webflow-template	NATIONR Rejected qfighmnw	https://webflow.com/templates/html/nationr-website-template
recBEMqglXvGG4h6D	az-daveframe	Daveframe	https://webflow.com/templates/html/daveframe-website-template
recBG77NoQMjdJGrU	kidsjoy-wbs	Kidsjoy Rejected lhuy8b3w	https://webflow.com/templates/html/kidsjoy-retail-website-template
recBGb6zzFwvQ5Csu	amanjiwo	Aman Jiwo Rejected zeeitn8j	https://webflow.com/templates/html/aman-jiwo-website-template
recBHtmHntzEctNlZ	advento-template	Advento	https://webflow.com/templates/html/advento-website-template
recBII25f5toiuWDi	appique-template	Appique Rejected tdxwd9s7	https://webflow.com/templates/html/appique-app-website-template
recBK5Y0Z1UDR6hxQ	kitpro-obsivent	Obsivent Rejected 8ev1yit0	https://webflow.com/templates/html/obsivent-website-template
recBLAzI6s7siyPtW	grorapids-sample-site	Grorapid labs Rejected n06zexz4	https://webflow.com/templates/html/grorapidlabs-software-website-template
recBPCZJf6hjpmGlT	juvy-legal-template	Juvy	https://webflow.com/templates/html/juvy-website-template
recBWZm04XciJvR1C	medizne	Medizne	https://webflow.com/templates/html/medizne-website-template
recBYvYdVeOVJJyC2	azmera	Azmera Rejected v8w4juee	https://webflow.com/templates/html/azmera-website-template
recBcvnAz8mAGP65s	holychurch1	Holy Church Rejected 28nxdvm9	https://webflow.com/templates/html/holychurch-church-website-template
recBfJVs3Rs31v5gD	jurist-template	Jurists	https://webflow.com/templates/html/jurists-website-template
recBfumImZlKdSvPA	livxi-template	Livxi Rejected hlge11su	https://webflow.com/templates/html/livxi-website-template
recBhaQPg9oo3ZGPm	restro-template	Restro Rejected tn361hq4	https://webflow.com/templates/html/restro-website-template
recBiAmyqol2E8wVy	recipease	RecipEase Rejected hm740bl7	https://webflow.com/templates/html/recipease-website-template
recBjwq8mgbv7e4J2	idenify-template	IDenify Rejected zzhcdsrd	https://webflow.com/templates/html/idenify-website-template
recBkuRSjNLlRnwGs	ideveloper	ideveloper Rejected qsp2x2ce	https://webflow.com/templates/html/ideveloper-website-template
recBlX0kNLpnoKW3v	dish-dream	Dish & Dream	https://webflow.com/templates/html/dish--dream-website-template
recBnjSjM8Qvso1ZD	alvana-ai-chatbot	Alvana Rejected h9fspucf	https://webflow.com/templates/html/alvana-website-template
recBrmWfp13M4Lb6h	aibuddy	AIBuddy Rejected hzx18m65	https://webflow.com/templates/html/aibuddy-landing-page-website-template
recBtIj2ZsmevsoNo	zenara-site	Zenara Rejected q6vsleiq	https://webflow.com/templates/html/zenara-marketing-website-template
recBuy6EqNsmCkXKg	cakeyemmy-webflipin	Cakeyemmy Rejected zwso93t7	https://webflow.com/templates/html/cakeyemmy-cafe-website-template
recBvTFVHdAviOLIo	consult-us-consulting	Consultus Rejected t5o7if6n	https://webflow.com/templates/html/consultus-website-template
recBvklShH7A6ah7z	mikee-template	Mikee	https://webflow.com/templates/html/mikee-website-template
recC3hQNwtlJtCHsV	notedock	Notedock Rejected gkgpreol	https://webflow.com/templates/html/notedock-website-template
recCCyuBYK1nLYuqP	aihub-template	AIHub Rejected e3ubwogc	https://webflow.com/templates/html/aihub-landing-page-website-template
recCFNXwSRW7qd3CF	renewflow-template	RenewFlow	https://webflow.com/templates/html/renewflow-website-template
recCIXBu5IP6RDLde	cleann-agency	Cleann Studio Rejected nad8wb3y	https://webflow.com/templates/html/cleann-studio-website-template
recCJAMXoEUui9RJo	owwo	OWWO Rejected ufkqf128	https://webflow.com/templates/html/owwo-website-template
recCJo3h1zcVY5jAf	nevara-template	Nevara	https://webflow.com/templates/html/nevara-website-template
recCKLaETXbKbNq3C	workscape-space	Workscape	https://webflow.com/templates/html/workscape-website-template
recCSeyTR5sAWG59L	simplesa	senzill-neo Rejected tha6n2hq	https://webflow.com/templates/html/senzillneo-portfolio-website-template
recCVgE7AAPmdZzlp	bakers-tnc	Bakers	https://webflow.com/templates/html/bakers-website-template
recCWyaKy5qWToZ7p	bleachingstudio	Bleaching- Cosmetic- or Beautystudio Website incl. Blog Rejected ioc2d7df	https://webflow.com/templates/html/bleachingcosmeticorbeautystudiowebsiteinclblog-salon-website-template
recCYG2T1JzbCOWfS	explorium	Explorium Rejected i60d8sus	https://webflow.com/templates/html/explorium-tourism-website-template
recCdEDMQL4Ervsku	unibite	Unibite Rejected z3e8zhdo	https://webflow.com/templates/html/unibite-website-template
recCdNXzKzAjItCv7	lenscape-template	Lenscape Rejected d2aq3nm9	https://webflow.com/templates/html/lenscape-website-template
recCfezafPh42uW5L	nftnova	NFT Nova Rejected s88tnr6v	https://webflow.com/templates/html/nft-nova-website-template
recCflZkIyuvS03jc	ideano	Ideano99	https://webflow.com/templates/html/ideano99-website-template
recChZJJ9obGFkuNV	optura-agency	Optura	https://webflow.com/templates/html/optura-website-template
recClbq7Cq4OfksqT	counder250	Counder Rejected 7vojksfd	https://webflow.com/templates/html/counder-business-website-template
recCm7u8yu0tJO642	beautiqueflow	BeautiqueFlow Rejected ar69jizh	https://webflow.com/templates/html/beautiqueflow-website-template
recCoIp27Uw9SFdbg	agencypro-template	Agency Pro Rejected 7ozpn4c2	https://webflow.com/templates/html/agencypro-agency-website-template
recCwVv3h2uPAosks	sailwind-sass	Sailwind	https://webflow.com/templates/html/sailwind-website-template
recCzfzwPnSqkflSi	saashine-cms	Saashine CMS Rejected 08g1yzq8	https://webflow.com/templates/html/saashinecms-saas-website-template
recD0eZ6pKxEocwiA	joymakers	Joymakers Rejected jy6qwvmo	https://webflow.com/templates/html/joymakers-charity-website-template
recD1QCAkwVdTVBu9	ecofram	EcoFram Rejected 6mr8jyf9	https://webflow.com/templates/html/ecofram-website-template
recD1TJqJg1LsUkOj	zaifd	ZaiFD Rejected dclmz9dj	https://webflow.com/templates/html/zaifd-small-business-website-template
recD3NtwdIjh0NRig	rolfborg	Rolf Børg Rejected l9d5pjg3	https://webflow.com/templates/html/rolfbrg-portfolio-website-template
recD3lX0CmZkyF5x5	drivoi	Drivo	https://webflow.com/templates/html/drivo-website-template
recD5r6H5l92C98id	slavance	Slavance	https://webflow.com/templates/html/slavance-website-template
recD6E7tug0nUD74w	inovixx	Inovix	https://webflow.com/templates/html/inovix-website-template
recDB8dpNK5SIbrDF	physixo	Physixo Rejected 8bjdsq16	https://webflow.com/templates/html/physixo-website-template
recDBpblU6bSK9Bz2	brigade-template	Brigade Rejected wm66gei6	https://webflow.com/templates/html/brigade-finance-website-template
recDCBom6CLkNEE28	opalyn	Opalyn	https://webflow.com/templates/html/opalyn-website-template
recDEKoqyUgCUFQac	die-karte	Die Karte	https://webflow.com/templates/html/die-karte-website-template
recDEYQhYyQPGQLgU	canvascrest	Canvascrest	https://webflow.com/templates/html/canvascrest-website-template
recDHP0DrkBQ1u7K1	securityzf	Security ZF Rejected d23y1ail	https://webflow.com/templates/html/securityzf-small-business-website-template
recDK0l9KaCb49D4U	tokomoo-codigee	Codigee Rejected 09x403ax	https://webflow.com/templates/html/petbites-website-template
recDRqwJJXVzmHL2U	swiftev	Swiftev Rejected 9r0qbran	https://webflow.com/templates/html/swiftev-website-template
recDTMOH6OJW78FUH	dcomerce	dcomerce Rejected 4fss2zxy	https://webflow.com/templates/html/dcomerce-furniture-website-template
recDWYw4UuxdH0Kyn	meetupx	MeetupX Rejected m1l2ii9f	https://webflow.com/templates/html/meetupx-website-template
recDXiFxiaj53DEZU	vlma-template	VLMA	https://webflow.com/templates/html/vlma-website-template
recDXqnTzP1NYI3BO	gardflow-template	GardFlow	https://webflow.com/templates/html/gardflow-website-template
recDaqK51aJzPvHRw	agency-craft	AgencyCraft Rejected v3q5nkjf	https://webflow.com/templates/html/agencycraft-website-template
recDd94RIqvsD9hob	printix	Printix	https://webflow.com/templates/html/printix-website-template
recDlUO5LwpqifAJ7	ionfolio	Ionfolio	https://webflow.com/templates/html/ionfolio-website-template
recDndSweGhI4Kf5P	sassit	SassIT Rejected dewz5zgw	https://webflow.com/templates/html/sassit-technology-website-template
recDoOyeycsGR6cUr	gravex	Gravex	https://webflow.com/templates/html/gravex-website-template
recDrYJJLTXSuIros	mariana69	Mariana X	https://webflow.com/templates/html/mariana-x-website-template
recDthZFW35qT2QRt	ecofield	EcoField	https://webflow.com/templates/html/ecofield-website-template
recDxdTMyvymWbQ10	glow-essence	glowessence Rejected wmmt7djq	https://webflow.com/templates/html/glowessence-website-template
recDzilz1BLPdOaW1	havenly99	Havenly	https://webflow.com/templates/html/havenly-website-template
recE5Gk5MXZBUz8WH	regent-template	Regent	https://webflow.com/templates/html/regent-website-template
recE7fUsB0TPTcgUn	goldenhoof-template	Goldenhoof	https://webflow.com/templates/html/goldenhoof-website-template
recE7vxx7iihRnkQg	curadent	CuraDent	https://webflow.com/templates/html/curadent-website-template
recE9ys6ZnzNPsxbp	marqly	Marqly Rejected 3zg7ojrz	https://webflow.com/templates/html/marqly-website-template
recEBmuu7zcHv9ZNk	aurai	Aurai Rejected 1us2tl6k	https://webflow.com/templates/html/aurai-saas-website-template
recEHitdbzEHgE3jn	viszen	Viszen Rejected fbb3ltzk	https://webflow.com/templates/html/viszen-website-template
recEIph8OnoVmG8rj	lunatic-studio-ecommerce-template	Lunatic Studio Rejected 6xbqspcr	https://webflow.com/templates/html/lunaticstudio-agency-website-template
recEKG6XDGosT6CRa	easyfolio	EasyFolio Rejected lbp6e0g7	https://webflow.com/templates/html/easyfolio-website-template
recEKlCpTAnn7DfHR	adura-agency	Adura Rejected 7sk22bbj	https://webflow.com/templates/html/adura-website-template
recEMwc4ovsA0eoMM	5cbit	5cBit Rejected 41qfopd4	https://webflow.com/templates/html/5cbit-website-template
recEOWE6qhB2Awr5H	orrin-co-template	Orrin & Co Rejected bo9fpas9	https://webflow.com/templates/html/orrin--co-website-template
recEOZGO9w9U6rtkU	travelus	Travelus Rejected vodni9hy	https://webflow.com/templates/html/travelus-website-template
recEOZxRWR6NNNXQZ	lawfirms	Lawfirms Rejected cr46ervm	https://webflow.com/templates/html/lawfirms-website-template
recET0shApugrExTf	easyfolio	Easy Folio Rejected jqe2090f	https://webflow.com/templates/html/easyfolio-website-template
recEUJ0FqG6319CJK	taskup-site	Taskup	https://webflow.com/templates/html/taskup-website-template
recEWTEzvagNe2T6V	law-firm-nomos	Nomos	https://webflow.com/templates/html/nomos-website-template
recEdew7NicAJeR2N	flora-farm-agriculture-template	FloraFarm Rejected ia98fro3	https://webflow.com/templates/html/florafarm-website-template
recEfAbGk5BoXBrTK	portfolio-798cea	Elevated template	https://webflow.com/templates/html/elevated-template-website-template
recEfbHNlFAia8p9z	data-sphere	Data Sphere	https://webflow.com/templates/html/data-sphere-website-template
recEgX9ensSClkUjR	brand-reach	https://brand-reach.webflow.io/ Rejected l6mucr2z	https://webflow.com/templates/html/httpsbrand-reachwebflowio-website-template
recEl2PSsaTSB3shT	yogoo	Yogoo	https://webflow.com/templates/html/yogoo-website-template
recEloS36VaYl3cWr	roonix	Roonix	https://webflow.com/templates/html/roonix-website-template
recEqLVomoT6cwGNZ	portfolio-bbbb47	My Portfolio Rejected rc9x6f1h	https://webflow.com/templates/html/myportfolio-portfolio-website-template
recEqWU4Pjuv3Wg2y	aizenn	Aizzenn	https://webflow.com/templates/html/aizzenn-website-template
recEry1ilMHyKB67N	sophie-template	Sophie	https://webflow.com/templates/html/sophie-website-template
recEvoXxj8verB5XI	monexa-template	Monexa	https://webflow.com/templates/html/monexa-website-template
recExSPdvvFaKT3d1	pawhub	PawHub Rejected xyfeexb7	https://webflow.com/templates/html/pawhub-website-template
recExYGN25YgHne7G	talkvu	Talkvu	https://webflow.com/templates/html/talkvu-website-template
recEzaA3E1DAP2mx9	bluefish	Bluefish Rejected fi02ebyd	https://webflow.com/templates/html/bluefish-website-template
recF1DrakV7OiwcZh	brutalix-retro-saas	Brutalix	https://webflow.com/templates/html/brutalix-website-template
recF1a6AJZUQUEePD	revometric	RevoMetric Rejected 7ihj1bnc	https://webflow.com/templates/html/revometric-accounting-website-template
recF4YpL24vEso9E6	singer-tnc	SINGER TNC Rejected sskc7rcm	https://webflow.com/templates/html/singertnc-musician-website-template
recF5HYTf10CaYNGW	akusara	Akusara Rejected bspm3s7x	https://webflow.com/templates/html/akusara-website-template
recF7pqPEJBFfWze8	metalic-wbs	Metalic Rejected tfal0owf	https://webflow.com/templates/html/metalic-website-template
recFA6Z14dtXNWVQj	vernor	Vernor	https://webflow.com/templates/html/vernor-website-template
recFB41qHuVgU0kGA	explorvia	Explorvia Rejected whjcphlh	https://webflow.com/templates/html/explorvia-website-template
recFBIbHtjKzCpak8	globallang	Globallang Language Schools Rejected nmit0ko0	https://webflow.com/templates/html/globallanglanguageschools-learning-website-template
recFCwnwBlaopcfq8	lawnflow-template	LawnFlow	https://webflow.com/templates/html/lawnflow-website-template
recFE70ABNFY4a81v	agency11-wbs	Agency11 Rejected 4kyfcsh6	https://webflow.com/templates/html/agency11-agency-website-template
recFFjFBZYwTCMFVh	blume-lite	Blume Lite Rejected y7tp79tg	https://webflow.com/templates/html/blume-lite-website-template
recFGG1B3IdEMAVa2	viora-ai-technology	Viora	https://webflow.com/templates/html/viora-website-template
recFGiTSaITjCtasV	escapee	Escapee	https://webflow.com/templates/html/escapee-website-template
recFJoykBxgVBt0zw	skinora-temaplate	Skinora	https://webflow.com/templates/html/skinora-website-template
recFJvcJEZdENsefg	wearenorthpoint	NorthPoint Rejected 7nk6fuxq	https://webflow.com/templates/html/northpoint-website-template
recFLUzXnbQWfc1t7	stillfield	Stillfield	https://webflow.com/templates/html/stillfield-website-template
recFQIFDR9gz2ir82	gooddra	Goodra	https://webflow.com/templates/html/goodra-website-template
recFQOh4PVcQhB6ZA	frado-template	Frado Rejected 0dzodaj7	https://webflow.com/templates/html/frado-website-template
recFSQxigqxJPyYaJ	marija-template	Marija Rejected 0nja9044	https://webflow.com/templates/html/marija-one-page-website-template
recFSqDOa7vqEO9oJ	token-radsled	Token Rejected 9jta3smv	https://webflow.com/templates/html/token-finance-website-template
recFUBBruAzi27bSN	wedify-template	Wedify	https://webflow.com/templates/html/wedify-website-template
recFUaaC1o026WfJ8	skintreats-template	SkinTreats	https://webflow.com/templates/html/skintreats-website-template
recFV7vXhFuYdWPHj	vudo	Vudo	https://webflow.com/templates/html/Vudo-website-template
recFYTC4RLsiPqD1j	phisio-ttm	Phisio Rejected n5fygb4q	https://webflow.com/templates/html/phisio-website-template
recFZEKjdzaaSVcEX	devacy	Devacy Rejected gmktm7pc	https://webflow.com/templates/html/devacy-website-template
recFaNEpi6GB7p1cV	lana-ellis	Lana Ellis	https://webflow.com/templates/html/lana-ellis-website-template
recFaVfdDTEtaRb2r	consofy	Consofy Rejected 5jpfiueu	https://webflow.com/templates/html/consofy-website-template
recFd0FiabN90BeHN	cookspace-creations	CookSpace Creations Rejected 1nmexbtf	https://webflow.com/templates/html/cookspacecreations-real-estate-website-template
recFdFJR7YCMAL1op	shyniq	Shyniq Rejected m74tofk0	https://webflow.com/templates/html/shyniq-website-template
recFdcwfFbERK6GXo	portfolyoec-template	Portfolyo eC Rejected dnmtrivy	https://webflow.com/templates/html/portfolyoec-portfolio-website-template
recFj1qko57XVOFPa	sassai-saas-startup	Sass Ai Rejected m03isz7x	https://webflow.com/templates/html/sassai-website-template
recFkRHDap6GgYb2K	toysshop-template	Toyscart	https://webflow.com/templates/html/toyscart-website-template
recFlBeO5JEp9tmNX	yogic-cms	Yogic CMS Rejected hbcmnqs6	https://webflow.com/templates/html/yogiccms-wellness-website-template
recFq2cIKJuIX08Td	logodesigns-template	Logo Designs Rejected s7b8w6mb	https://webflow.com/templates/html/logodesigns-portfolio-website-template
recFsFzC9orYIxUtJ	norten-template	Norten	https://webflow.com/templates/html/norten-website-template
recFt7UUXjSWU2Jxt	auraaa	Auraaa	https://webflow.com/templates/html/auraaa-website-template
recFxMk1MQ56KPGVp	roofy-tnc	Roofy Rejected empkkytk	https://webflow.com/templates/html/roofy-website-template
recG4VKL6NEsrfo7X	furenzo	Furenzo	https://webflow.com/templates/html/furenzo-website-template
recG506x3DmHoC63e	lumeo-template-1	Lumeo	https://webflow.com/templates/html/lumeo-website-template
recG7YSRLdFQnW2kN	blissify-template	Blissify Rejected xmhiekjv	https://webflow.com/templates/html/sweety-website-template
recG9fxiUYpCCUV1F	agenzrio	Agenzrio Rejected 15xo26dd	https://webflow.com/templates/html/agenzrio-website-template
recGAI5OOvnE4dqyD	sane-template	Sane	https://webflow.com/templates/html/sane-website-template
recGG6an6rjtWknIr	webosta	Webosta Rejected ulq1j2f1	https://webflow.com/templates/html/webosta-website-template
recGJL9nBis4YcZSf	aivoria	Aivoria	https://webflow.com/templates/html/aivoria-website-template
recGK8PnWoAAEYCJR	opulix	Opulix	https://webflow.com/templates/html/opulix-website-template
recGLe0fznlpholx6	focalpointdaily	Focal Point	https://webflow.com/templates/html/focal-point-website-template
recGLoQwdaNcJD9q3	awwedding	MarryMe	https://webflow.com/templates/html/marryme-website-template
recGNBvglNyRq79js	markz-template	Markz Rejected 3gpb6z1e	https://webflow.com/templates/html/markz-marketing-website-template
recGQp1cYtazE86w0	orivya	Orivya	https://webflow.com/templates/html/orivya-website-template
recGTd6GPCdRy5gpv	tednic	Tednic	https://webflow.com/templates/html/tednic-website-template
recGYF6Zu1UrhymFC	saasion	Saasion Rejected t56h75aj	https://webflow.com/templates/html/saasion-website-template
recGakD2gJmOe4fXO	lookito	Lookito Rejected edc5suoz	https://webflow.com/templates/html/lookito-website-template
recGenLvZYyBrmLCS	lexfirm	LexFirm	https://webflow.com/templates/html/lexfirm-website-template
recGhcdWqNSggJuTT	prime-builds	Primebuilds Rejected 0i62hkap	https://webflow.com/templates/html/primebuilds-website-template
recGkbezO2qdyc4y5	evencio	Evencio Rejected nbktad1h	https://webflow.com/templates/html/evencio-website-template
recGl8Afe4fSFEsvl	mucusverse	Mucusverse Rejected bl9a1xjx	https://webflow.com/templates/html/mucusverse-website-template
recGlqmlwJQQM4fsl	casanativa-39bc78	Ecommerce Mezcal Rejected r02c7ypi	https://webflow.com/templates/html/ecommerce-mezcal-website-template
recGpK0xxYzEiBeQN	gobyte	Gobyte - Corporate & Modern Website Template Rejected qaeulqfc	https://webflow.com/templates/html/gobytecorporatemodernwebsitetemplate-startup-website-template
recGrRcgaoC6z8hbR	exposa-x-template	Exposa X	https://webflow.com/templates/html/exposa-x-website-template
recGuHcTGO7O6fJLt	blogitico	Blogitico v3 Rejected eqrc9d1d	https://webflow.com/templates/html/blogitico-v3-website-template
recGyCJEEi5aZXc5M	adpilot-e5b221	AdPilot	https://webflow.com/templates/html/adpilot-website-template
recH6kt7vLqwYTXA0	ranket	Ranket Rejected 5h3lvhf8	https://webflow.com/templates/html/ranket-website-template
recH7ktzvvQiz2223	legulrights-template	LegulRights Rejected 8hm6tvx2	https://webflow.com/templates/html/legulrights-law-firm-website-template
recHEqjYQ8CpIxxz8	tensport	Tensport	https://webflow.com/templates/html/tensport-website-template
recHFvfXUXaw37jJ2	portfolio-site-templates	Web development Portfolio Rejected 83kimwwn	https://webflow.com/templates/html/webdevelopmentportfolio-portfolio-website-template
recHIM6uzRX5JeNNl	appzoo-wbs	Appzoo Rejected s23eriac	https://webflow.com/templates/html/appzoo-mobile-website-template
recHKZHNpcnEJIlBH	vig0	Vigo Rejected op1c8u97	https://webflow.com/templates/html/vigo-agency-website-template
recHOy0t5FqbRERZ0	help-desk-support-template	Help Desk Rejected eqnlqrdh	https://webflow.com/templates/html/helpdesk-website-template
recHS5xVadpVu7sPD	ritohab	Ritohab	https://webflow.com/templates/html/ritohab-website-template
recHSDwXCrgQgOoM4	heirlom	Heirloom	https://webflow.com/templates/html/heirloom-website-template
recHSOzZ8DrR4TUaK	urbanbistro	Urban Bistro - Modern Website Rejected 4upil7s0	https://webflow.com/templates/html/urbanbistromodernwebsite-restaurant-website-template
recHSqbJzaRHA3sQZ	viola-81405d	Viola Rejected h53xsbtx	https://webflow.com/templates/html/viola-creative-website-template
recHT5Qqa1Kx1yeT2	furecom	Furecom	https://webflow.com/templates/html/furecom-website-template
recHU000WkUPQkEzf	avi-studio	Avi.studio Rejected qca2stuo	https://webflow.com/templates/html/avistudio-website-template
recHc6JhfzkvkLCK6	fixservice	Fixservice	https://webflow.com/templates/html/fixservice-website-template
recHdHb0Ft7PXZBi7	miloss-fitness-website	Fitness Website Template Rejected u0znvetl	https://webflow.com/templates/html/fitnesswebsitetemplate-fitness-website-template
recHgvzKf7R5QNkag	ornix	Ornix Rejected lss7cgdn	https://webflow.com/templates/html/jewelstore-website-template
recHh3oy95zIQt7rY	fortan	Fortan	https://webflow.com/templates/html/fortan-website-template
recHlYhGUMW3vgyQo	archova	Archova	https://webflow.com/templates/html/archova-website-template
recHsOm0qTQdIa0Pl	uxo-studio	UXO Studio	https://webflow.com/templates/html/uxo-studio-website-template
recHtX5tsZmBcgim4	virexa	Virexa Rejected lwv2d3ld	https://webflow.com/templates/html/virexa-website-template
recHvYjXq7UKmJrcO	rachael-wirtz-simple-template	Rachael Wirtz Rejected ant9eyxs	https://webflow.com/templates/html/rachaelwirtzsimpletemplate-cv-website-template
recI1f7dcpNo5fgg9	iwmfitness	IWM typical fitnes	https://webflow.com/templates/html/iwm-typical-fitnes-website-template
recIDlLBgZxmuf3U1	modelflowx	Model Flow X Rejected o0j1vxlh	https://webflow.com/templates/html/modelflowx-agency-website-template
recIGBfnbZ12kFbqB	snapvision	Snap Vision	https://webflow.com/templates/html/snap-vision-website-template
recIINVmsRvS86kEw	photographers-portfolio	Photobook Rejected feqfbjvq	https://webflow.com/templates/html/photobook-photography-website-template
recIIsk5n41Z9lJzI	voltupflow-template	VoltupFlow Rejected lledclvu	https://webflow.com/templates/html/voltupflow-website-template
recIMZoKGCgU08SdL	pepoo	Pepo	https://webflow.com/templates/html/pepo-website-template
recIMtK4Ndt45XVy5	createart-ai	CreateartAI	https://webflow.com/templates/html/createartai-website-template
recIRdHJ0qOlwUnhP	modelx-template	Model X Rejected cug6lhkg	https://webflow.com/templates/html/modelx-entertainment-website-template
recIS2evKR0osFcLo	reflexy	Reflexy Rejected lrpstjoq	https://webflow.com/templates/html/reflexy-website-template
recIS3eLKOa3SFPjI	eloctix	Eloctix	https://webflow.com/templates/html/eloctix-website-template
recIWvk4tMZFjDKVI	blaazex	BlazeX Rejected uz9nhsn5	https://webflow.com/templates/html/blazex-website-template
recIXLF4I5103zuO8	auraskin	AuraSkin	https://webflow.com/templates/html/auraskin-website-template
recIXwTWhhLVdyGXx	bexel	Bexel	https://webflow.com/templates/html/bexel-website-template
recImq7tNH3ZuEBrT	crestor	Crestor Rejected 0986vu3i	https://webflow.com/templates/html/crestor-website-template
recImy1mlcUg9dNTP	liam-harper	Liam Harper Pro Rejected 0r46itsu	https://webflow.com/templates/html/liam-harper-pro-website-template
recIqwBGq5VjxCyk5	porto-minimals	Porto Minimals Rejected 60ryw7lr	https://webflow.com/templates/html/portominimals-portfolio-website-template
recIrD8mV9VF99KSP	blogitico	Blogitico Rejected flr7e2mu	https://webflow.com/templates/html/blogitico-blog-website-template
recIs7OGffWdFuCad	john-marks	John Marks Rejected p5twab6e	https://webflow.com/templates/html/john-marks-website-template
recIvftDt0gmt4reU	eduvance-education	Eduvance	https://webflow.com/templates/html/eduvance-website-template
recIxIjjU4bNnvMhO	tattox	TATTOX Rejected i8pk91rt	https://webflow.com/templates/html/tattox-website-template
recIxUfOYAPlDEet6	blago-template	Blago Rejected 4qn9qy9m	https://webflow.com/templates/html/blago-website-template
recIyzjrbtf4FJ2MO	chattybot-templates	Ai ChattyBot Rejected emiuorkm	https://webflow.com/templates/html/aichattybot-saas-website-template
recJ1AFKaeqmB2Tau	mentari	Mentari Rejected mo2bkkz7	https://webflow.com/templates/html/mentari-one-page-website-template
recJ28TZGDWDeOVfF	ostudio-template	OStudio Rejected 28bo3jv4	https://webflow.com/templates/html/ostudio-portfolio-website-template
recJ2TA2Z7RcEiSvU	paulafolio	Paula Folio Rejected fh30vrzd	https://webflow.com/templates/html/paulafolio-portfolio-website-template
recJ34GgLPyJBAAUI	autotinter	Auto Tinter Rejected om918ly7	https://webflow.com/templates/html/autotinter-automotive-website-template
recJ6xNdc3CzTCUUJ	agrobi-farm	Agrobi Farms Rejected 8vnnn3qh	https://webflow.com/templates/html/agrobifarms-farm-website-template
recJ7hUjZJ2cwnAqd	toolflow-template	ToolFlow Rejected jikdt3ng	https://webflow.com/templates/html/toolflow-website-template
recJ86f5KT0xEVFmX	ledgerpro-template	LedgerPro	https://webflow.com/templates/html/ledgerpro-website-template
recJ8tIulgguV8kjY	sk-fashion-a0c2f5	SK Hub Rejected 6b8u5itz	https://webflow.com/templates/html/sk-hub-website-template
recJCKColpwpbVbKW	wision	Wision Rejected d42ox4g6	https://webflow.com/templates/html/wision-portfolio-website-template
recJCWzT8MTwOi8U1	smilecare-pq	SmileCare-pq Rejected 6s3nhxyk	https://webflow.com/templates/html/smilecare-pq-website-template
recJFr2Vm3Bw54KxT	molios	Moliox	https://webflow.com/templates/html/moliox-website-template
recJGr4UCwVqelyis	fastine-template	Fastine Rejected mmsnnwg3	https://webflow.com/templates/html/fastine-website-template
recJIBaK6SxeBW1gp	seemai-d77aa2eabee07d3a899625745c866a86	Eyeglasses website template Rejected rzqgnxs6	https://webflow.com/templates/html/eyeglasseswebsitetemplate-business-website-template
recJKaMYbzrPKQTPe	lumency	Lumency	https://webflow.com/templates/html/lumency-website-template
recJQ2lT9LyYb250L	grocer-tnc	Grocer	https://webflow.com/templates/html/grocer-website-template
recJUFjK6mxBwZynk	droptask-template	Droptask	https://webflow.com/templates/html/droptask-website-template
recJWUjwgtn5LF61j	pool-201246	POOL Rejected wr8qe9zs	https://webflow.com/templates/html/pool-business-website-template
recJXmQqY2ZVWBMts	jellyfish-745f0c	Jallyfish	https://webflow.com/templates/html/jallyfish-website-template
recJiqQHFvwvFTkjN	adam-portfolio-website-969c21befe458232	Dadam Rejected yfei51hq	https://webflow.com/templates/html/dadam-portfolio-website-template
recJjdYkKhKMRSbtd	versa-portfolio	versati Rejected qttuu1oa	https://webflow.com/templates/html/versati-consulting-website-template
recJlyiQn65gKXvwI	renewal-conversion	Renewal	https://webflow.com/templates/html/renewal-website-template
recJnCvptHuiLmakV	fineance	Fineance Rejected dmzdvaki	https://webflow.com/templates/html/fineance-conference-website-template
recJoZcHj1EQ5d3Qq	kulor-template	Kulør Rejected oy0aoxiw	https://webflow.com/templates/html/kulr-beauty-&-wellness-website-template
recJqMygnxwpBnQCp	eventy-official	Eventor Rejected z1pnf95x	https://webflow.com/templates/html/eventor-event-website-template
recJt1qBOs0P3puZe	pawlab	Pawlab	https://webflow.com/templates/html/pawlab-website-template
recJt2Wqcbofv06S5	heartsync-template	HeartSync Rejected 1s1nraws	https://webflow.com/templates/html/heartsync-website-template
recJuwN2LfXjZNTbc	company-profile-about	E-Commerce About Page	https://webflow.com/templates/html/e-commerce-about-page-website-template
recJvQORQXVuWDPbq	getshapsphere	Shapsphere	https://webflow.com/templates/html/shapsphere-website-template
recJwixSrZp5fEkJp	zetetic-template	Zetetic Rejected xkhpj814	https://webflow.com/templates/html/zetetic-website-template
recJzKMTLUXGntxls	opera-template	Opera Rejected fbh40qoy	https://webflow.com/templates/html/opera-agency-website-template
recK4SFnd1qeVjHSi	speako-courses	Speako Rejected 0bd4053t	https://webflow.com/templates/html/speako-website-template
recK6zBvVWaH2Ckpw	zaibrand	Zaibrand Rejected nivf53zb	https://webflow.com/templates/html/zaibrand-agency-website-template
recK7W8Tp2FG7Hd28	citarasa-catering	Citarasa Catering Rejected b209b2qe	https://webflow.com/templates/html/citarasa-catering-website-template
recKBfolwnhMFUxgQ	thechurch1	The Church Rejected enybz1z2	https://webflow.com/templates/html/thechurch-church-website-template
recKBrOI12VixuRTY	digix-template	Digix Rejected dk3j7j6k	https://webflow.com/templates/html/digix-agency-website-template
recKDjqk6WGEccPXB	photographer-folio-51bbae-c70565e8f41b5	PhotoZen Rejected 4wf7e2ve	https://webflow.com/templates/html/photozen-portfolio-website-template
recKF4tPpx1DSO9QJ	trustfin-template	Trustfin	https://webflow.com/templates/html/trustfin-website-template
recKHaLACznNL6npd	charity-templates	Charitex Rejected iztzobc5	https://webflow.com/templates/html/charitex-charity-website-template
recKIJ5CFWyR4DogE	az-anna	AnnaFolio Rejected pt23yl9z	https://webflow.com/templates/html/annafolio-website-template
recKK7tBB7kIC5Vec	finovaweb	Finovaweb Rejected sqsydxbl	https://webflow.com/templates/html/finovaweb-website-template
recKLy4oWqM9NEi8q	brunchy-time	Brunchy Time Rejected 8dnpfahe	https://webflow.com/templates/html/brunchytime-cafe-website-template
recKNUnoa1le2Dipk	globallang	ariyadilatif@gmail.com Rejected x165jb7d	https://webflow.com/templates/html/ariyadilatifgmailcom-learning-website-template
recKOAsxw0utfZ2Cn	sausegi	Sausegi Rejected plzq7v5j	https://webflow.com/templates/html/sausegi-website-template
recKXEkEFu8Xp3ks1	katye-template	Katye Rejected pjlmfdjy	https://webflow.com/templates/html/katye-website-template
recKYJ3SXn6ZeHIZu	trendlabs-agency	TrendLabs Rejected 8040ptj7	https://webflow.com/templates/html/trendlabs-website-template
recKYTS27LeIcoR1A	buzzcut	Buzzcut	https://webflow.com/templates/html/buzzcut-website-template
recKe1TgdA6YQOi3H	portfolio17-18b487	BeYou17 Rejected uwc5ggm6	https://webflow.com/templates/html/beyou17-portfolio-website-template
recKjoOFfB2yInMRL	velzo	Velzo Rejected e34ibftp	https://webflow.com/templates/html/velzo-website-template
recKjudA8kWOrH5MA	morinsight	Mor Insight	https://webflow.com/templates/html/mor-insight-website-template
recKkSdUeN78LMmlF	goodpaws	GoodPaws	https://webflow.com/templates/html/goodpaws-website-template
recKpsH7s3dgGiwwy	rankfy	RankFY - Webflow HTML Multi Page Templates	https://webflow.com/templates/html/rankfy---webflow-html-multi-page-templates-website-template
recKsVPphIBuwA9v4	arexa-template	Arexa Rejected s37f3ycm	https://webflow.com/templates/html/arexa-website-template
recKt14WbRGmpN4II	nannyfz	NannyFZ Rejected 6oyohstx	https://webflow.com/templates/html/nannyfz-kids-website-template
recKuG9oCByf4kQ5R	jack-hunter	Jack H	https://webflow.com/templates/html/jack-h-website-template
recKxOBzKg7wJK6Ae	flench-template	Flench	https://webflow.com/templates/html/flench-website-template
recL0EziaHJVk4c5S	winehub-webflipin	Winehub Rejected 6phws7dd	https://webflow.com/templates/html/winehub-website-template
recL14RbAXqoRysnn	nf-titan	Titan69 Rejected 84n3jl18	https://webflow.com/templates/html/titan69-website-template
recL1JuuJwYrTJ60j	blofain	Blofain Rejected ok2w9jyc	https://webflow.com/templates/html/blofain-website-template
recL4AeeRk9o6TP9g	replyx	Replyx	https://webflow.com/templates/html/replyx-website-template
recLBIKcjoyLNPBXG	portfolio-798cea	SimplisticPortfolio Rejected b9m2apa4	https://webflow.com/templates/html/simplisticportfolio-portfolio-website-template
recLDp52D3yp2kUyJ	dkomercesite	dkomerce_1 Rejected u7ad99kr	https://webflow.com/templates/html/dkomerce_1-furniture-website-template
recLFFVgtIgdds7cd	rihan-asaya-model	Rihan Asaya Model Rejected vi3zc0k8	https://webflow.com/templates/html/rihanasayamodel-profile-website-template
recLH5zc2DvhTcY9t	qurova	Qurova	https://webflow.com/templates/html/qurova-website-template
recLIJTMf0AO7PaUv	gabriel-template	Gabriel Rejected xb5hmoan	https://webflow.com/templates/html/gabriel-portfolio-website-template
recLKup8521ixnnHI	jonathan-template	Jonathan Rejected ott2516w	https://webflow.com/templates/html/jonathan-designer-website-template
recLLBgySnY9gjWIg	gerox	Gerox	https://webflow.com/templates/html/gerox-website-template
recLNHhN9LfBpq3LD	coppie-blog-template	Coppie Rejected 72akeuks	https://webflow.com/templates/html/coppie-blog-website-template
recLNHmA8QT95gRkz	umahku	Umah Rejected sgfvg1m6	https://webflow.com/templates/html/umah-website-template
recLNcVjL0XebzFpU	conat	Conat Rejected jdsdsaf	https://webflow.com/templates/html/conat-website-template
recLPSH35ZK0ZXp9L	avala-saaas	Avala	https://webflow.com/templates/html/avala-website-template
recLPypMUWZoAhFeQ	datacore-ecommerce	Datacore	https://webflow.com/templates/html/datacore-website-template
recLRdxOxun8LlO6j	lavishs-template	Lavishs	https://webflow.com/templates/html/lavishs-website-template
recLVQfWHSuBnxcoc	mega-templates	The Mega	https://webflow.com/templates/html/the-mega-website-template
recLXA4CgPQ2TYJkH	rankfy	RankFY - Webflow HTML Multi-Page Templates	https://webflow.com/templates/html/rankfy---webflow-html-multi-page-templates-website-template
recLXM1Pwck1uVKVw	opalzai	Opalzai Rejected fjr0f6ti	https://webflow.com/templates/html/opalzai-website-template
recLZpub33X7vwNFc	shynee	Shynee Rejected foaxq8l0	https://webflow.com/templates/html/shynee-website-template
recLaQHyYr9AIDNKb	kronex	Kronex	https://webflow.com/templates/html/kronex-website-template
recLbaEDWpOVPTMRT	windsphere-energy	Windsphere	https://webflow.com/templates/html/windsphere-website-template
recLe5XvhhzzleMs1	danscott-template	Dan Scott	https://webflow.com/templates/html/dan-scott-website-template
recLm54l1XaZqsdlv	queen-wedding	Queen Rejected iercxnc0	https://webflow.com/templates/html/queen-website-template
recLmJXsDjVMjPeEO	brewni	Brewni	https://webflow.com/templates/html/brewni-website-template
recLnwuw7Iz399gkR	ovo-pointer	Pointer Rejected ojdhq5px	https://webflow.com/templates/html/pointer-saas-website-template
recLp58Q3rMc4g8z6	three-in-one-link-in-bio-template	Link-in-bio Webflow Template — 3 in 1 styles Rejected 6n98ip1v	https://webflow.com/templates/html/link-in-bio-webflow-template--3-in-1-styles-website-template
recLsdt5gvaWGM7H9	kitpro-surfacestudio	Surface Studio Rejected cfqf5ugm	https://webflow.com/templates/html/surfacestudio-agency-website-template
recLuD5jrQQFOHTC7	beanjoy	BeanJoy Rejected u0t4h95w	https://webflow.com/templates/html/beanjoy-cafe-website-template
recLzRzHdDqfR2SQw	ziryab-designer-portfolio	Ziryab Template Rejected 01aqqf10	https://webflow.com/templates/html/ziryab-template-website-template
recLzWGFgqs8s2gVx	infroxa	Infroxa	https://webflow.com/templates/html/infroxa-website-template
recM17ZGICINHEnff	educova	Educova Rejected jfmyyn9s	https://webflow.com/templates/html/educova-website-template
recM72WUdDdeMFDrZ	renovas	Renovas Rejected 0fcd7xpy	https://webflow.com/templates/html/renovas-construction-website-template
recMAUeh3cmfd7E3p	edvora	Edvora Rejected iui70kg2	https://webflow.com/templates/html/edvora-website-template
recMAtrSWdGjjWpz1	nutritius	Nutritius Rejected cfb2pemk	https://webflow.com/templates/html/nutritius-website-template
recMBxU4OjOh8wp2I	newborn-tnc	NewBorn Rejected c14bjwi6	https://webflow.com/templates/html/newborn-website-template
recMCXQQ84WiJcDW9	ima-ochelet	Clean Book Launch LP Rejected ber02i4b	https://webflow.com/templates/html/cleanbooklaunchlp-book-website-template
recMDafLvw7IBGnmn	viridian-template	Viridian Rejected u70s4al9	https://webflow.com/templates/html/viridian-website-template
recMFIrgHR5BP0HWY	neonflow	NEONFLOW Rejected kztq4x0i	https://webflow.com/templates/html/neonflow-website-template
recMJ0VmMqNQp5yWR	portfolio-site-templates	Portfolio site Rejected gk7qrc69	https://webflow.com/templates/html/portfoliosite-portfolio-website-template
recMNmomlzMaUvkFL	cleverme	Cleverme Rejected z8csmbqr	https://webflow.com/templates/html/cleverme-website-template
recMS2ipdnYQD70dy	fusion-studio-52e7d392e74297e0b921bf3e7	Fusion Studio Rejected r45aaelm	https://webflow.com/templates/html/fusionstudio-architecture-website-template
recMSDl58Gou0HcVH	keymaster-wtemplate	KeyMaster	https://webflow.com/templates/html/keymaster-website-template
recMSyF8kUEJwLq4q	dispatch-template	Dispatch Rejected olxsdesk	https://webflow.com/templates/html/dispatch-website-template
recMUntwtqYVFjOLj	atalaya-6faf73	Atalaya Rejected pdtjkyn7	https://webflow.com/templates/html/atalaya-fashion-website-template
recMVX34muqzUQ072	realive-template	Realive Rejected 9j2pax8d	https://webflow.com/templates/html/realive-website-template
recMYvMElOdkgVJC3	grasshoper	Travel Agency Rejected wi4nlvv6	https://webflow.com/templates/html/travelagency-travel-website-template
recMb4a5gFMMQte2Z	evenzo-template	Evenzo	https://webflow.com/templates/html/evenzo-website-template
recMbOsnynqBXUWRQ	webcast-pq	Webcast Rejected 52q93rg8	https://webflow.com/templates/html/webcast-music-website-template
recMmxgP3wdixpB7n	whiff-template	Whiff Rejected uid10jqi	https://webflow.com/templates/html/whiff-startup-website-template
recMplBvkkbEbC2nU	portfio	Protfio Rejected ucupysr5	https://webflow.com/templates/html/protfio-website-template
recMqmon0A9CDNMpw	crypcat-template	Crypcat	https://webflow.com/templates/html/crypcat-website-template
recMrIparpYLT76MH	dportfolio1	dportfolio Rejected hvjf3e6s	https://webflow.com/templates/html/dportfolio-technology-website-template
recMsHTCB69HvMdmm	entdoc	ENTDOC Rejected nbmi5ocg	https://webflow.com/templates/html/entdoc-website-template
recMsMeQmQRq29oHB	edufun-site	EduFun Rejected l2mohc4a	https://webflow.com/templates/html/edufun-school-website-template
recMtcXCbpek7wCm9	gamma-template-7fcb1a	Gamma	https://webflow.com/templates/html/gamma-website-template
recMufiGChI4rP71z	enforcify	Enforcify Rejected kt0klgrx	https://webflow.com/templates/html/enforcify-law-firm-website-template
recN0bl5exY6uh6ZT	solvion	Solvion	https://webflow.com/templates/html/solvion-website-template
recN1NqaABIQYii2Q	peers-builder-lite	Peers Builder Lite Rejected negv6mqg	https://webflow.com/templates/html/peersbuilderlite-shop-website-template
recN2wdHQK14JHI5c	yogahavatemplate	Yoga Hava – Modern Responsive Yoga Studio Webflow Template	https://webflow.com/templates/html/yoga-hava--modern-responsive-yoga-studio-webflow-template-website-template
recN37PqWD4UkRgyA	astana-real-estates	Astana Rejected lw68i28y	https://webflow.com/templates/html/astana-real-estate-website-template
recN4gjS3sc0PJLCY	gymax	Gymax Rejected zgr8y45k	https://webflow.com/templates/html/gymax-website-template
recN4p8vGYdcTHRou	civilflow-webflipin	Civilflow Rejected fgv5o5ea	https://webflow.com/templates/html/civilflow-construction-website-template
recN87Pp8PJ6W7y4M	avoke-template	Avoke	https://webflow.com/templates/html/avoke-website-template
recN9Kgizh6NnKIte	releasev2	Release Breathwork	https://webflow.com/templates/html/release-breathwork-website-template
recNBLqwP0OjKfJ42	podion	Podion Rejected ql3om2sx	https://webflow.com/templates/html/podion-website-template
recNCPyqQsQ8EW2KL	beyoutiful-staging	Zeyoutiful Rejected jeegxvo2	https://webflow.com/templates/html/beyoutiful-beauty-&-wellness-website-template
recND7V3IXdjxyvkW	bussix	Busix	https://webflow.com/templates/html/busix-website-template
recNDOa2WU7pRcTKg	finaccounttemplate	Finaccount	https://webflow.com/templates/html/finaccount-website-template
recNFMrDOtnZFFjDQ	ruma-property-site	rumaproperty Rejected uii1r1s3	https://webflow.com/templates/html/rumaproperty-website-template
recNMvpu9zli3nkcN	nomad-notes	NomadNotes Rejected kibzr6dc	https://webflow.com/templates/html/nomadnotes-travel-website-template
recNO9hIt7T3OnYRJ	sellmark	Sellmark Rejected q5vupv7c	https://webflow.com/templates/html/sellmark-website-template
recNPYaYjpzRN1RaA	agenciz	Agenciz Rejected if4q9g7m	https://webflow.com/templates/html/agenciz-website-template
recNPcqvtV5PwoXxE	cocktailbarcloneablebyfglabs	Cocktail Clonable Website Template for Webflow Rejected 80ire0wl	https://webflow.com/templates/html/cocktailclonablewebsitetemplateforwebflow-food-&-drink-website-template
recNT3dITdSSzjwsk	toknex	Toknex	https://webflow.com/templates/html/toknex-website-template
recNTX2RZ5wEbnmNN	funeraltemplate	Funeral X Rejected 9pehgk23	https://webflow.com/templates/html/funeralx-website-template
recNU6eUmN4uhdcpa	photographz-nx	PhotographZ-NX Rejected 5u29nwiu	https://webflow.com/templates/html/photographznx-photography-website-template
recNUTIw0Gz4vr8fp	conat	Conat	https://webflow.com/templates/html/conat-website-template
recNVpYOsO6pfVbFw	mr-smith-photo	Mr Smith Photo Rejected ygx2bwd3	https://webflow.com/templates/html/mrsmithphoto-photography-website-template
recNYvP8gtQE0DlQl	creative-agency-01	DrWebflow Rejected w03jzvs7	https://webflow.com/templates/html/drwebflow-website-template
recNZWqiQiBBJbEz2	arkitek-template	Arkitek Rejected 7jpmoio8	https://webflow.com/templates/html/arkitek-website-template
recNciRk9vEX05vtP	evenza	Evenza	https://webflow.com/templates/html/evenza-website-template
recNeiDFTWRjRDiW2	nxt-soon	Nxt – Webflow HTML website template Rejected gkh01x6c	https://webflow.com/templates/html/nxt--webflow-html-website-template-website-template
recNhX8SdPRvj6Qjz	designforge-jennifer	DesignForge - Portfolio Rejected ombqlqs6	https://webflow.com/templates/html/designforgeportfolio-portfolio-website-template
recNiWMAHSdkqsnHP	finspired-1	Finspirex Rejected 9ucydasn	https://webflow.com/templates/html/finspirex-website-template
recNj36fTCz2sUYfn	vistahaven-pro	VistaHaven-Pro Rejected jd3uhxh4	https://webflow.com/templates/html/vistahaven-pro-website-template
recNjE0TwVHzoDa4E	evencare-medical-landing-page	Evencare Medical Landing Page Rejected 4uh87uek	https://webflow.com/templates/html/evencaremedicallandingpage-medical-website-template
recNjvbpVDDC0RLwA	nexara	Nexara Rejected 29wuzu41	https://webflow.com/templates/html/nexara-agency-website-template
recNmfBhc62PPSpuc	zenai-template	ZenAI Rejected z19d7grh	https://webflow.com/templates/html/zenai-website-template
recNo6EtPjIPVCLVD	service-ly	Servicely Rejected 8l7r5y5t	https://webflow.com/templates/html/servicely-website-template
recNp1bHsONn2OOsR	growfye-max	Growfye Max Rejected y3u8zd89	https://webflow.com/templates/html/growfye-max-website-template
recNp7bGcYQX1nvKv	breethe	Breethe Rejected f8bqav6c	https://webflow.com/templates/html/breethe-website-template
recNqy62YLHbb0m43	tokomoo-codigee	Codigee Rejected d539t29u	https://webflow.com/templates/html/codigee-website-template
recO0ZJw8NM0cRw5a	resorty	Resorty Rejected srb3tcmw	https://webflow.com/templates/html/resorty-hostel-website-template
recO0dIcYCsSl9Pkb	minima-agency-13b790ca784-17a78fa6e40a6	Creativa Agenci Rejected rvgs1b5o	https://webflow.com/templates/html/creativaagenci-website-template
recO23r5vR919iC2w	ultimator	Ultimator Rejected q1fu3zbk	https://webflow.com/templates/html/ultimator-it-company-website-template
recO4D9dGPLaqgU18	catrng-wbs	CATRNG Rejected casw37bi	https://webflow.com/templates/html/catrng-website-template
recO8YR8x1qM1b71C	agenz-theme	Agenz Rejected 2idvyzxd	https://webflow.com/templates/html/agenz-agency-website-template
recOA520omoxXKzxb	writor-site1	Writor Rejected gbkyuwdb	https://webflow.com/templates/html/writor-website-template
recODaJKZczjYEUtm	roofly	Roofly	https://webflow.com/templates/html/roofly-website-template
recOEkY9j6Zld8VNf	saashive	SaasHive Rejected 1tc92y2l	https://webflow.com/templates/html/saashive-website-template
recOEnwmefhuaycQc	landing-page-store	Quickmart Rejected c9icpfie	https://webflow.com/templates/html/quickmart-website-template
recOHRgYFqbsV1dMx	camping-het-bosje	Camping het Bosje Rejected mtrqgrq3	https://webflow.com/templates/html/camping-het-bosje-website-template
recOJQZaDtltiVAlc	simplesa	Simplesa Portfolio Rejected ac2z5cvm	https://webflow.com/templates/html/simplesaportfolio-portfolio-website-template
recOM4KFeaXtyexuZ	concorde-template	Concorde Rejected 3lqeik9j	https://webflow.com/templates/html/concorde-startup-website-template
recOS50ly32dIzlyI	design-1-5ab3d1	Ryan's E-commerce Template Rejected 5tx8j1kq	https://webflow.com/templates/html/ryansecommercetemplate-technology-website-template
recOSPBh9j2CVc6WD	creatist	Creatist	https://webflow.com/templates/html/digistore-website-template
recOU4xzUZxPem8xw	neural-lite	NeuralLite Rejected xsjj09ov	https://webflow.com/templates/html/neurallite-website-template
recOUzY6EiLrDMv6R	loopa-devz	Loopa Rejected zoleimhn	https://webflow.com/templates/html/loopa-website-template
recOXxr3OINAHvwoo	iwmfitness	IWMFitnes	https://webflow.com/templates/html/iwmfitnes-website-template
recOZ8C9w8oM2Jba7	nexae	Nexae	https://webflow.com/templates/html/nexae-website-template
recOeEmCihvW5wTbB	monolith-template	MONOLITH Rejected p9n1wadn	https://webflow.com/templates/html/monolith-saas-website-template
recOgGk8gDVM9tpQC	sijs-template	Sijs Rejected 52mihwcm	https://webflow.com/templates/html/sijs-saas-website-template
recOgLxh8xouI6oHV	launchly-template	Launchly	https://webflow.com/templates/html/launchly-website-template
recOge7KRNhRAFG9z	zyraa	Zyraa Rejected ox0ynnj1	https://webflow.com/templates/html/zyraa-website-template
recOjZ3HzyomyQVsD	fithub-35f1f7	FitHub 123 Rejected lzw1ik0m	https://webflow.com/templates/html/fithub-123-website-template
recOjjWrTMQWvaWCJ	optilab-template	Optilab	https://webflow.com/templates/html/optilab-website-template
recOlfpIlK3edpDC4	vcfo-virtual-cfo-website-template	VCFO Rejected db9flc7a	https://webflow.com/templates/html/vcfo-website-template
recOr7lyj5MyWuLJT	oxyva	Oxyva Rejected g8dm7t53	https://webflow.com/templates/html/oxyva-website-template
recOurbj2COeEBIbP	new-york-chinese	New York Chinese Rejected rjoqo9ne	https://webflow.com/templates/html/new-york-chinese-website-template
recOvfrjBFhm4qOTu	apartment-wbs	Apartment Rejected ohvncyya	https://webflow.com/templates/html/apartment-website-template
recOyG1YSEhpe0P1s	aqorda	Aqorda	https://webflow.com/templates/html/aqorda-website-template
recP0aalfzNlJ6gq2	nannyzai	NannyZai Rejected kxi9r0j7	https://webflow.com/templates/html/nannyzai-kids-website-template
recP18Gqwn29xtMOm	dentalcare-wbs	Dentalcare Rejected 05bz4d6l	https://webflow.com/templates/html/dentalcare-dentist-website-template
recP1vsQTP7BOdMbV	language-teacher-template-lingua	Lingua	https://webflow.com/templates/html/lingua-website-template
recP4HkrBcxgpU3Qy	opsifyai	Opsifyai	https://webflow.com/templates/html/opsifyai-website-template
recP4pM8aBEaVpszD	dentessa	Dentessa Rejected wigb51in	https://webflow.com/templates/html/dentessa-dentist-website-template
recP8vLghHJQpxiS1	enspire-template	Enspire Rejected wd80ghdm	https://webflow.com/templates/html/enspire-website-template
recP9hA50JrquLoBd	desportfolio	Olesias	https://webflow.com/templates/html/olesias-website-template
recP9r6lyTcZNzZtc	snipbarber	snipbarber Rejected m5bm3zvm	https://webflow.com/templates/html/snipbarber-barber-website-template
recPArxRSEpdizINq	trendhiive	Trendhive Rejected vzktb9r2	https://webflow.com/templates/html/trendhive-website-template
recPDlAc08Ih8ddvJ	habixa	Habixa Rejected ezwhauwy	https://webflow.com/templates/html/habixa-website-template
recPEIbyXOLYyJW7m	luminora	Luminora Rejected 4qgot4a3	https://webflow.com/templates/html/luminora-website-template
recPMnhzqAxKaa3b2	twista-site	Twista Rejected ubz8bcv2	https://webflow.com/templates/html/twista-website-template
recPO4As5KWrMo8qZ	lawish	Lawish Rejected un304xr5	https://webflow.com/templates/html/lawish-website-template
recPPZz1VlW1RyJhm	softly-template	Softly Rejected ppvwwn6k	https://webflow.com/templates/html/softly-saas-website-template
recPQP5dBu4JypQg9	setter-template	Setter Rejected s70izqx2	https://webflow.com/templates/html/setter-website-template
recPRk77BqM04ePjy	sauravportfolio-77801cc63f00ea6ec389c15	Momenta - for Photographers Rejected xtw6om06	https://webflow.com/templates/html/momentaforphotographers-photography-website-template
recPRzqeCg9abWVqy	cafe-fairytale	Java Corner Rejected 8h673lmr	https://webflow.com/templates/html/java-corner-website-template
recPTcK0NVA6zL04I	fasada	Fasad	https://webflow.com/templates/html/fasad-website-template
recPTl1c4lALMAmfB	worksync-template	WorkSync Rejected e90si3xk	https://webflow.com/templates/html/worksync-saas-website-template
recPW3cNeqzAilgnq	ovo-skylink	Skylink Rejected q2j6epxf	https://webflow.com/templates/html/skylink-website-template
recPWJWnUBrtdiX4V	modevo-template	Modevo Rejected 6auzmdna	https://webflow.com/templates/html/modevo-website-template
recPWdnNKBJfIH9eN	saafe-template	Saafe Rejected 6ljrm97g	https://webflow.com/templates/html/saafe-website-template
recPgvc84oFoaYT8y	gexfoliox	Gexfoliox Rejected j8a5nogj	https://webflow.com/templates/html/gexfoliox-portfolio-website-template
recPkNAADaWgP3BfJ	portfolio-starter-byq	P Starter Template	https://webflow.com/templates/html/p-starter-template-website-template
recPo6oOkPvC7xp9j	appliance-repair-128	Appliance Repair Rejected tv8waydh	https://webflow.com/templates/html/appliance-repair-website-template
recPvvmEtZytmpRkS	lawies	Lawies	https://webflow.com/templates/html/lawies-website-template
recPwNZ6A7A23h5u1	minimal-mood	MinimalMood Rejected jptaogrc	https://webflow.com/templates/html/minimalmood-blog-website-template
recPwu0IGrrOKv2P6	zexas-template	Zexa	https://webflow.com/templates/html/zexa-website-template
recQ1tJ7C5yBCLJVM	healvana	HealVana Rejected 97hddtvg	https://webflow.com/templates/html/healvana-website-template
recQ4DDVnK7GBmvq8	damien-template	Damien	https://webflow.com/templates/html/damien-website-template
recQ5EPTISBY6Aojt	demarc-ramanand-personal-website	Demarc Rejected vmv20v6u	https://webflow.com/templates/html/demarc-portfolio-website-template
recQ7q2Cak1Iwqywp	vicardo	Vicardo Rejected gndhzpa2	https://webflow.com/templates/html/vicardo-personal-website-template
recQ8H9aXDgsiD1uJ	aisaas-templates	AiSaas Rejected 2oyh7lcy	https://webflow.com/templates/html/aisaas-saas-website-template
recQAJFTQqTUFDNAs	flux99	Flux - HR & Hiring Website Template Rejected 8yotript	https://webflow.com/templates/html/flux---hr--hiring-website-template-website-template
recQDQcChvb5xvhSl	avallon-template-by-tuesday	Avallon Rejected g09ohqnz	https://webflow.com/templates/html/avallon-travel-website-template
recQDoUrjRiHujoOE	finstart	Finstart Waitlist Rejected qmwnf8bm	https://webflow.com/templates/html/finstart-waitlist-website-template
recQEFGSqwPvbdcPs	service-flow	ServiceFlow Rejected u40a8c1g	https://webflow.com/templates/html/serviceflow-website-template
recQFhlkNtH4iETjj	outletflow-template	OutletFlow Rejected ipoa5kpi	https://webflow.com/templates/html/outletflow-website-template
recQKF7sM1SyH02NL	radiantlens	Radiant Lens Rejected 136yn72z	https://webflow.com/templates/html/radiantlensphotographywebsitetemplate-portfolio-website-template
recQNi1gjw5P3HijI	hertz-template	Herttz Rejected k5hnhp4z	https://webflow.com/templates/html/herttz-agency-website-template
recQR1IQPiHVHek8W	crison-template	Crison	https://webflow.com/templates/html/crison-website-template
recQSvnCJmx3mxaQu	dentooth	Dentooth Website Template	https://webflow.com/templates/html/dentooth-website-template-website-template
recQTNXqGv49GJmPZ	johnst-portfolio	John.st portfolyo Rejected vmn09jst	https://webflow.com/templates/html/johnstportfolyo-portfolio-website-template
recQXrdLFMHvxuPnI	agriflo	Agriflo Rejected 1ia90yvv	https://webflow.com/templates/html/agriflo-agriculture-website-template
recQb0pEkUAXF8Imv	onearc	OneArc	https://webflow.com/templates/html/onearc-website-template
recQbh94D8fLDuES5	clay-template	Pottery Rejected 89ga8wm3	https://webflow.com/templates/html/pottery-small-business-website-template
recQd9QbiE7eGdpfP	nisqa-template	Nisqa Rejected lx8a5utu	https://webflow.com/templates/html/nisqa-website-template
recQefVplqX0eQ1ED	keystone-build	Keystone Build	https://webflow.com/templates/html/keystone-build-website-template
recQh0a2GaTF3doqB	nimany	Nimany Rejected ohd3zli5	https://webflow.com/templates/html/nimany-website-template
recQiK7kkCwtjg13r	kidzone-tnc	KidZone Rejected lh9whgwg	https://webflow.com/templates/html/kidzone-website-template
recQjp62cjStlE7Il	restherapy	Restherapy Rejected 6ftsboyz	https://webflow.com/templates/html/restherapy-therapy-website-template
recQoV3VTlO6QAlwC	mi-script	Subway Rejected h6gk8szc	https://webflow.com/templates/html/subway-website-template
recQqbpgHjIv7kLtf	fit-warrior-gym	Fit Warrior	https://webflow.com/templates/html/fit-warrior-website-template
recQqtFpgzJbYgjJj	ai-tnar	Tnar	https://webflow.com/templates/html/tnar-website-template
recQreF2D0utvFp7b	roofra-template	Roofora	https://webflow.com/templates/html/roofora-website-template
recQvkdPaLrQx0wVh	startio	Startio Rejected s0xb5yf8	https://webflow.com/templates/html/startio-website-template
recQwfX0izIXoanjQ	moonbase-template	moonbase Rejected i93ljpt5	https://webflow.com/templates/html/moonbase-startup-website-template
recQybweifCWwpv3Y	brian-smith	Brian Smith Rejected cchcwuak	https://webflow.com/templates/html/briansmith-photography-website-template
recQzlBc8VVp6esFi	sasflow-wbs	Sasflow Rejected c841na99	https://webflow.com/templates/html/sasflow-software-website-template
recR0vHSYgkoLZ0hz	airportal	AirPortal	https://webflow.com/templates/html/airportal-website-template
recR4kWGN5E58ltop	waymark-template	Waymark	https://webflow.com/templates/html/waymark-website-template
recR5Jyxoyuc8al5o	hairazr	Hairazr Rejected 78bmnday	https://webflow.com/templates/html/hairazr-website-template
recR5hdWSZt2YUTLr	planhause	Planhause	https://webflow.com/templates/html/planhause-website-template
recR63Q2IuL1oBjHT	press-command-6be195	Press Command Rejected 0mretm4p	https://webflow.com/templates/html/press-command-website-template
recR6ULSrl1PbQx4D	preview	Testname Rejected wakpdg9i	https://webflow.com/templates/html/testname-website-template
recR6yA6TV2s4aAUq	business-insider-template	Business Insider Rejected jcy29798	https://webflow.com/templates/html/businessinsider-finance-website-template
recRCJaBG1DFPa8eg	theo-marlowe	Theo Marlowe	https://webflow.com/templates/html/theo-marlowe-website-template
recRDR8Mv1GjYFLDx	the-travel-blog	The Travel Blog Rejected 1jhlv604	https://webflow.com/templates/html/thetravelblog-magazine-website-template
recRIQ7qeev9qIsus	justice-edge	JusticeEdge Rejected j4b9az3t	https://webflow.com/templates/html/justiceedge-website-template
recRJqZtEQpDqbzsF	athletic99	Athletic.	https://webflow.com/templates/html/athletic-website-template
recRO3QoaE7VIbtsn	olivetwist	Olivetwist Rejected 7f9pc2o8	https://webflow.com/templates/html/olivetwist-cafe-website-template
recROHXc9eXEiayZB	dentcare-pq	DentCare Rejected jat1rxo7	https://webflow.com/templates/html/dentcare-website-template
recROZamQl6OaRtBo	medcart-wbs	Medcart Rejected e3m3iyj2	https://webflow.com/templates/html/medcart-website-template
recRP8l7smXXKS1uo	achieve-qode-2024	Achieve Rejected wywje55e	https://webflow.com/templates/html/achieve-website-template
recRRoaQUPpE0AUA9	bookshops-tnc	BookShops TNC Rejected l14tmh0b	https://webflow.com/templates/html/bookshopstnc-book-website-template
recRSOhtp8eZij0YR	p0olservice	Pool Business Template Rejected gcw0df6w	https://webflow.com/templates/html/poolbusinesstemplate-business-website-template
recRZqsY33NkhD9d2	aizenn	Aizenn Rejected fubxpgkx	https://webflow.com/templates/html/aizenn-website-template
recRbs0riQl2jr8OB	nuvana-salon	Nuvana	https://webflow.com/templates/html/nuvana-website-template
recReD8RyhoLxpISl	blush-ecommerce-site	blush-ecommerce-site Rejected 2znglegy	https://webflow.com/templates/html/blushecommercesite-shop-website-template
recReHXgzOyNvGY0H	playfair-template	Playfair Rejected mv74aioc	https://webflow.com/templates/html/playfair-portfolio-website-template
recRicPGOdl1zg1Pc	alexander-gray	A/G Rejected 2xt3n0af	https://webflow.com/templates/html/ag-personal-website-template
recRitmL5of4mx0Pl	pixel-word	Pixel.word Rejected psl4kame	https://webflow.com/templates/html/pixelword-website-template
recRizKye5tcYiWvC	modelx-template	ModelX Rejected dasgqadu	https://webflow.com/templates/html/modelx-website-template
recRjUIsTr3GSaFRY	softio-6145bb	Softio Rejected ra0ktl80	https://webflow.com/templates/html/softio-saas-website-template
recRjWxZVAvwmn51G	ovo-inkify	Inkify Rejected n063098l	https://webflow.com/templates/html/inkify-app-website-template
recRmAP6FxZsxLESa	dezora	Dezora Rejected bfmpxcrf	https://webflow.com/templates/html/dezora-website-template
recRnzxrgymjdHovb	saasoft-wbs	Saasoft Rejected zb193dqy	https://webflow.com/templates/html/saasoft-website-template
recRo7LwvyVOQK2To	flowteam-portfolio-agency-template	FlowTeam	https://webflow.com/templates/html/flowteam-website-template
recRqcKlOLZdrGssT	az-agencyflow	AgencyFlow Rejected x2yv73e8	https://webflow.com/templates/html/agencyflow-website-template
recRt0MVRwtk8tZaU	dreamyo	Dreamyo Rejected u3rt1ov0	https://webflow.com/templates/html/dreamyo-website-template
recRtcswApKnPE8Gx	billy-event-template	Billy Tem Rejected vf1b8y68	https://webflow.com/templates/html/billy-tem-website-template
recRtlcOI4oV0kqvK	insured-tnc	Insured TNC Rejected nzxgyhq2	https://webflow.com/templates/html/insuredtnc-agency-website-template
recRuO3CB9x9kZubA	max-roi	MaxROI Rejected wguyp5ab	https://webflow.com/templates/html/maxroi-agency-website-template
recRvUVzVmOvLKTub	saasico	Sasico Rejected y45cw5pp	https://webflow.com/templates/html/sasico-saas-website-template
recRw7oervRjy02Ed	encio	Zencio Rejected 65mqt97j	https://webflow.com/templates/html/encio-agency-website-template
recRyZChPMJsq5V7U	applume	ApLume Rejected 8fqpfife	https://webflow.com/templates/html/aplume-website-template
recS0v3imQV7Jngvi	intersect-cafe-eatery	Intersect	https://webflow.com/templates/html/intersect-website-template
recS1lPjwUPISvIqT	ocoach	O_Coach	https://webflow.com/templates/html/o_coach-website-template
recS2GwHNE9r4StfR	molstice-template	Molstice Rejected hluntoaq	https://webflow.com/templates/html/molstice-website-template
recS9UpvAroyBYnTG	neuralsync-template	Neuralsync	https://webflow.com/templates/html/neuralsync-website-template
recSGuyadTCHDbvqe	to-done	Minimalist To-Do List for Your Browser Rejected j6ot7d9v	https://webflow.com/templates/html/minimalist-to-do-list-for-your-browser-website-template
recSJNN0UeGKuysi9	abdulk	Abdul K Rejected cz9qkm31	https://webflow.com/templates/html/abdulk-profile-website-template
recSJstJowMXuLXs1	pauline-beckers-template	ClearWave Rejected 1wcfkh7h	https://webflow.com/templates/html/clearwave-website-template
recSLIGV35FUbmQR8	ovrall	ovrall Rejected xrhf8k2x	https://webflow.com/templates/html/ovrall-website-template
recSMdeSlDy25aTL5	dolejs	Dole js	https://webflow.com/templates/html/dole-js-website-template
recSTizdBVFLhCDDb	swipe-d677f3	Swipe Magic Rejected 4g90pzmu	https://webflow.com/templates/html/swipe-magic-website-template
recSTwd2Q0LsF3PBD	digitalyo	Digitalyo Rejected 27rt45li	https://webflow.com/templates/html/digitalyo-website-template
recSU3IeHoDx4Pxuw	pauline-beckers-template-4f172b4e7de28f	Clear Wave Rejected ufs95jup	https://webflow.com/templates/html/clearwave-website-template
recSVUnBxQS61EJ9s	agenda-marketing-template	Agenda Rejected 2u7thwjf	https://webflow.com/templates/html/agenda-agency-website-template
recSVdIaCj8CF5RY4	portphol	Portphol Rejected 4d1k7pc9	https://webflow.com/templates/html/portphol-portfolio-website-template
recSWKuH3HSnPFou4	aera---spring-wellness-retreat	Aera	https://webflow.com/templates/html/aera-website-template
recSWwb2QZ1lTaL3N	kikoo-template	Kikoo Rejected wyo6eg3v	https://webflow.com/templates/html/kikoo-website-template
recSZJ8FDcfrr8hWh	alexis-starling	Alexis Starling Rejected fenwvj4f	https://webflow.com/templates/html/alexis-starling-website-template
recSZv6Go72hMhy0Z	framelight	Framelight Rejected alagzmlx	https://webflow.com/templates/html/framelight-website-template
recSaKeHaj7ZyDkuJ	thrive-forward	Thrive Forward Rejected pjv6o0wx	https://webflow.com/templates/html/thriveforward-website-template
recSbEJPTDdARZA1M	buildnova-template	BuildNova Rejected z4xnleft	https://webflow.com/templates/html/buildnova-website-template
recSbf6xZll9ZkO8z	writenote-template	WriteNote Rejected k8jisnnh	https://webflow.com/templates/html/writenote-saas-website-template
recSeXQkOcNSHHjPI	mi-elixir	Elixir	https://webflow.com/templates/html/elixir-website-template
recSfUQPrOqRJ53hd	idenblock-template	IdenBlock Rejected h0lm4e40	https://webflow.com/templates/html/idenblock-website-template
recSgCWMBiLdHX61J	az-giza	GizaSaaS Rejected u9k0xe3r	https://webflow.com/templates/html/gizasaas-website-template
recSiEoxrgtLGIg2p	medifain	Medifain Rejected uede91bv	https://webflow.com/templates/html/medifain-website-template
recSlaz6uc1t4swmo	zara-template	Zara Miller	https://webflow.com/templates/html/zara-miller-website-template
recSp2a1xRraqMQLR	vexly-template	Vexly Rejected 3rxl0bwi	https://webflow.com/templates/html/vexly-website-template
recSpS2ky6d7Vp0vZ	serenia-template	Serenia Rejected dfhwekle	https://webflow.com/templates/html/serenia-website-template
recSqTTA1LqDW3RfB	bugflow-template	BugFlow	https://webflow.com/templates/html/bugflow-website-template
recSqqS1mwkoSjS2I	hippo-template	Hippo Rejected 1x9agol2	https://webflow.com/templates/html/hippo-it-company-website-template
recStAccm41ZsztXu	cloud-scape	CloudScape Rejected 97j10od7	https://webflow.com/templates/html/cloudscape-technology-website-template
recStxHNYWtEhXyw3	mailvine	Mailvine	https://webflow.com/templates/html/mailvine-website-template
recSuirtYyW5EqGze	sandra-template	Sandra Rejected 4hsuh0pr	https://webflow.com/templates/html/sandra-landing-page-website-template
recSvBuPYF08tod0b	planedge	PlanEdge Rejected fi8st58d	https://webflow.com/templates/html/planedge-website-template
recSvdAnXM2jucoPs	ecostyle-template	Ecostyle	https://webflow.com/templates/html/ecostyle-website-template
recT2qZsxQfPQD90p	dkingseportfolio	e-portfolio Rejected r8tzkfoe	https://webflow.com/templates/html/eportfolio-portfolio-website-template
recT4yfwMTHezRIIp	axisvs-studio	Axisvs	https://webflow.com/templates/html/axisvs-website-template
recT5uyVMU52f1y22	renext	Renext	https://webflow.com/templates/html/renext-website-template
recTAb2lmiveWyG1R	eventy-official	Eventy Rejected vxqxhzxi	https://webflow.com/templates/html/eventy-event-website-template
recTCDaQamzDzc4fK	marianaa	Marianaa Rejected ael3nfna	https://webflow.com/templates/html/marianaa-website-template
recTEC5yo4I3ahBCd	paints	Paints Rejected yuw3pemw	https://webflow.com/templates/html/paints-interior-design-website-template
recTGQ6hWhj9N6nPP	binocular	Binocular Rejected riowjkei	https://webflow.com/templates/html/binocular-website-template
recTKQ4iHJp2U5aY8	template-a-c26199	About Us Single Page Rejected h7zfzzxv	https://webflow.com/templates/html/about-us-single-page-website-template
recTKWvPLqfoe9POK	alex-rinaldi	Wildcard	https://webflow.com/templates/html/wildcard-website-template
recTLl568K8i7TQ1u	modern-solar-company	Modern Solar Energy Company Rejected rl55yyf6	https://webflow.com/templates/html/modernsolarenergycompany-website-template
recTQApAi49C6s3jt	blogup	Blogup Rejected q8gky4ad	https://webflow.com/templates/html/blogup-blog-website-template
recTWISLzTnhdjlsO	dentifye	Dentifye Rejected eaoa49gg	https://webflow.com/templates/html/dentifye-website-template
recTZ1596cwCDbyzQ	opticore	OptiCore Rejected t1z765ht	https://webflow.com/templates/html/opticore-website-template
recTaMgfHsr4FaWwm	burger-tnc	Burger TNC Rejected 912tbxka	https://webflow.com/templates/html/burgertnc-restaurant-website-template
recTaP16cGXw6cBxg	ametha	Ametha Rejected uu8ii661	https://webflow.com/templates/html/ametha-website-template
recTe0VE7iSzQR60h	diadema	Diadema Rejected 1sleahwz	https://webflow.com/templates/html/diadema-artist-website-template
recTeJh0SRdrltxIi	recroot	Recroot Rejected egkzwxxt	https://webflow.com/templates/html/recroot-website-template
recTiM4MOfnz2IYJ6	ricardo-thompson	Ricardo Thompson	https://webflow.com/templates/html/ricardo-thompson-website-template
recTnIsyiJtuUUCQt	spotless-car-wash-service	Car wash Service	https://webflow.com/templates/html/car-wash-service-website-template
recTog0DrJ8OXRITv	appliance-care-128	Appliance Care Rejected cce8uesb	https://webflow.com/templates/html/appliance-care-website-template
recTthhjQdJLo03zR	travel-plan	TravelPlanApp Rejected kresddf1	https://webflow.com/templates/html/travelplanapp-website-template
recTuKaJmGGFtd8nr	remodel-template	Remodel Rejected ykk5e1kf	https://webflow.com/templates/html/remodel-website-template
recTuicUyheS6HTW8	medicalconnect	Mediconnect Rejected 5d7hqzks	https://webflow.com/templates/html/mediconnect-website-template
recTxbXtgDDepHkuN	recycle-me	Recycle me	https://webflow.com/templates/html/recycle-me-website-template
recTxmdlInvQtkuYA	mia-template	MIA Rejected 18gjzlru	https://webflow.com/templates/html/mia-portfolio-website-template
recTzWDXdlEvMHkcE	pineapplenoir	PINEAPPLE Rejected rpvce70l	https://webflow.com/templates/html/pineapple-portfolio-website-template
recU17WQeF1zie1np	truthlens	ThruthLens	https://webflow.com/templates/html/thruthlens-website-template
recU3z9mqxD2moV40	portiq-wbs	PortiQ Rejected cvv5ggrn	https://webflow.com/templates/html/portiq-portfolio-website-template
recU7379ckLxwviiR	door-delivery	DoorDelivery Rejected 3fcek3xt	https://webflow.com/templates/html/doordelivery-website-template
recU7Za5EJZWL5IM4	harmony-haven-wellness	HarmonyHaven Rejected hf6vtmyg	https://webflow.com/templates/html/harmonyhaven-wellness-website-template
recUABsOz5dxm3Gya	doctorz-wbs	Doctorz Rejected mhu1kxot	https://webflow.com/templates/html/doctorz-website-template
recUAzzNZh5cRzNiO	glazal-template	Glazal	https://webflow.com/templates/html/glazal-website-template
recUBN7ozqeE5gV3J	gordon-portfolio-website-template	Gordon Rejected j0idttb1	https://webflow.com/templates/html/gordon-portfolio-website-template
recUCPvISRq1ZBAdd	archies-architecture	ArchiesWeb Rejected bnd86oti	https://webflow.com/templates/html/archiesweb-website-template
recUFHu04ddQdtbay	dubly-aidubvoice	Dubly - AI Dub Voice Rejected l9kx4tqd	https://webflow.com/templates/html/dubly---ai-dub-voice-website-template
recUFPhmrMPjgpKDA	saasicle	Sasicle Rejected bq18ybac	https://webflow.com/templates/html/sasicle-website-template
recUIful9ykVPB1bY	confan-template	Confan Rejected e97yr36k	https://webflow.com/templates/html/confan-website-template
recUL3UTYaBNOAL9I	locksmith-128	Locksmith 128 Rejected sv367q5u	https://webflow.com/templates/html/locksmith128-business-website-template
recUQ9HBfBzOu7lq3	new-york-chinese	New York Chinese (part 3, please remove this) Rejected fa9bt4wg	https://webflow.com/templates/html/new-york-chinese-part-3-please-remove-this-website-template
recUTDYhCpGrt5TEy	andnet-ttm	Andnet Rejected 21cw0yj0	https://webflow.com/templates/html/andnet-website-template
recUUQBYnZc1qq70O	souva	Souva	https://webflow.com/templates/html/souva-website-template
recUUx2F7wf8m54kS	seqro	Seqro Rejected utpjg096	https://webflow.com/templates/html/seqro-business-website-template
recUVNrSa9AtgVZ6w	frited	Frited Rejected vpzpeler	https://webflow.com/templates/html/frited-food-&-drink-website-template
recUXbRSK9Kg4Tbbt	juvy-legal	Juvy Rejected 1c1azc13	https://webflow.com/templates/html/juvy-website-template
recUcv847tv0B5lPi	noeron	Noeron	https://webflow.com/templates/html/noeron-website-template
recUeZ417VlvU91Yo	drivoxe	Drivoxe Rejected uk2r0vj5	https://webflow.com/templates/html/drivoxe-website-template
recUhwvBDXpIdEgBM	the-heathcliff	Heathcliff	https://webflow.com/templates/html/heathcliff-website-template
recUhzaTzVxfhdh9f	logbook-template	Logbook Rejected s7l5nosd	https://webflow.com/templates/html/logbook-website-template
recUif02jcJ3rrDfV	asphoria-template	Asphoria Rejected 1rvplpw9	https://webflow.com/templates/html/asphoria-website-template
recUmQLSx9iy3aoC6	showex	Showex	https://webflow.com/templates/html/showex-website-template
recUmfpZNvB1fG3qN	corely1	Corely	https://webflow.com/templates/html/corely-website-template
recUpU5uWnUf8Gfji	profarma	ProFarma Rejected nrg4d4un	https://webflow.com/templates/html/profarma-website-template
recUqOXyniNFt748X	proadvise	ProAdvise Rejected duvklplg	https://webflow.com/templates/html/proadvise-website-template
recUrmoLQExWfR4X9	creavo-monks	Creavo	https://webflow.com/templates/html/creavo-website-template
recUtI3gJT0u0Z1jG	custom-template-1-ef0957	YDA Template	https://webflow.com/templates/html/yda-template-website-template
recUuvAFJkkmwxMIA	kiaweds	KiaWeds Rejected a8w4r1vi	https://webflow.com/templates/html/kiaweds-website-template
recUx6IClWFAWxZyF	heaven-auto	Heaven Auto Rejected k2714smq	https://webflow.com/templates/html/heavenauto-cars-website-template
recV0Fzh4TaimivVq	difault-saas-webflow-template	Difualt	https://webflow.com/templates/html/difualt-website-template
recV69m8V8wwudV0W	sound-studio-128	Sound Studio 128 Rejected 9hmae0em	https://webflow.com/templates/html/soundstudio128-website-template
recV6ao56z3I8jetX	crafthat	Craft Hat	https://webflow.com/templates/html/craft-hat-website-template
recVDh8xGBMj70tS4	animators-tnc	Animators Rejected 78iu9oyl	https://webflow.com/templates/html/animators-website-template
recVGx8LWomIFfTpP	claim-template	Claim Rejected 0a7op0as	https://webflow.com/templates/html/claim-website-template
recVHGNeS4cjfqoqE	petgood	Petgood Rejected mfpoict9	https://webflow.com/templates/html/petgood-website-template
recVPW4D7wgDYfN8y	catalog-socials	Social Networking Platform Landing Page Rejected ujfjeozb	https://webflow.com/templates/html/socialnetworkingplatformlandingpage-landing-page-website-template
recVQXJ1vY6obUOGH	festivl	FESTIVL Rejected q0c6fwsw	https://webflow.com/templates/html/festivl-website-template
recVQixoz9umxuuBA	taskify-simple-productivity	Taskify – Simple Productivity	https://webflow.com/templates/html/taskify--simple-productivity-website-template
recVQx4EriErwmwan	voltoz	Voltoz	https://webflow.com/templates/html/voltoz-website-template
recVV6hxU04zxTC93	alonzo	Alonzo Rejected q4pszpk9	https://webflow.com/templates/html/alonzo-website-template
recVWhaRWXhnXgsop	az-san-marino	San Marino Rejected v737itlx	https://webflow.com/templates/html/san-marino-website-template
recVddoxh37otXel4	fainsaalite	Fainsaa-Lite Rejected 6zvq0ite	https://webflow.com/templates/html/fainsaa-lite-website-template
recVevZasyL1QqEeA	agenic-vines	Agenic	https://webflow.com/templates/html/agenic-website-template
recVewzQaZVxaR637	zupet	Zupet	https://webflow.com/templates/html/zupet-website-template
recVgHzD1JUVNfSPl	hnai	hnai Rejected et0y1yx4	https://webflow.com/templates/html/hnai-saas-website-template
recVgNAWq498jWthH	darku	Darku Rejected 1x20y9lf	https://webflow.com/templates/html/darku-personal-website-template
recVgyzHB9MCjjXmV	ventifye	Ventifye Rejected tzgv2ram	https://webflow.com/templates/html/ventifye-website-template
recVhyfQjQ6LOLMEH	aumora-template	Aumora Rejected wvsuwdnp	https://webflow.com/templates/html/aumora-website-template
recViR4y5CW6oVFV2	backoffice-wcopilot	Backoffice Rejected dxvwutyp	https://webflow.com/templates/html/backoffice-support-website-template
recVkU9q66b0zIMU8	visionaryventures	Visionary-Ventures	https://webflow.com/templates/html/visionary-ventures-template-for-home-developer-company-website-template
recVlNHwuatX1wPf1	tinynest	TinyNest Rejected ej84q1uu	https://webflow.com/templates/html/kiddie-website-template
recVn8IH5N5xQlAs3	vizsla-e09587	VIZSLA	https://webflow.com/templates/html/vizsla-website-template
recVnZ2ahrCuA2qX9	formex-template	Formex	https://webflow.com/templates/html/formex-website-template
recVntB8ZOPNtJFXg	wildwood-inn	Wildwood Rejected f0wk04kd	https://webflow.com/templates/html/wildwood-hotel-website-template
recVtuewlMRHFDjVQ	identities-template	IDENTITIES Rejected 6kkk8nd0	https://webflow.com/templates/html/identities-website-template
recVuqgikoLd3MTui	asanas	Asanas Rejected 5wmr13sl	https://webflow.com/templates/html/asanas-one-page-website-template
recW0lzEb9dGByoOz	fitwave	Fitwave Rejected b9ox62uf	https://webflow.com/templates/html/fitwave-website-template
recW25durlZ8u3OeN	bellarae	Bellarae Rejected p4gtshsu	https://webflow.com/templates/html/bellarae-website-template
recW8tOeQPJkn5OpV		Emily Clark Rejected 8s150y9q	https://webflow.com/templates/html/emily-clark-website-template
recWAUju3nJuCDE98	tranzit	Tranzit	https://webflow.com/templates/html/tranzit-website-template
recWAxEANiYDlUcFv	salon-glamour	Glamour Rejected vidu4ppt	https://webflow.com/templates/html/glamour-website-template
recWCqCcUnln7XDGs	rgbtsila	Sila Rejected 2lw14lcf	https://webflow.com/templates/html/sila-game-website-template
recWCvJsa5NtdDzO2	az-bruno	Bruno	https://webflow.com/templates/html/bruno-website-template
recWIdKCu33z2F1uK	prodigy-blog-template	Prodigy Rejected k53t7hb7	https://webflow.com/templates/html/prodigy-blog-website-template
recWKNeXYfTGkqSDI	fortune-business-webflow-template	FortuneX Rejected yqsgltc9	https://webflow.com/templates/html/fortunex-website-template
recWLuu7JgK8ne55Q	max-roi	Max-ROI Rejected 1weal5yc	https://webflow.com/templates/html/maxroi-agency-website-template
recWMUne50R9aZiWQ	flowtask-template	Flowtask - Project Schedule Website Template Rejected v6qnyimy	https://webflow.com/templates/html/flowtaskprojectschedulewebsitetemplate-website-template
recWO5fE3DzxJtD3F	arcadia-artistry	Arcadia Artistry Rejected uzkx6drj	https://webflow.com/templates/html/arcadiaartistry-portfolio-website-template
recWRFJW12jKkOT1r	zaimil	Zaimil Rejected xpr0yjub	https://webflow.com/templates/html/zaimil-website-template
recWUHUNLgdzNbSRd	portfolio-website-386247	Yahya's Square Rejected 2e3tfhd5	https://webflow.com/templates/html/yahyas-square-website-template
recWY7BK7Hmwx4qiJ	az-lugano	Lugano	https://webflow.com/templates/html/lugano-website-template
recWZ0XylrbLWSkiq	bluora	Bluora - Webflow HTML Website Template	https://webflow.com/templates/html/bluora---webflow-html-website-template-website-template
recWZTk6NnLOj3eBJ	high-sophistication	High Sophistication Rejected exr20ouh	https://webflow.com/templates/html/highsophistication-business-website-template
recWZaBHcYZTJdV8u	dresser-wcopilot	Dresser	https://webflow.com/templates/html/dresser-website-template
recWaFfg3MFWy5r1f	daniel-morrison	Daniel Morrison Rejected zg3gqkn0	https://webflow.com/templates/html/danielmorrison-website-template
recWaq0z0GcqbViyW	davton	Davton Rejected 4ob4xlz1	https://webflow.com/templates/html/davton-website-template
recWbo0ToLxueYEyK	carson-template	Carson Rejected 5z2vwugv	https://webflow.com/templates/html/carson-portfolio-website-template
recWcBfKC1LWHNC3y	muly	Muly	https://webflow.com/templates/html/muly-website-template
recWcIcLL3g7BVUhM	minimag	MINIMAG Rejected y3nno1ra	https://webflow.com/templates/html/minimag-website-template
recWden8UxMvLJsnW	lureon	Lureon Rejected lgxr8oil	https://webflow.com/templates/html/lureon-website-template
recWhkHo1PUdCpzqJ	notethought-template	NoteThought Rejected nmitfulx	https://webflow.com/templates/html/notethought-saas-website-template
recWlJvv1sY550Rr6	insurancy-ecom	Insurancy Rejected x0cronht	https://webflow.com/templates/html/insurancy-website-template
recWlNKLTrxl4i2Rf	urbanbistro	Urban Bistro Rejected 9s37n4vw	https://webflow.com/templates/html/urbanbistro-restaurant-website-template
recWqMgkPvMQvFSWy	reform-template	Reform Studio Rejected b5xt8ubs	https://webflow.com/templates/html/reform-studio-website-template
recWtSyjl2hWodsYc	acomik	acomik Rejected wmrz0jje	https://webflow.com/templates/html/acomik-website-template
recWtqT9cJTn10dnI	pizzen	Pizzen	https://webflow.com/templates/html/pizzen-website-template
recWvTpsUIcFBdvh5	nf-titan	Titan_ Rejected wr29p0uj	https://webflow.com/templates/html/titan_-website-template
recWzDRDfsG667ro4	waveriders	waveriders Rejected 0waftxhg	https://webflow.com/templates/html/waveriders-sports-website-template
recX0hipi8y2UrmKr	blog-template-167310	BlogSphere Rejected h30b01id	https://webflow.com/templates/html/blogsphere-website-template
recX0nwcI9lBAiL2f	mighty-handyman-services	MightyPlumbing Rejected l77bymbx	https://webflow.com/templates/html/mightyplumbing-website-template
recX6j2GID0opiz8M	retaxa-wcopilot	Retaxa	https://webflow.com/templates/html/retaxa-website-template
recX7zETVGb9UQtuW	gianyar-template	Gianyar	https://webflow.com/templates/html/gianyar-website-template
recX9nHLYC91hrNK6	petcares	PetCares Rejected ryg3ey89	https://webflow.com/templates/html/petcares-website-template
recXCFofYtRd4bnlD	hochzeits-seite	WeddingBliss Rejected ywzp36mb	https://webflow.com/templates/html/weddingbliss-wedding-website-template
recXCJKySz7F4D94N	kontz	Kontz	https://webflow.com/templates/html/kontz-website-template
recXIunopqSkal9Lf	trade-waves	trade waves Rejected a2a5m9k3	https://webflow.com/templates/html/tradewaves-business-website-template
recXKBqmQqa7DFFDJ	natrix	Natrix	https://webflow.com/templates/html/natrix-website-template
recXKDyPCJ86R4ZBA	plumberx-template	PlumberX	https://webflow.com/templates/html/plumberx-website-template
recXOYWtu97VkhapA	bryan-folio	BryanFolio Rejected 9y0y7dyi	https://webflow.com/templates/html/bryanfolio-portfolio-website-template
recXPzGE356gl18UL	peoplewise-diligently	Peoplewise	https://webflow.com/templates/html/peoplewise-website-template
recXSyDHF3DaRlUxV	saascent-template	Saascent Rejected e1li30dw	https://webflow.com/templates/html/saascent-saas-website-template
recXW3xr67xQaYwkw	nayaraa	Nayaraa Rejected ywoqfe8z	https://webflow.com/templates/html/nayaraa-website-template
recXZ9DRSgwiOCmmX	oviio-eco	Oviio	https://webflow.com/templates/html/oviio-website-template
recXd6m58DGDQiBMz	florize	Florize Rejected xc79etqi	https://webflow.com/templates/html/florize-website-template
recXdoOk6SLCZJ95Y	trenova	TRenovation Rejected pvrzpkrh	https://webflow.com/templates/html/trenovation-website-template
recXfMe99awIN4ICD	flowgenix	Flowgenix	https://webflow.com/templates/html/flowgenix-website-template
recXjs6sPlQqFA0Bh	gexfoliox	Gexfoliox Portfolio Templates Rejected qh23s9q8	https://webflow.com/templates/html/gexfolioxportfoliotemplates-portfolio-website-template
recXkx0ABWM5k3RP2	digitales	Digitales Rejected tyv28etq	https://webflow.com/templates/html/digitales-website-template
recXlRNsWW5Yzh4el	consultantt-flowsark	Consultantt Rejected z2d24u8h	https://webflow.com/templates/html/consultantt-consulting-website-template
recXnFPlx78qUWC9K	zexas-template	Zexas	https://webflow.com/templates/html/zexas-website-template
recXoEmA01Osl0qsP	robert-navbar	Robert Navbar Rejected damc9juh	https://webflow.com/templates/html/robertnavbar-design-website-template
recXonZnBiSxyx2WK	ecosun	Ecosun Rejected ji36oyfd	https://webflow.com/templates/html/ecosun-website-template
recXpEKmmPtqUHZxB	vicardo	Vicarddo Rejected sbxphr9s	https://webflow.com/templates/html/vicarddo-personal-website-template
recXr0msAqqLpx4q3	yoanaa	Yoanaa	https://webflow.com/templates/html/yoanaa-website-template
recXvCuPmtT5aaBWz	blogfn	Blogfn Rejected qa89rv26	https://webflow.com/templates/html/blogfn-website-template
recXyHzL5vWQ6DqWj	cookspace-creations	CS Creations Rejected 7wl1vezv	https://webflow.com/templates/html/cscreations-real-estate-website-template
recY29KXDzsrVfqzF	chipx	ChipX	https://webflow.com/templates/html/chipx-website-template
recY4Fb3lPsKNCY7F	nove-ecommerce-template	Nove eCommerce Rejected yitpindg	https://webflow.com/templates/html/nove-ecommerce-website-template
recY5RhbZ2nteTTAE	rentready	RentReady Rejected 04bzxv37	https://webflow.com/templates/html/rentready-website-template
recY6X1iUkj1taWtW	theravy	Ztheravy Rejected u2q0fh2l	https://webflow.com/templates/html/theravy-therapy-website-template
recY7S5g5DbP88OxW	sophie-lang	Solenne Rejected uoa2y0p9	https://webflow.com/templates/html/solenne-website-template
recY8gA6zeULxQoUb	dentalix	Dentalix Rejected 6mbkxqo8	https://webflow.com/templates/html/dentalix-dentist-website-template
recYApnEDSY0SOkL6	rentingflow	Renting Flow Rejected 49s18k42	https://webflow.com/templates/html/rentingflow-hotel-website-template
recYDGN1FPVqpuCcE	rainbow-cafe-ec2cae	Coffee Corner Template Rejected 29pu9fu3	https://webflow.com/templates/html/coffee-corner-template-website-template
recYDkXPcPwB6UnBE	rentaride-tnc	RentaRide Rejected p0s8mpek	https://webflow.com/templates/html/rentaride-website-template
recYIyl4qsOfb0Zij	fenestra-af16f7	Fenestra Folio	https://webflow.com/templates/html/fenestra-folio-website-template
recYJGBDECZCuWtNc	theravi	Theravi Rejected 6rqbvd3v	https://webflow.com/templates/html/theravi-business-website-template
recYR1aOTUTnZ9cYA	soundscap	Soundscap Rejected 10bkio1a	https://webflow.com/templates/html/soundscap-website-template
recYV8T45ELiFSsje	maryjan	Maryjan	https://webflow.com/templates/html/maryjan-website-template
recYWDV2fJsgqfQB3	equity-echo-template	Equity Echo Rejected 07bsmn37	https://webflow.com/templates/html/equity-echo-website-template
recYYSBWbeb7q8a7T	loaf-submission	Loaf submission Rejected 7cc4e4p4	https://webflow.com/templates/html/loafsubmission-portfolio-website-template
recYa8USQ48I6pNKW	realora	Realora	https://webflow.com/templates/html/realora-website-template
recYaol3Ma59jWWv4	edodev	Edo Dev template	https://webflow.com/templates/html/edo-dev-template-website-template
recYbYJL34N9UQOve	molios	Molios	https://webflow.com/templates/html/molios-website-template
recYcfeZSVhAMGYUw	dezain-agency	Dezain Rejected op1p7pel	https://webflow.com/templates/html/dezain-agency-website-template
recYcgByONHwUgWCh	propertia	Propertia Rejected 6y69qgft	https://webflow.com/templates/html/propertia-real-estate-website-template
recYdevcGcoAhISRu	organicc-17e874	Organicc Rejected dehz70h4	https://webflow.com/templates/html/organicc-business-website-template
recYfnIWPW3QDwxPx	mazun	Mazun Rejected bw8io77t	https://webflow.com/templates/html/mazun-website-template
recYgNsPZfagGN8l1	mp3-guitarx-template	GuitarX Rejected iyae150k	https://webflow.com/templates/html/guitarx-website-template
recYigEcNTFCHazgO	dentalevel	Dentalevel Rejected oxtkaqcp	https://webflow.com/templates/html/dentalevel-website-template
recYseTbdCh98MW9s	propertyagentlandingpage	RealtyReach Rejected sfpit5ck	https://webflow.com/templates/html/realtyreach-business-website-template
recYuXiCMUP2FPd4v	portfolio-template-3e03aa	Lightstack	https://webflow.com/templates/html/lightstack-website-template
recYwWq6CkD5xTOGZ	aivision-128	Aivision Rejected lu2h5ss8	https://webflow.com/templates/html/aivision-website-template
recYxvBvuLgzjgIl0	modern-folio	Modern Folio	https://webflow.com/templates/html/modern-folio-website-template
recYzlwjHXBAhqYs0	salesfro	SalesFro	https://webflow.com/templates/html/salesfro-website-template
recZ2DVbbyv30gT8X	letscut-template	LetsCut Rejected wqsef82d	https://webflow.com/templates/html/letscut-salon-website-template
recZ2IWPbhRvWwBDt	lumena-template	Lumena Rejected 98a7i5pd	https://webflow.com/templates/html/lumena-website-template
recZ2UnK2gNSx5CDY	agentra-template	Agentra	https://webflow.com/templates/html/agentra-website-template
recZ5PAkLfAbChKQu	glacier-template	Glacier Rejected lsr4dyux	https://webflow.com/templates/html/glacier-website-template
recZ5T51AREytyeoK	lavender-lounge	Lavender Lounge Rejected ix2k7d5a	https://webflow.com/templates/html/lavenderlounge-bar-website-template
recZ8cOcIQsbJNIUT	appsrow-website-template	Digital Agency Rejected sb4e9f7t	https://webflow.com/templates/html/digitalagency-it-company-website-template
recZHGiN0TezxaMFC	lotus-studio	Lotus Rejected 0ym3wjl4	https://webflow.com/templates/html/lotus-beauty-&-wellness-website-template
recZNdhFt8DavyQED	tabloid-tnc	TABLOID TNC Rejected kh3vqk0c	https://webflow.com/templates/html/tabloidtnc-news-website-template
recZOXg4NWCZZVDnL	more-minimal-template	More Minimal Rejected hsrbynh6	https://webflow.com/templates/html/moreminimal-portfolio-website-template
recZPFL6Kook5tjWm	blog-template-167310-7b2be1b57644be22ca	CaptureKit Rejected bqf8nilt	https://webflow.com/templates/html/capturekit-website-template
recZPx7wyS9OKQf1F	healoria-template	Healoria	https://webflow.com/templates/html/healoria-website-template
recZS3vPI903U3LBR	carelis-healthcare-medtech	Carelis	https://webflow.com/templates/html/carelis-website-template
recZVXYJYWVrrrlKE	edvora	Edvora	https://webflow.com/templates/html/edvora-website-template
recZYrfmg7yIEP0Rm	dentzo-ttm	Dentzo Rejected v361hwdd	https://webflow.com/templates/html/dentzo-website-template
recZaczx25AG49gJc	bextro	Bextro	https://webflow.com/templates/html/bextro-website-template
recZamz4zsLptzXCm	about-me-personal-portfolio	AboutMe Rejected qcwhy10k	https://webflow.com/templates/html/aboutme-one-page-website-template
recZbaLdUTr9qiuuS	fluency-fdevz	Fluency Rejected j5lj9jf8	https://webflow.com/templates/html/fluency-website-template
recZbyaFDzTPtpVZq	softara	Softara	https://webflow.com/templates/html/softara-website-template
recZcyZ1qvidMmU90	flourish-bakery	Flourish	https://webflow.com/templates/html/flourish-website-template
recZe8FE4mMPtCBRO	dresst-template	DRESST Rejected sf2fipll	https://webflow.com/templates/html/dresst-website-template
recZlCyiq6wtrvnxI	dress-template	DRESS Rejected 6ikv25uj	https://webflow.com/templates/html/dress-website-template
recZmF9qR27evUehP	moonbase-template	moon-base Rejected kl41fcsb	https://webflow.com/templates/html/moonbase-landing-page-website-template
recZoBJJwYD6AIMrl	cleanriox	Cleanriox	https://webflow.com/templates/html/cleanriox-website-template
recZqGnAIuP2x7FvQ	private-tutor-128	Private Tutor Rejected kkczxbd1	https://webflow.com/templates/html/private-tutor-website-template
recZqfjGqNOCu3lX6	salofi	Salofi	https://webflow.com/templates/html/salofi-website-template
recZrXd8lM9Hb7M1Q	keeybot	Keybot	https://webflow.com/templates/html/keybot-website-template
recZsVlLkOo6dfvQB	nureva	Nureva	https://webflow.com/templates/html/nureva-website-template
recZsqi04BJKV6i0I	chattybot-templates	ChatyBot Rejected ysvoyu14	https://webflow.com/templates/html/chatybot-saas-website-template
recZtEuxTmGQfrU4F	hertz-template	Hertz Rejected 2polj2dm	https://webflow.com/templates/html/hertz-agency-website-template
recZujsPrSWAMOSzn	contacto-template	Contacto Rejected uzs9jkk1	https://webflow.com/templates/html/contacto-website-template
recZvSrdT24hf8kot	filmmaker-template	Filmmaker Rejected lmqoddlf	https://webflow.com/templates/html/filmmaker-website-template
recZvqsl1JpkenDHr	firstlight1	Firstlight - Launch Template	https://webflow.com/templates/html/firstlight---launch-template-website-template
recZycPBwIuiiETtF	ikampus	Ikampus	https://webflow.com/templates/html/ikampus-website-template
reca0j0S3X4iu8Agr	nuxo-template	Nuxo	https://webflow.com/templates/html/nuxo-website-template
reca42wGKwAMQvFzJ	polioo	Polioo Rejected 6g2dpu7w	https://webflow.com/templates/html/polioo-website-template
reca4twPmVtP4iARX	shushi-ku	ShushiKu	https://webflow.com/templates/html/shushiku-website-template
reca7bvvs2rnRNIhn	equitys-template	Equitys Rejected 9jrpr7e3	https://webflow.com/templates/html/equitys-website-template
reca89VEZUsKEkvLI	beautiqueflow	BeautiqueFlow Pro Rejected dlqet1to	https://webflow.com/templates/html/beautiqueflow-pro-website-template
recaCH9hooDNfrns4	estatia	Estatia Rejected h9zg6mu6	https://webflow.com/templates/html/estatia-website-template
recaCIooS2jTHj5mz	app-via	Ape.Via Rejected o2bpp9bv	https://webflow.com/templates/html/apevia-website-template
recaEwnYPed7KBSK2	minimal-saas	Taskflow - Minimal Website Template	https://webflow.com/templates/html/taskflow---minimal-website-template-website-template
recaFlOktbmwWYsjb	rihan-asaya-model	Rihan Asaya Rejected thvhwy7y	https://webflow.com/templates/html/rihanasayamodelingwebsitetemplate-portfolio-website-template
recaIAqdXMWxlttGW	consultix-ecommerce	Consultiix	https://webflow.com/templates/html/consultiix-website-template
recaM9fkE2NpGkRoI	odomic-saas-webflow-template	Odomic Rejected 5jbsyrla	https://webflow.com/templates/html/odomic-website-template
recaNdlFam8xzkGjb	travel-plan	TravelPlan Rejected 6za31vss	https://webflow.com/templates/html/travelplan-landing-page-website-template
recaSEBgrBKqgE8vZ	subscriptionzf	Subscription ZF Rejected 1nxtzwnl	https://webflow.com/templates/html/subscriptionzf-agency-website-template
recaaoXAUCZeCA9Td	dentova	Dentova	https://webflow.com/templates/html/dentova-website-template
recabXIsR7NPMt7aT	curex-template	Curex	https://webflow.com/templates/html/curex-website-template
recabqxsjvfy5pPfG	barbyr	Barbyr Rejected 2b293yk8	https://webflow.com/templates/html/barbyr-website-template
recac1lVKsxXSXrYb	farming-center	Farming Center Rejected bi7xr8ga	https://webflow.com/templates/html/farmingcenter-farm-website-template
recadCCL3KZih8lX1	dynasty-template	Dynasty Rejected is1bqn5a	https://webflow.com/templates/html/dynasty-website-template
recadVHlaYjrHtDXV	housefix	Housefix Rejected i8wq33og	https://webflow.com/templates/html/housefix-website-template
recafxDElYcKxCjQn	vista99	vista99 Rejected srs574p5	https://webflow.com/templates/html/vista99-website-template
recagBpr9UVmqSA63	growey	Growey	https://webflow.com/templates/html/growey-website-template
recaitLZGQ2G7wCfY	webstudio-agency-webflow-template	WebstudioX Rejected 9l1b8m3e	https://webflow.com/templates/html/webstudiox-agency-website-template
recapiXjKWvaAB0nd	sevenspices	Sevenspices Rejected ri328fq2	https://webflow.com/templates/html/sevenspices-food-website-template
recapzVA9wZql4vjt	ocenlife	Oceanlife Rejected qwmzb74f	https://webflow.com/templates/html/oceanlife-website-template
recarMAlaT0KaFWip	zenspace	Zen Space Rejected oyka0eqi	https://webflow.com/templates/html/zenspace-app-website-template
recaraIl8bRlKog1e	plumgy	Plumgy Rejected 2ex57hq4	https://webflow.com/templates/html/plumgy-website-template
recatzBNrxob3x8Zh	oma-flowgrid	Flowgrid Rejected iqtp9nav	https://webflow.com/templates/html/flowgrid-website-template
recawVOJFkYMRp4Xc	oscar-portfolio-template	Oscar Nilsson Rejected akbw0bme	https://webflow.com/templates/html/oscar-nilsson-website-template
recb6HACUxguxZfZG	nexos-template	Nexos	https://webflow.com/templates/html/nexos-website-template
recbAaT5BWPtVMoRu	graphique-template	Graphique Rejected hl9zta6b	https://webflow.com/templates/html/graphique-agency-website-template
recbCKTdwlSbf5bgP	narrivo	Narrivo	https://webflow.com/templates/html/narrivo-website-template
recbCu09LANS0Bxg4	freight-transport-services	Freight Transportation Services Rejected tf0wd5dn	https://webflow.com/templates/html/freighttransportationservices-transport-website-template
recbOc9Hh5qbjfejg	sapientia-template	Sapientia Rejected wn4ot7kv	https://webflow.com/templates/html/sapientia-learning-website-template
recbOkanbq6PSAV43	xenox-agency-template	Xenox Rejected y6igdg0b	https://webflow.com/templates/html/xenox-website-template
recbQz7CCUKge8nKk	drivepro	DrivePro - Driving Courses Webflow Template	https://webflow.com/templates/html/drivepro---driving-courses-webflow-template-website-template
recbTeNKV1R2hkI7o	markxain-template	MarkXain Rejected 57o61io4	https://webflow.com/templates/html/markxain-agency-website-template
recbUc3GFvlDQcAT6	powerai99	PowerAi Rejected 41081j9k	https://webflow.com/templates/html/powerai-website-template
recbbrfmLs2qeyl4a	vcard-vines	Vcard	https://webflow.com/templates/html/vcard-website-template
recbcNY0EsfgdNFUk	sensei-webflow-template-for-saas	SenseiSaas Rejected s7uf3168	https://webflow.com/templates/html/senseisaas-saas-website-template
recbnLX0rB8GuZA5s	drivefix	DriveFix Rejected ulevfbjf	https://webflow.com/templates/html/drivefix-website-template
recbnrtq0HevvyZ9Y	airspark	AirSprk	https://webflow.com/templates/html/airsprk-website-template
recboMR0k0McWtwpm	erypta	Erypta	https://webflow.com/templates/html/erypta-website-template
recbq0AEsSolSrtl9	stratumm	Stratum	https://webflow.com/templates/html/stratum---early-access-website-template
recbtWdSspok9d4ox	realtyreach	Realty Reach Rejected 0dolcvwm	https://webflow.com/templates/html/realtyreach-real-estate-website-template
recbuzUwZ9g5cBTWW	auroraaleesya	AuroraAleesya Rejected zg93uupk	https://webflow.com/templates/html/auroraaleesya-portfolio-website-template
recbw6k4HeKzGofir	senzill-v2	Senzill V2 Rejected qca6h0wc	https://webflow.com/templates/html/senzillv2-portfolio-website-template
recbxnBw8V5klYaBJ	sd-developers	SD Developers Rejected 92x657lg	https://webflow.com/templates/html/sddevelopers-agency-website-template
recc0QBlF7Nmsofwr	ai-digital-assistant	AI Digital Assistant Rejected pau6dyie	https://webflow.com/templates/html/ai-digital-assistant-website-template
recc8z8L7nA4uu0P0	cloud-swift-lite-template	Cloud Swift Lite Rejected hwr6sfb9	https://webflow.com/templates/html/cloudswiftlite-website-template
reccACatwo8yJub13	smartsolution	Smart Solution Rejected fnqyczbq	https://webflow.com/templates/html/smart-solution-website-template
reccAF2EQMKHvssEW	softco-tnc	SoftCo TNC Rejected lw3d5kn8	https://webflow.com/templates/html/softcotnc-it-company-website-template
reccEojkph5dtymcd	maggzy	Magzzy Rejected ior66t4s	https://webflow.com/templates/html/magzzy-blog-website-template
reccIhdztbuf91Otj	jewelery-tnc	JEWELERY TNC Rejected 0cab0met	https://webflow.com/templates/html/jewelerytnc-website-template
reccObdfsVim3837p	hanzo-ecom	Hanzo	https://webflow.com/templates/html/hanzo-website-template
reccUBlOLpkOAVSc6	vizon-ttm	Vizon Rejected bbi4d36n	https://webflow.com/templates/html/vizon-website-template
reccVtyWgqSrpscPf	lexnor	Lexnor Rejected gp397dwn	https://webflow.com/templates/html/lexnor-website-template
reccXoSVQQ1myRa2x	saasai-template	saasai Rejected h27lchmy	https://webflow.com/templates/html/saasai-saas-website-template
reccZl60OVqqcrq1Y	strato-board	Strato Board	https://webflow.com/templates/html/strato-board-website-template
reccabURIo4hvGAeS	frejafolio	Frejafolio Rejected uyui15a7	https://webflow.com/templates/html/frejafolio-website-template
recceDWwhtV13MVKc	rystro-template	Rystro Rejected tzje29me	https://webflow.com/templates/html/rystro-website-template
reccfvTsCkRz68EAn	ammori	Ammori	https://webflow.com/templates/html/ammori-website-template
reccgPlrE53xoWxEm	jc-portfolio-template	James Corinth Rejected m5rxavrt	https://webflow.com/templates/html/james-corinth-website-template
reccgvVSU3SEDHCDZ	shieldpro-template	ShieldPro Rejected tvfoghva	https://webflow.com/templates/html/shieldpro-website-template
recckIQTog3P66PZk	brixo	Brixo Rejected 52ez5oyh	https://webflow.com/templates/html/brixo-website-template
recclDQnpU5rL2yzt	fasada	Fasada	https://webflow.com/templates/html/fasada-website-template
reccpeTZOTn3OEA1x	luxrio	LuxRio Rejected 4eta0a04	https://webflow.com/templates/html/luxrio-website-template
reccsxsJmumSq7g0p	portfolio-ead36b	WPORTFOLIO Rejected 8h1m55ug	https://webflow.com/templates/html/wportfolio-portfolio-website-template
reccwvK7Q9bblbDAU	yuzu-template	Yuzu Rejected gk3ognlf	https://webflow.com/templates/html/yuzu-website-template
reccxw3Yqwl6R6vOQ	mindwise	Mindwise Rejected ubu1kvm3	https://webflow.com/templates/html/mindwise-therapy-website-template
reccyPJjhXz5uyyBd	cardia-ai	Cardia	https://webflow.com/templates/html/cardia-website-template
recczwi6SvjnLoyG4	finify-webflipin	Finify Rejected vbdocmya	https://webflow.com/templates/html/finify-website-template
recd5B2XzM9r2HMWs	saraswati-kohesif	Saraswati	https://webflow.com/templates/html/saraswati-website-template
recd7qlZqeyTCjB4m	nostra-template	Nastro	https://webflow.com/templates/html/nastro-website-template
recdA28VTLPAcadK1	harshads-fresh-site-2	Novel Selling	https://webflow.com/templates/html/novel-selling-website-template
recdBq9It7Letxt0f	simpler-template	Simpler Rejected za0helkr	https://webflow.com/templates/html/simpler-portfolio-website-template
recdDvEla49z5IUTw	blueprint-architecture	Blueprint Architecture Rejected p7e1tyw9	https://webflow.com/templates/html/blueprintarchitecture-architecture-website-template
recdER1MEcCkelOqr	catery-wbs	Catery	https://webflow.com/templates/html/catery-website-template
recdFAJD8pWH6HYw2	bakehaven	BakeHaven	https://webflow.com/templates/html/bakehaven-website-template
recdPBI0ahNWE0JSi	suntour	Suntour Rejected bx7bvfd5	https://webflow.com/templates/html/suntour-website-template
recdREF5jd7IGZlCE	guy-hawkins	Guy Hawkins - Portfolio Webflow Template Rejected oywkk8g8	https://webflow.com/templates/html/guyhawkinsportfoliowebflowtemplate-portfolio-website-template
recdT0X8nvajr15p2	realestate-x	RealEstate-X Rejected d0oh3o4n	https://webflow.com/templates/html/realestatex-real-estate-website-template
recdUGbUpRG30VWrK	horizonstudio-template	HorizonPro	https://webflow.com/templates/html/horizonpro-website-template
recdWAxBLDlPpRMDM	whiff-template	Whi-ff Rejected wsrks324	https://webflow.com/templates/html/whiff-startup-website-template
recdf0kUgr44AiCyZ	bali-travel	Bali Travelers Rejected gvjhdj61	https://webflow.com/templates/html/balitravelers-website-template
recdgXzXYVhAjK4Qk	motrixo	Motrix Rejected yeayt92i	https://webflow.com/templates/html/motrix-website-template
recdgnsG2bNnQrMej	jurislaw	JurisLaw Rejected j3q7sx5k	https://webflow.com/templates/html/jurislaw-law-firm-website-template
recdiqyWdsDeQ1S78	faabies	Faabies Rejected phw0c16o	https://webflow.com/templates/html/faabies-website-template
recdk8Csk96dGZt4D	valto-real-estate	Valto	https://webflow.com/templates/html/valto-website-template
recdkOZxtkpwtVvFj	digitra	Digitra	https://webflow.com/templates/html/digitra-website-template
recdt4dfGqgDCiruV	blox-pro	Blox-Pro Rejected 37rgpsfn	https://webflow.com/templates/html/blox-pro-website-template
recdv7map6xD13yzM	goflow-template	Goflow	https://webflow.com/templates/html/goflow-website-template
recdvcOtePEG1foVO	geons-template	Geons Rejected hpun5h77	https://webflow.com/templates/html/geons-website-template
recdx1NOoj7KP20w2	datenest-webflipin	Datenest	https://webflow.com/templates/html/datenest-website-template
rece0f0B67uPBnbCW	toothlyx	ToothlyX Rejected tk1nxvuk	https://webflow.com/templates/html/toothlyx-website-template
rece2yunzB0mkuAWQ	brunchy-time	Brunchy Rejected fpqxez46	https://webflow.com/templates/html/brunchy-coffee-shop-website-template
rece3ucZXy0nKfpo7	savasana-yoga	Savasana	https://webflow.com/templates/html/savasana-website-template
rece6lqMOhGAlIDah	wineyard-webflipin	Wineyard Rejected fuik6jgl	https://webflow.com/templates/html/wineyard-website-template
receAkhbIuY3AN6WJ	feasta-restaurant	Feasta	https://webflow.com/templates/html/feasta-website-template
receEuYuFhuqMNFZL	mi-caslon	Caslon	https://webflow.com/templates/html/caslon-website-template
receFO0WRy0SOjHCq	atlasblackwell	Atlas & Blackwell Rejected sthxt2op	https://webflow.com/templates/html/atlas--blackwell-website-template
receHTtQOnC4Vbzk4	atomy-site	Atomy	https://webflow.com/templates/html/atomy-website-template
receNND3Lroy9Dv5D	monks-mart	Monks Mart	https://webflow.com/templates/html/monks-mart-website-template
receNeDUPL44eNTwX	revamp-studio	RevampStudio Rejected zmmil96m	https://webflow.com/templates/html/revampstudio-website-template
receWWVpvas0ZB7fH	markbes	Markbes Rejected 6rms2p2b	https://webflow.com/templates/html/markbes-marketing-website-template
recebDa1PKar5Bt1H	luxdin	Luxdin Rejected dh3nl7cn	https://webflow.com/templates/html/luxdin-website-template
reced6psbRC955MbH	vendifya	Vendifya	https://webflow.com/templates/html/vendifya-website-template
receeOfrSmRdMPKuz	paul-humen	Paul Humen Rejected lagg5ufc	https://webflow.com/templates/html/paul-humen-website-template
receejp1ix1RTFQSM	productizable	Productizable Rejected wukdjz9p	https://webflow.com/templates/html/productizable-website-template
recegN40GTCoHIfZD	old-care	Old Care Rejected gdho4ee9	https://webflow.com/templates/html/oldcare-website-template
recegkDXDW5QmuU7J	balancio	Balancio Rejected zpoqzn7i	https://webflow.com/templates/html/balancio-website-template
recerpRSEWFFUVlRo	orlina	Orlina	https://webflow.com/templates/html/orlina-website-template
recesTAGF8v8hCfnH	naxina	Naxina Rejected pouqrlt8	https://webflow.com/templates/html/newzy-website-template
recexM6i4XUlNIVTp	agencypro-template	AgencyPro Rejected fc6xefyy	https://webflow.com/templates/html/agencypro-agency-website-template
recezC3ruV5Ac63OW	exploor-cms	Exploor CMS Rejected zlrkv31i	https://webflow.com/templates/html/exploorcms-travel-website-template
recf0Izvpj54XIKfJ	owwo	OWWO D Rejected w1uw3571	https://webflow.com/templates/html/owwo-d-website-template
recf0J0C9422DbsPF	warrior-pq	Warrior Rejected l4cxl7wc	https://webflow.com/templates/html/warrior-game-website-template
recf2Rw8u9x0KZkFF	tuneed	Tuneed Rejected 64hw3inz	https://webflow.com/templates/html/tuneed-website-template
recf3AEaSjG1fjjcU	pauline-beckers-template-4f172b4e7de28f	Clean white and black Rejected e3aydc3v	https://webflow.com/templates/html/cleanwhiteandblack-technology-website-template
recfANMvJwy4vrCtv	aiboo	Aiboo Rejected xane3oc4	https://webflow.com/templates/html/aiboo-website-template
recfCpIYi2zyRxsGd	kitpro-apperty	Apperty Rejected scs6fsrc	https://webflow.com/templates/html/apperty-website-template
recfE0wvlbmRyglX2	vibex	Vibex Rejected nxizygim	https://webflow.com/templates/html/vibex-website-template
recfEC3fRS0LlMz7x	virell	Virell	https://webflow.com/templates/html/virell-website-template
recfGa5RtYPxDdeGO	sportopia	Sportopia Club Rejected 7keiop50	https://webflow.com/templates/html/sportopiaclub-sports-website-template
recfGtcb5dfAlmgVf	liam-harper	Liam Harper Rejected pjzrd8dq	https://webflow.com/templates/html/liam-harper-website-template
recfH8WDjCcicSFRZ	ecosync-32e062	Ecosync Rejected a1q624bp	https://webflow.com/templates/html/ecosync-website-template
recfJJ4TAuW8VYnb7	aivexa	Aivexa	https://webflow.com/templates/html/aivexa-website-template
recfLBmdcKvAwnbS0	archion	Archion	https://webflow.com/templates/html/archion-website-template
recfLUnmmbbmC52Mp	furence	Furence	https://webflow.com/templates/html/furence-website-template
recfLYhEDbDeDzwOg	vibecraft-site	Vibecraft	https://webflow.com/templates/html/vibecraft-website-template
recfRSB1PLKNp9iKi	toogather1	Toogather - Community & Website Template	https://webflow.com/templates/html/toogather---community--website-template-website-template
recfRzuZjNs6a0j56	visionary-design	Visionary Studio Rejected wu3td4ld	https://webflow.com/templates/html/visionary-studio-website-template
recfSEUiWU9WjqnGj	modelflowx	ModelFlow X Rejected qz80vb2g	https://webflow.com/templates/html/modelflowx-agency-website-template
recfT0oqzPMXmy1jq	mavens-sublime-site-b5767181e60a4f457d5	Real-Estate Website Template Rejected 8qj2xdki	https://webflow.com/templates/html/realestatewebsitetemplate-real-estate-website-template
recfUQT8WIULSuvZo	medlife-tec	Medlife Rejected 5fnq0ikw	https://webflow.com/templates/html/medlife-website-template
recfUt4U2tFVXkEqb	sungrid	Sungrid	https://webflow.com/templates/html/sungrid-website-template
recfUup2XtWKO0pmD	barbershop-template-51b29c	Barbershop Template Rejected x53e06bs	https://webflow.com/templates/html/barbershoptemplate-barber-website-template
recfYhh6kDM1zAuBg	stefsolar	Stef. Solar Photographer	https://webflow.com/templates/html/stef-solar-photographer-website-template
recfZSzAxsrQbwsdC	workshop-material-cdf9ff-f83cf64fda6b54	Forward Focus Rejected 6s2znom3	https://webflow.com/templates/html/forwardfocus-coaching-website-template
recfar4NThE1rFYCj	numa-template	Numa Rejected d8mo110b	https://webflow.com/templates/html/numa-website-template
recfgMKAFBmi1X3Zk	pixel-word	Pixel word Rejected w2qypksn	https://webflow.com/templates/html/pixel-word-website-template
recfj9ltoWgvYfn40	gopanr	Webdeveloper Rejected r1v0xgkm	https://webflow.com/templates/html/webdeveloper-website-template
recflNMmLkQeQoNEw	real-estate-789758	Monks Estate Rejected mfc6sb2z	https://webflow.com/templates/html/monksestate-website-template
recflNly9DtyhDfzo	kiaweds	KIA Weds: Website Template Rejected ro9s7vv3	https://webflow.com/templates/html/kia-weds-website-template-website-template
recflc63nyzBD1hNZ	f3lix	F3LIX Rejected lgsuqbw3	https://webflow.com/templates/html/f3lix-website-template
recfnny3u8CZElzm9	bricknet-construction	Bricknet	https://webflow.com/templates/html/bricknet-website-template
recfuSJgqC3pt8DDF	monksbot	Monks Bot Rejected jwfdqj76	https://webflow.com/templates/html/monksbot-website-template
recfw3VvmkbgOgQ2E	argento-pq	Argento Rejected qstjm6ye	https://webflow.com/templates/html/argento-agency-website-template
recfwmMFKnqQiEeP7	reformer-template	Reformer Fit	https://webflow.com/templates/html/reformer-fit-website-template
recfwyKvnqhBb1jiL	coming-soon-tnc	Comings TNC Rejected ce65735v	https://webflow.com/templates/html/comingstnc-coming-soon-website-template
recg25sXYPn0NqHhO	emagz	emagz Rejected v77q1w7v	https://webflow.com/templates/html/emagz-website-template
recg4uHfnJBenvJ9d	az-bilbao	Bilbao	https://webflow.com/templates/html/bilbao-website-template
recg8JdaDd4jByzAG	az-andromeda	Andromeda Rejected gb2uf7mk	https://webflow.com/templates/html/andromeda-website-template
recg8LiTiDdCvfkqM	web-lab-0ee64d	Web-lab	https://webflow.com/templates/html/web-lab-website-template
recg92sf8tnHXfXQC	pauline-beckers-template	Artificial Intelligence template Rejected i8cekipj	https://webflow.com/templates/html/artificialintelligencetemplate-agency-website-template
recgAKRtEj1YyQPfr	oma-speculus	Speculus Rejected 6wll0wak	https://webflow.com/templates/html/speculus-website-template
recgBX9yBXyc2JpI4	guy-hawkins	Guy Hawkins _ Portfolio Webflow Template Rejected yvq0l8yd	https://webflow.com/templates/html/guyhawkins_portfoliowebflowtemplate-portfolio-website-template
recgHL3AnmnPFXNf3	klyro-theme	KLYRO Rejected 4xqur7xg	https://webflow.com/templates/html/klyro-website-template
recgIKFxFpShAAGW8	metdox	Metdox Rejected i1xlvwo6	https://webflow.com/templates/html/metdox-website-template
recgOkVwvRo8Ltr5D	edukuthir	Edukuthir Rejected utzajc5l	https://webflow.com/templates/html/edukuthir-website-template
recgPzYYI36UfHN0d	zintom-agency	Zintom	https://webflow.com/templates/html/zintom-website-template
recgT4yLtMUGYiT8F	heatly	Heatly	https://webflow.com/templates/html/heatly-website-template
recgVrMT1Ur0dUosa	primecraft-template	Primecraft	https://webflow.com/templates/html/primecraft-website-template
recgWgg2hJixOaqD4	zenspace	ZenSpace Rejected tmasvtvb	https://webflow.com/templates/html/zenspace-app-website-template
recgYWpF1kaaEp8n4	radiantlens	Radiant Lens Template Rejected 6ebz6pbu	https://webflow.com/templates/html/radiantlenstemplate-photography-website-template
recgaPy1aWTZyaFTJ	johnflow	JohnFlow - Personal Portfolio Website Template Rejected 2w675bsc	https://webflow.com/templates/html/johnflowpersonalportfoliowebsitetemplate-portfolio-website-template
recgfZCneXXZOtJIh	maker-site	HomeMaker	https://webflow.com/templates/html/homemaker-website-template
recghCDh7eZIvZSVV	lucasflow	LucasFlow Rejected f4uciior	https://webflow.com/templates/html/lucasflow-website-template
recghbJyl7wRoeQRx	saasshop	SAAS Rejected gl227b8l	https://webflow.com/templates/html/saas-agency-website-template
recghpWu2krhHHhQa	solyrakit	Solyra	https://webflow.com/templates/html/solyra-website-template
recgkg3CETnFpJhIs	rihan-asaya-model	Rihan Asaya Model Theme Rejected t7y54g1y	https://webflow.com/templates/html/rihanasayamodeltheme-portfolio-website-template
recgmv0IlUCPw0FpC	prosto-framework	PROSTO Framework	https://webflow.com/templates/html/prosto-framework-website-template
recgrAAllskmZlCFd	quantify-oly	Quantify	https://webflow.com/templates/html/quantify-website-template
recgsFMIseH0pCf1U	optura-agency	Opturra	https://webflow.com/templates/html/opturra-website-template
recguM9vAl69PIEOV	az-craftown	Craftown	https://webflow.com/templates/html/craftown-website-template
recgwAM07EzYDAZ2Q	kitzykids-cms	Kitzykids CMS Rejected cgrabv2r	https://webflow.com/templates/html/kitzykidscms-kids-website-template
recgzXPuJmb81Mf4X	coursivo	Coursivo	https://webflow.com/templates/html/coursivo-website-template
recgzpDm4Z5NqGfVU	blossom-touch-webplanex	Blossom Touch	https://webflow.com/templates/html/blossom-touch-website-template
rech1mEO12KukGjMa	pauline-beckers-template	NeuroWave Rejected aih6cevc	https://webflow.com/templates/html/neurowave-website-template
rech4GGalD1TGv1KD	puriflow-charity-template	Puriflow	https://webflow.com/templates/html/puriflow-website-template
rech4lYJilVWtYJtD	insurex-tnc	InsureX Rejected a5gpj2ao	https://webflow.com/templates/html/insurex-insurance-website-template
rech6F2o0FyXtPAt3	spark99	spark99 Rejected dn3kgmcq	https://webflow.com/templates/html/spark99-agency-website-template
rech7XN4vde32y7V2	realnix	Realnix Rejected 47anaya0	https://webflow.com/templates/html/realnix-website-template
rech7wD1RMa38h8Qr	silvershield-insurance	SilverShield Rejected ejc8oq6o	https://webflow.com/templates/html/silvershield-website-template
rechACCgjKKvSmymL	obro	Obrro Rejected ppv1mov8	https://webflow.com/templates/html/obrro-website-template
rechGG51hZvefNQ6O	athletic99	Athletic X	https://webflow.com/templates/html/athletic-x-website-template
rechGIxwGqf8s1Y6Q	dianne-template	Dianne Rejected yor0q53q	https://webflow.com/templates/html/dianne-website-template
rechGxPpIQfNSfo5M	reelo-128	Reelo	https://webflow.com/templates/html/reelo-website-template
rechMPzdmsdeH2jWv	acquitect-template	Acquitect	https://webflow.com/templates/html/acquitect-website-template
rechNYwL2IJeEV2EM	mintpro-agency	Mintpro	https://webflow.com/templates/html/mintpro-website-template
rechPhh94vNNdzah5	above-average-template	Above Average Rejected uhbfsi11	https://webflow.com/templates/html/aboveaverage-agency-website-template
rechR0hcbr4XHovJt	consult-ai-dark	Consult Ai (Dark) Rejected jispuybg	https://webflow.com/templates/html/consultaidark-consulting-website-template
rechROm3hpBJohNy2	clynto	Clynto Rejected mvsnjeu1	https://webflow.com/templates/html/clynto-website-template
rechUpZ4wcAyLTGsL	captix	Captix Studio Rejected 59ykba7p	https://webflow.com/templates/html/captixstudio-website-template
rechYM0fRoe5X4P6U	argiterra	Argiterra	https://webflow.com/templates/html/argiterra-website-template
rechaJBiP1wCSmQMo	octavex	Octavex Rejected b3dzzqt1	https://webflow.com/templates/html/octavex-website-template
rechdXowl2josq6DQ	complianceio	ComplianceIO	https://webflow.com/templates/html/complianceio-website-template
rechev0AVvYHAUqha	xunity	Xunity	https://webflow.com/templates/html/xunity-website-template
rechf3eESiJbumejx	sereniva	Sereniva	https://webflow.com/templates/html/sereniva-website-template
rechh4e1jiLb5f86u	meed-box	MeetBox	https://webflow.com/templates/html/meetbox-website-template
rechniDwkRVcUABvT	luminyn	Luminyn Rejected ryrebx35	https://webflow.com/templates/html/luminyn-website-template
rechyMELCvhaT9Zvh	hasiburs-stunning-site	Groweel Funnel	https://webflow.com/templates/html/groweel-funnel-website-template
reci0AhdK2X0Sk1J6	nomad-notes	Nomads Notes Rejected ir94v6e8	https://webflow.com/templates/html/nomadsnotes-blog-website-template
reci27LTNKvPV2UCf	greemscape-pro	Greenscape Pro	https://webflow.com/templates/html/greenscape-pro-website-template
reci5IddIyULgzmSC	velion	Velion	https://webflow.com/templates/html/velion-website-template
reci91Win0z2Rb94o	freight-transport-services	Freight Transportation Solutions Rejected nwth16je	https://webflow.com/templates/html/freighttransportationsolutions-transport-website-template
reciB8yxfHiT5KEQT	dilans-cool-site	Dilan Rejected icbq2oat	https://webflow.com/templates/html/dilan-beauty-&-wellness-website-template
reciBJZy3kkDVZAqZ	kathrynmurphy	Kathryn Murphy Rejected 02sa3dl6	https://webflow.com/templates/html/kathrynmurphy-attorney-website-template
reciBNC2fwFuRuMNB	chzzy	Chzzy	https://webflow.com/templates/html/chzzy-website-template
reciBgKQkAqNtnF6i	dentcore	Dentcore	https://webflow.com/templates/html/dentcore-website-template
reciCBrqD2SAbWQPU	marqon	Marqon Rejected amjmtjuw	https://webflow.com/templates/html/marqon-website-template
reciDnUNUY5NcUCGa	pool-x	Pool-x Rejected gff0inyb	https://webflow.com/templates/html/poolx-business-website-template
reciHH4BVTjXbmRaJ	pro-management	Property Management Rejected 8ig06p6n	https://webflow.com/templates/html/propertymanagement-real-estate-website-template
reciHrK6v4aKjvuKU	michael-andreson	Michael Andreson	https://webflow.com/templates/html/michael-andreson-website-template
reciKTJf8XbiccWwO	luminyn	Luminnyn Rejected joyszyzm	https://webflow.com/templates/html/luminnyn-website-template
reciMXBYcUbDYtlT8	dine-delight	Dine & Delight Rejected nlmpxznp	https://webflow.com/templates/html/dine--delight-website-template
reciNJExa7QvjM0MV	valento-beauty-hair-template	Valento Rejected yhag89cz	https://webflow.com/templates/html/valento-website-template
reciOIu9Euod0W8vf	tourio	Tourio Rejected w2pi3ak6	https://webflow.com/templates/html/tourio-travel-website-template
reciOY4YcNGG1NsDE	true-minimal-template	True Minimal Rejected wkl1q43g	https://webflow.com/templates/html/trueminimal-portfolio-website-template
reciOxk6Vu01XolqT	elyxir	ELYXIR Rejected ldnrduq0	https://webflow.com/templates/html/elyxir-website-template
reciTDQClQwucD6vm	theuntamed	Untamed Rejected ywfgtj0s	https://webflow.com/templates/html/untamed-website-template
reciTmZ3HNgLemvWp	poli-lite-wcopilot	Poli Lite Rejected j5uf8tfb	https://webflow.com/templates/html/polilite-landing-page-website-template
reciUnkY50adY3Q5g	frameora	Frameora	https://webflow.com/templates/html/frameora-website-template
reciUuegKtm56P8w7	accuell	Accuell	https://webflow.com/templates/html/accuell-website-template
reciVh2sPz4xicObZ	ultimator-lite	Ultimator Lite Rejected h5xqjcij	https://webflow.com/templates/html/ultimatorlite-it-company-website-template
reciZbvGZ5Lz0K7Uj	pionees	Pionees Rejected 9on7bmer	https://webflow.com/templates/html/pionees-portfolio-website-template
reciZhORQP76782Xi	bitezza	Bitezza	https://webflow.com/templates/html/bitezza-website-template
reciZlMLuDOdPWQBy	starlogy-ttm	Starlogy	https://webflow.com/templates/html/starlogy-website-template
recia53Z17DfajQu2	portyo	Portyo	https://webflow.com/templates/html/portyo-website-template
recicsQqWimBTdCcS	vigoo	Vigoo Rejected hscb0fgp	https://webflow.com/templates/html/vigoo-agency-website-template
recidkWiNrvylOjAv	zaigon	Zaigon Rejected hwo3ibwg	https://webflow.com/templates/html/zaigon-game-website-template
recign23uTRPPPbOP	devian	Devian	https://webflow.com/templates/html/devian-website-template
recimnuCTKjWDVUeQ	consultes	Consultes Rejected q2j8d60x	https://webflow.com/templates/html/consultes-consulting-website-template
reciplXBeSqqQZf9W	optivus-eco	Optivus	https://webflow.com/templates/html/optivus-website-template
reciruypTJPQ8ItRc	a-select-theme	A-Select Rejected reqwq10i	https://webflow.com/templates/html/aselect-architecture-website-template
reciwFcLNzbDNxHNI	fitbody-template	FIT BODY Rejected 2nf8n4w3	https://webflow.com/templates/html/fitbody-one-page-website-template
reciwNdGzWkqXcfue	carrent-tnc	CarRent Rejected ocg63azo	https://webflow.com/templates/html/carrent-website-template
recizSRLIrZLYT619	fecisa	Fecisa	https://webflow.com/templates/html/fecisa-website-template
recj0Nnf0Vilb4PGp	opero-nija	Opero	https://webflow.com/templates/html/opero-website-template
recj2Ec0Rakp7P9yg	homlo	Homlo	https://webflow.com/templates/html/homlo-website-template
recj62pH7hR8ccarB	simple-one-page-template	Simple One Page Website Rejected aiamu2ml	https://webflow.com/templates/html/simpleonepagewebsite-cv-website-template
recj7qUeIINqZne2k	assiston	Assiston Rejected xsll6uuv	https://webflow.com/templates/html/assiston-website-template
recj91BbsJU25Bj37	skillgrow-ttm	Skillgrow Rejected 9ffhl3b9	https://webflow.com/templates/html/skillgrow-website-template
recjCsAJMoRxBbM0x	lumr-template	Lumr Rejected 9jwahp2r	https://webflow.com/templates/html/lumr-website-template
recjEm1jeeAR2HhGg	havro-ecom	Havro	https://webflow.com/templates/html/havro-website-template
recjJlmVgDLqVGW93	fixit-template	FixIt Rejected itsk0p5s	https://webflow.com/templates/html/fixit-small-business-website-template
recjUInLlzPP0R9Cp	resumes-template	Resumes Rejected t03wss6i	https://webflow.com/templates/html/resumes-resume-website-template
recjXmU6KSvsTWL3B	rsp-template	RSP Rejected nyvx7fwa	https://webflow.com/templates/html/rsp-startup-website-template
recjaCuWusXg6jWR1	kindbite	KindBite Rejected 844tpqj4	https://webflow.com/templates/html/kindbite-website-template
recjaa8Aa2BaCfr4Q	odeezy	Odeezy	https://webflow.com/templates/html/odeezy-website-template
recjcwX10QNSfrcJH	jellyfish-745f0c-9e873470-3e6ccf4130d2f	Jellyfish	https://webflow.com/templates/html/jellyfish-website-template
recjhdRhbkE25yviu	shuttr-2cba82	Shuttr Rejected zjclipob	https://webflow.com/templates/html/shuttr-fashion-website-template
recjj5XWBJT2bPt0t	dahl-template	Dahl Rejected nzd8lk89	https://webflow.com/templates/html/dahl-website-template
recjmPCQSmg2rvakt	lukas-template	Lukas Rejected 6un6fpfe	https://webflow.com/templates/html/lukas-website-template
recjt6mVHNSZsnbgc	barber-a00d2f	Barber-Nexus Rejected vdyl9x0z	https://webflow.com/templates/html/barbernexus-barber-website-template
recjv4QEDNucPVhIP	yogistry	Yogistry Rejected ls59lhjr	https://webflow.com/templates/html/yogistry-website-template
recjwngZ9APfR5wQF	montoya-template	Montoya Rejected qpdhvqb2	https://webflow.com/templates/html/montoya-website-template
recjxnGgYGNeUY489	royalsuits-eco	RoyalSuits	https://webflow.com/templates/html/royalsuits-website-template
reck1QLrM4vcKVtwj	finass-9913ef	Finass Rejected wrfenps2	https://webflow.com/templates/html/finass-website-template
reck2a1srELH81W9C	vaxly	Vaxly	https://webflow.com/templates/html/vaxly-website-template
reck7HR6S2uaJEk5G	archix-one-wcopilot	Archix One Rejected 9h5f4oet	https://webflow.com/templates/html/archixone-architecture-website-template
reck8blcsykpn9Q7D	yelmo	Yelmo Rejected 8er34ov7	https://webflow.com/templates/html/yelmo-landing-page-website-template
reck8fUkuRDSBIPJD	academly	Academly Rejected 86jjwqc6	https://webflow.com/templates/html/academly-small-business-website-template
reckAaOSvtqwPCwvp	hoefn-template	Höfn	https://webflow.com/templates/html/hfn-website-template
reckB8iNBaXb9jIS6	infy-saas	Infy Rejected raiumc11	https://webflow.com/templates/html/infy-saas-website-template
reckDZ5Am6HNKGNVy	vistara-ecommerce	Vistara Rejected a7atirct	https://webflow.com/templates/html/vistara-website-template
reckFTgCfQoURc2kA	secure-insurance-site	SecureInsurance Rejected wg20jfm7	https://webflow.com/templates/html/secureinsurance-website-template
reckG74zVagiuq2Pr	laraflio-personal-resume-template	Laraflio-personal-resume-template Rejected 2jnii0qm	https://webflow.com/templates/html/larafliopersonalresumetemplate-portfolio-website-template
reckICn0YCObhLcVA	sivios	Sivios Rejected c23tofi2	https://webflow.com/templates/html/sivios-website-template
reckLfuul0omWyupN	dahlberg-template	Dahlberg Rejected l27ut9gq	https://webflow.com/templates/html/dahlberg-website-template
reckMLTn0rN1sbFJn	oatch	Oatch	https://webflow.com/templates/html/oatch-website-template
reckOSw9qb0ZsEzVJ	yukona	Yukona Rejected kc2tzl3w	https://webflow.com/templates/html/yukona-agency-website-template
reckP9iOdprSXWBqh	consentrau	Consentrau	https://webflow.com/templates/html/consentrau-website-template
reckRlNfAjlwtA6E3	kubia-template	Kubia	https://webflow.com/templates/html/kubia-website-template
reckVadoZpFYgYVq8	equitys-template	Equityo Rejected tccfjuks	https://webflow.com/templates/html/equityo-website-template
reckWAJ9GsEVzFjYC	therapiste	Therapiste Rejected p25i5puw	https://webflow.com/templates/html/therapiste-one-page-website-template
reckYA84Vs5nhE1DE	burgerlab	BurgerLab Rejected vxt5g6mq	https://webflow.com/templates/html/burgerlab-restaurant-website-template
reckZTt5Nq6SmRdWn	livepower	Webora-Studio	https://webflow.com/templates/html/webora-studio-website-template
reckbms1fTsMZcpBo	confluence-template	Confluence Rejected c2qqzoe8	https://webflow.com/templates/html/confluence-conference-website-template
reckd8LdDBtoyV0BB	nitrog	Nitrog Rejected t55gbp5p	https://webflow.com/templates/html/nitrog-technology-website-template
reckdOlrjfqd61vKX	crafture-template	Crafture	https://webflow.com/templates/html/crafture-website-template
reckfmpSQtAOWsvsd	raizen	Raizen	https://webflow.com/templates/html/raizen-website-template
reckgjB8hNRqIsBAA	balance-webflow-template	Balance - Psychology Template Rejected rxqanrdr	https://webflow.com/templates/html/balance---psychology-template-website-template
recki62k0MdWr6ulJ	artistry-studio-pro	Studio Website Rejected l40ac0yh	https://webflow.com/templates/html/studiowebsite-one-page-website-template
reckiKh0rEPKYFeXR	furlixy	Furlixy	https://webflow.com/templates/html/furlixy-website-template
reckk6X4eByCLWn5L	smileco-design	SmileCo	https://webflow.com/templates/html/smileco-website-template
recknRGlfCQ5iAXW7	mildest-design	Mildest	https://webflow.com/templates/html/mildest-website-template
reckt9fJoJwhtls8Z	onlaw	Onlaw	https://webflow.com/templates/html/onlaw-website-template
recktcv2YElXS2jSj	finance-apps-2284d8	Danamu Rejected i779xp2y	https://webflow.com/templates/html/danamu-website-template
reckucAIS4mFxd3VS	agroacres	AgroAcres Rejected hwxfsdq2	https://webflow.com/templates/html/agroacres-agriculture-website-template
reckuqP9kAsg0Eot0	vedaconsultancy	VÉDA – The Future of Productivity Through Well-Being Rejected uocl3085	https://webflow.com/templates/html/vda--the-future-of-productivity-through-well-being-website-template
reckzaVg6I7uiXTm6	filmoflow-template	FilmoFlow Rejected iev1wl1q	https://webflow.com/templates/html/filmoflow-website-template
recl1RngdlPjEe6GW	chloex	Chloex Rejected 1h6rve2n	https://webflow.com/templates/html/chloex-portfolio-website-template
recl1VKVLpTD0DXwf	pictovyn	PictoVyn Rejected 03u3nnzb	https://webflow.com/templates/html/pictovyn-website-template
recl4F0OQzcXVN4Ri	maddy-groker	Maddy Groker	https://webflow.com/templates/html/maddy-groker-website-template
recl7dgitUGliReV7	supra99	Supra. Rejected 39ay8tqx	https://webflow.com/templates/html/supra-it-company-website-template
recl7nVzAK2smt3Zn	research-wbs	Research Rejected o9mh699l	https://webflow.com/templates/html/research-website-template
reclCHd9oTTvoshA6	drezzo-template	Drezzo Rejected bb59l2l0	https://webflow.com/templates/html/drezzo-website-template
reclCmjN5J4R3xRKA	shiftweb	ShiftWeb Rejected 1i75v0ki	https://webflow.com/templates/html/shiftweb-website-template
reclCzaNfTlOGfKxh	physical-therapy-51242c	Physio Rejected 9s9dnuwk	https://webflow.com/templates/html/physio-health-website-template
reclKhuqWa6V0Mrpk	enzo-studio-template	Enzo studio	https://webflow.com/templates/html/enzo-studio-website-template
reclNeSRfW8cF6EBc	mentari	Mentari nx Rejected j9qvc7le	https://webflow.com/templates/html/mentarinx-one-page-website-template
reclNvAf7UnCKrdpW	podtip-ttm	Podtip	https://webflow.com/templates/html/podtip-website-template
reclRkDeW31KdbCOP	decoblinds	DecoBlinds Rejected 49pbaxfh	https://webflow.com/templates/html/decoblinds-website-template
reclTXIaVgWMkwqJk	business-tools	nudoubt-saas-template Rejected f2agg01h	https://webflow.com/templates/html/nudoubtsaastemplate-saas-website-template
reclWl2jWJKT2d1gL	docline-template	Docline Rejected faua1a6x	https://webflow.com/templates/html/docline-website-template
reclYKjeE9AxokL7r	memorable-wedding	Memorable Rejected 1o58vho1	https://webflow.com/templates/html/memorable-website-template
reclZL1dJ0ZMyJHzk	etizen	Etizen	https://webflow.com/templates/html/etizen-website-template
recla12mmLmq5JV51	parcel-nx	Parcel NX Rejected 1i3m0v7o	https://webflow.com/templates/html/parcelnx-delivery-website-template
reclbyBuLNqW7mcJy	danis-wondrous-site-aef507	FlowlyUIUX Rejected lrax5f16	https://webflow.com/templates/html/flowlyuiux-website-template
recleuyQjz8fPddhr	finstart	Finstarter Waitlist Rejected 3kft5wk5	https://webflow.com/templates/html/finstarter-waitlist-website-template
reclh5cQSIKLSLxz1	emast-smith	E.Smith	https://webflow.com/templates/html/esmith-website-template
reclhD2EmDWRphmq5	maxfiit	Maxfiit	https://webflow.com/templates/html/maxfiit-website-template
recllyli6mbIyITNi	flowfin-saas	Flowfiin	https://webflow.com/templates/html/flowfiin-website-template
reclnSUCyFKS3vHfQ	playria-template	playria Rejected lmtgcrk6	https://webflow.com/templates/html/playria-website-template
reclqgXBruWSeOdNB	equipclothing	Equip Rejected lml9dni9	https://webflow.com/templates/html/equip-website-template
reclvUoOq9QFBDNte	silverforge	Silverforge Rejected 6i4wak2x	https://webflow.com/templates/html/silverforge-website-template
reclyrR9XRIhbq5RW	captix	Captix Rejected lzipl8xa	https://webflow.com/templates/html/captix-website-template
recm1W74RdBOxp5g8	userintelix	Userintelix	https://webflow.com/templates/html/userintelix-website-template
recm1r7ln41531hou	az-girona	Girona Rejected eez94s1u	https://webflow.com/templates/html/girona-website-template
recm2ZQ7RCFCMkq4Y	ovo-nexify	Nexify Rejected 5k2f5tog	https://webflow.com/templates/html/nexify-website-template
recm9aH44KwybsJe0	saasico	sasco Rejected c3qpz6pe	https://webflow.com/templates/html/sasco-saas-website-template
recmHDK1tWuVjt2Uj	branvio	Branvio Rejected zuhzwq63	https://webflow.com/templates/html/branvio-website-template
recmKfTAVnJkJYOkz	fluxion-tem	Fluxion Rejected 4wb19z1q	https://webflow.com/templates/html/fluxion-website-template
recmPopkwl1fBCg1U	zinger-template	Zinger Rejected 4kj9ebix	https://webflow.com/templates/html/zinger-website-template
recmTKgzNiVAg1THb	jurist-template	Juristo	https://webflow.com/templates/html/juristo-website-template
recmWMiFLRYJhwpfp	kyler-template	Kyler Rejected 69g80hh0	https://webflow.com/templates/html/kyler-agency-website-template
recmXL9yxleWGBdR5	mindcare-psychology-tamplate	MindCare Psychology Website Template Rejected alrb1pfs	https://webflow.com/templates/html/mindcarepsychologywebsitetemplate-therapy-website-template
recmZcJg9MSuMnRlW	templatra	Templatra Rejected h154loo2	https://webflow.com/templates/html/templatra-agency-website-template
recmZrl899qiOhoN8	pulsefit-fd	Pulsefit Rejected gxrpyapz	https://webflow.com/templates/html/pulsefit-website-template
recmb9Q49Mdry1RUf	welne-template	Welne Rejected nga9wx45	https://webflow.com/templates/html/welne-website-template
recmbDmsxvE32h7lS	transgo	TransGo Rejected 76m58icg	https://webflow.com/templates/html/transgo-website-template
recmdWE2s3mTqNx5A	coinest-finance	Coinest	https://webflow.com/templates/html/coinest-website-template
recmjoZUgIGMTQwBi	noise-saas-template	Noise	https://webflow.com/templates/html/noise-website-template
recmmQ9OXYPossh0D	amiras-template	Amiras Rejected nvf6vs6s	https://webflow.com/templates/html/amiras-website-template
recmpoMSFcea2XW9f	annie-apple-example-portfolio	Product Manager Portfolio Rejected n4dovxh7	https://webflow.com/templates/html/productmanagerportfolio-portfolio-website-template
recmqd7VWVGsVFexj	nomad-notes	ForNomads Rejected ygyusi1n	https://webflow.com/templates/html/fornomads-blog-website-template
recmtSW87uaoNp5GR	pixelforge-template	Pixelforge Template	https://webflow.com/templates/html/pixelforge-template-website-template
recmtfJfy70UUygou	the-new-standard-817846	The New Standard Rejected b8o75rnq	https://webflow.com/templates/html/thenewstandard-architecture-website-template
recmuhatp9kPODKpt	deked	Deked-Al	https://webflow.com/templates/html/deked-al-website-template
recmxT640sSH9xRQD	maryjanes-wondrous-site-1fe811	ShowcasePro Rejected wfyxuf7y	https://webflow.com/templates/html/showcasepro-website-template
recn2pAzlvRFU1H8l	doer-avolix	Doer	https://webflow.com/templates/html/doer-website-template
recn3LmRFrMN5B60M	zinox	Zinox	https://webflow.com/templates/html/zinox-website-template
recn3tlvHFO3VEcvP	az-rotterdam	Rotterdam Rejected kt4ki8b3	https://webflow.com/templates/html/rotterdam-website-template
recn46tOE4G5ChWVR	order-law	Order Law Rejected rhuxzy9a	https://webflow.com/templates/html/orderlaw-law-firm-website-template
recn5Ghs5kKHxKZ0T	freelancer-nx	Freelancer - NX Rejected g1s94qhe	https://webflow.com/templates/html/freelancernx-portfolio-website-template
recn7wZzmQZVdakrF	degusto	DeGusto Rejected wt96i2ql	https://webflow.com/templates/html/degusto-website-template
recn98rqqN6MGNkep	cloud-scape	Cloudscape Rejected fanmtmqa	https://webflow.com/templates/html/cloudscape-support-website-template
recnBcfoCZGR3K6G4	gastroglobe-template	GastroGlobe Rejected vg46pv6o	https://webflow.com/templates/html/gastroglobe-restaurant-website-template
recnD9JgItFVwlhjy	botcointemplate	Botcoin Rejected ml7fp6p9	https://webflow.com/templates/html/botcoin-website-template
recnEZAEcRBr9ugFM	projectx-template	ProjectX Rejected pfm0rzxs	https://webflow.com/templates/html/projectx-website-template
recnFQz0XwSsZwKyf	avi-studio	Avi Studio Rejected 3nu352mu	https://webflow.com/templates/html/avi-studio-website-template
recnFm6t2CKMXPWub	realtorlandingpage-2	Househunt Rejected 9fy4qx59	https://webflow.com/templates/html/househunt-real-estate-website-template
recnGeb8vBZ4r363Y	goalguru	GoalGuru Rejected lioovrs9	https://webflow.com/templates/html/goalguru-coaching-website-template
recnTlV9SMixgJI7T	fitbody-template	FIT-BODY Rejected jrsgojuw	https://webflow.com/templates/html/fitbody-one-page-website-template
recncYJLNYAI4sHBU	codeplus	Codeplus Rejected 8dgstwxs	https://webflow.com/templates/html/codeplus-website-template
recne27d1SnKRoUk5	medicare-webflow-template	Medicare Care Clinic Template	https://webflow.com/templates/html/medicare-care-clinic-template-website-template
recngqQ0ifgaZExwU	virexa	Virexa Rejected uwfg75mk	https://webflow.com/templates/html/virexa-website-template
recnh9HGhJjztqbGB	bareform	Bareform Rejected iybmlx4q	https://webflow.com/templates/html/bareform-website-template
recnmQNkEzJmq28jv	koffekart-minim	KOFFEKART Rejected z3ts74ci	https://webflow.com/templates/html/koffekart-website-template
recnpyjp7SxqeNKiF	thrilliz-hiking	Thrilliz	https://webflow.com/templates/html/thrilliz-website-template
recnuRVL692mfAqxE	sivoro	Sivoro	https://webflow.com/templates/html/sivoro-website-template
recnukt5caOPa60iE	tokomoo-dentalco	Dentalco Rejected au9u795b	https://webflow.com/templates/html/dentalco-website-template
recnwQlU1pLL9SqeM	clary	Clary	https://webflow.com/templates/html/clary-website-template
recnxNL5Vgt6poaFO	levelflow-site	Levelflow Template	https://webflow.com/templates/html/levelflow-template-website-template
recnyJH55cGaEfzSL	unispot	Unispot Rejected p8gnuip4	https://webflow.com/templates/html/unispot-university-website-template
reco2XBOB06QW1S1R	ravage	Ravage Rejected sq4gu381	https://webflow.com/templates/html/ravage-photography-website-template
reco2gIUWBmEINcAj	worksync-template	WorkSyncs Rejected p6ljmbxb	https://webflow.com/templates/html/worksyncs-saas-website-template
reco2krNCbdVfdDXa	zenstudio-template	Zen Studio	https://webflow.com/templates/html/zen-studio-website-template
reco374ivqmW2IMnv	auto-repair-tnc	AUTO REPAIR TNC Rejected 5f02oo5w	https://webflow.com/templates/html/autorepairtnc-automotive-website-template
reco5UeyDQy1QQ8ti	griddos	Griiddos Rejected 5g76e6zw	https://webflow.com/templates/html/griiddos-personal-website-template
recoAGkvPFGghxHN3	forward-edge	ForwardEdge Rejected x3j07auy	https://webflow.com/templates/html/forwardedge-website-template
recoAuWpLra1CPGMn	orbifye	Orbifye Rejected 1f24155i	https://webflow.com/templates/html/orbifye-website-template
recoAxVUNgAKr85fm	simplesa	Simplesa Rejected 6r7rhri9	https://webflow.com/templates/html/simplesa-portfolio-website-template
recoB4tMHlWoLw0VY	real-estate-w	Luxoora Rejected dc0laja4	https://webflow.com/templates/html/luxoora-website-template
recoBFqDNfY4TywPy	julee-template	Julee Rejected ivfp0gby	https://webflow.com/templates/html/julee-website-template
recoEmkA1A00nK3gM	sportopia	Sportopia Rejected t04f1ri7	https://webflow.com/templates/html/sportopia-sports-website-template
recoFnvIzmYhMPB0F	downtowndental-template	Downtown Dental Rejected 7fgpn40u	https://webflow.com/templates/html/downtown-dental-website-template
recoIBr5sQ3mkYrEc	dkingseportfolio-ec1932ee2b751ddf31453c	e-portfolio2 Rejected imlug126	https://webflow.com/templates/html/eportfolio2-designer-website-template
recoJPbfVfnqOWTIq	parafit	Parafit Rejected r2jniej6	https://webflow.com/templates/html/parafit-agency-website-template
recoKid1D8dioWpi3	modelflowx	ModelFlowX Rejected 6tco8i3r	https://webflow.com/templates/html/modelflowx-agency-website-template
recoKqqh1ufg1ZzGP	adovyx	Adovyx Rejected sfvtmefe	https://webflow.com/templates/html/adovyx-website-template
recoPZs9sGFJaAnTB	erp-solutions	Confidence	https://webflow.com/templates/html/confidence-website-template
recoPgedsmFIYEvCH	cycleconnect-community-site	ConnectCycle Rejected dzpdxr30	https://webflow.com/templates/html/connectcycle-website-template
recoSrxTDTh0FgUNB	breeze-wcopilot	Breeze Rejected 1vezebsx	https://webflow.com/templates/html/breeze-website-template
recoUpZeHSsjQL8h7	lawfirm-template-01-c642192acf84c1d4e4d	Justitia – Legal Services Template	https://webflow.com/templates/html/justitia--legal-services-template-website-template
recoatk6pOpwc9MMA	estyfy	Estefy	https://webflow.com/templates/html/estefy-website-template
recobG13c2K8oNqXH	pixelnova	Pixel Nova	https://webflow.com/templates/html/pixel-nova-website-template
recofZmBvxkcFnBee	symphony-photo	Symphony Photo Rejected qono999v	https://webflow.com/templates/html/symphonyphoto-photography-website-template
recogqLz2tjKN6ECL	kitpro-devour	Devour Rejected 86x608v9	https://webflow.com/templates/html/devour-game-website-template
recohL1WKukYmTkY9	cwanfolio	Cwanfolio Rejected fpizkhqo	https://webflow.com/templates/html/cwanfolio-website-template
recoj2JgXkejrBYQi	badrich	Badrich Musician Rejected an93cj8b	https://webflow.com/templates/html/badrichmusician-musician-website-template
recoo7hlHqvl2raP8	danis-wondrous-site-aef507	FlowlyUI/UX Rejected lsounap6	https://webflow.com/templates/html/flowlyuiux-website-template
recookm1KMhf9sbCF	menu-c509dc	Decor Lux Rejected lpqw1wkf	https://webflow.com/templates/html/decorlux-interior-design-website-template
recookzr1sdPo4Esd	blogitico	Blogitico v2 Rejected asdes27b	https://webflow.com/templates/html/blogiticov2-blog-website-template
recopDXNLSMCSJvkh	ecolia	Ecolia	https://webflow.com/templates/html/ecolia-website-template
recorIKGJRwUDgpnI	interior-design-studio-decor	Decor Studio Rejected jfe0wvnr	https://webflow.com/templates/html/decorstudio-interior-design-website-template
recorxg8GwSP0VeyP	product-seller	Products Rejected l41fc18b	https://webflow.com/templates/html/products-business-website-template
recosjdT6rM5zbnvy	struktura-template	Struktura	https://webflow.com/templates/html/struktura-website-template
recoxe9JOzW8BJoM0	pixora-template	Pixora	https://webflow.com/templates/html/pixora-website-template
recp8wNzMxo1ujTf5	sheetly	Sheetly	https://webflow.com/templates/html/sheetly-website-template
recpABvvqOWJqrbxe	growsync	Growsync Hub Rejected lyalyykg	https://webflow.com/templates/html/growsync-hub-website-template
recpFc9Ux6q3WomRu	luigi-restaurant	Luigi Rejected hun5a5gy	https://webflow.com/templates/html/luigi-website-template
recpFe8NyaotyegCP	northend	Northend Rejected 4pthj0so	https://webflow.com/templates/html/northend-startup-website-template
recpKBkfQYC7juO8d	hopelet-template	Hopelet	https://webflow.com/templates/html/hopelet-website-template
recpKsBuxX4TbMIZN	neurology-wbs	Neurology Rejected guhylcvj	https://webflow.com/templates/html/neurology-website-template
recpMJUZ7BdHQaQTG	gerox	Gerox.	https://webflow.com/templates/html/gerox-website-template
recpNOFGQOR3qzc3T	fitflex-fitness	Fitflex Rejected i494ajec	https://webflow.com/templates/html/fitflex-website-template
recpQ5W9UFmf5MHJh	elavatr-webflow-saas-website-template	Elavatr	https://webflow.com/templates/html/elavatr--webflow-website-template-website-template
recpQd2yeyKmyuIKs	smilecare-pq	SmileCare Rejected q8wktdpj	https://webflow.com/templates/html/smilecare-website-template
recpT5YnOS9Ev4Hsp	lovera-template	Lovera	https://webflow.com/templates/html/lovera-website-template
recpUvFnuHwC93rZK	quorix	Quorix Rejected dlkj4d56	https://webflow.com/templates/html/quorix-website-template
recpWEAmVJHPs0Ipl	frameit-template	FrameIt Rejected 1gn52zq8	https://webflow.com/templates/html/frameit-website-template
recpXKBVaAafeV8mO	majestik-design-agency-template	Majestik Rejected i1kx1q7x	https://webflow.com/templates/html/majestik-agency-website-template
recpXdPGUlTLVo2nW	broadcast-pq	Broadcast Rejected iphzcf5u	https://webflow.com/templates/html/broadcast-podcast-website-template
recpYIv8UjG8br7m6	letscut-template	Letscut Rejected dy0hc1x9	https://webflow.com/templates/html/letscut-beauty-website-template
recpaGBPzQj66Hq02	constructflow-template	ConstructFlow Rejected db72v6ha	https://webflow.com/templates/html/constructflow-website-template
recpawuVNJSeyebG3	creative-lab-9aeb78	Lunara	https://webflow.com/templates/html/lunara-website-template
recpbLwr59eY7ON37	iwmfitness	IWM Fitnes	https://webflow.com/templates/html/iwm-fitnes-website-template
recpbNMBBQP3sRmdg	creatorhub-f3a53e	CreatorHUB	https://webflow.com/templates/html/creatorhub-website-template
recpbq76yCuce0wIh	noviera	Noviera	https://webflow.com/templates/html/noviera-website-template
recpdLiFlHKTrv0Uj	flowpix	FlowPix Rejected u2otbxvr	https://webflow.com/templates/html/flowpix-portfolio-website-template
recpeDLVMR58ETYKV	template-mariage---elegant-classique	Mariage classique Rejected 2c411xlc	https://webflow.com/templates/html/mariage-classique-website-template
recpgc2Bp4BvWFwvq	artsia	Artsia Rejected y6dof0t3	https://webflow.com/templates/html/artsia-beauty-&-wellness-website-template
recphpliyO5Q56Hjn	sukoagency	Suko	https://webflow.com/templates/html/suko-website-template
recpjBGETXVaTvMTs	most-minimal-template	Most Minimal Rejected ufefpiuy	https://webflow.com/templates/html/mostminimal-portfolio-website-template
recpk3wX1ZYB652eI	bookstore-tnc	BookStore TNC Rejected j2x97j3z	https://webflow.com/templates/html/bookstoretnc-book-website-template
recplSuzB8gyjOeAA	hyetomet	Hyetomet	https://webflow.com/templates/html/hyetomet-website-template
recpmDTFlzdFcZLnm	finora-500380	FInora	https://webflow.com/templates/html/finora-website-template
recpmEOuUqIs42a5Q	mailxend	Mailxend Rejected rgo1q7m2	https://webflow.com/templates/html/mailxend-saas-website-template
recpmNmkJHFJ8oUxc	new-york-chinese	New York Chinese (part 4) Rejected im2d27yy	https://webflow.com/templates/html/new-york-chinese-part-4-website-template
recpo0bU1ApqPm5Sc	opticore-template	Opticore.	https://webflow.com/templates/html/opticore-website-template
recpxhVNmpSKCyOoS	nestio-template	Nestio	https://webflow.com/templates/html/nestio-website-template
recpzBpr6ggvNeLMt	digifain	Digifain Rejected gqbbhf29	https://webflow.com/templates/html/digifain-website-template
recq0hwFDlG2SpMvN	soniix	Soniix	https://webflow.com/templates/html/soniix-website-template
recq2uv6EHAIJmaHx	travyra	Travyra	https://webflow.com/templates/html/travyra-website-template
recq6TWX5YH9eKnnt	mi-comics	Comics Rejected 0i1or90z	https://webflow.com/templates/html/comics-website-template
recq977BexgNmPimR	cloudflow-template	Cloudflow Rejected 9e5zy866	https://webflow.com/templates/html/cloudflow-startup-website-template
recqAl48nGFSi9Jbb	khuksia	Khuksia	https://webflow.com/templates/html/khuksia-website-template
recqHy5FJoOqw6mSr	clario-8aa358	Clario Rejected lmp4585y	https://webflow.com/templates/html/clario-website-template
recqM94HVgE99CScY	licketi	Licketi	https://webflow.com/templates/html/licketi-website-template
recqMiz4XzMmOHX7x	supafast-template	Supafast	https://webflow.com/templates/html/supafast-website-template
recqNV36zH4xPfn0V	nuvex-template	Nuvex	https://webflow.com/templates/html/nuvex-website-template
recqQTWUZR1mZrzZ8	plumbiro	Plumbiro Rejected 0v4euuzg	https://webflow.com/templates/html/plumbiro-website-template
recqRAgIBml7RkQc6	creafolio	Creafolio	https://webflow.com/templates/html/creafolio-website-template
recqSaCEeQni1H1EV	women-care-128	Women Care 128 Rejected 9xoucxgr	https://webflow.com/templates/html/womencare128-website-template
recqVloI2e9P3h03O	efflux	Efflux Rejected 1xvkrucp	https://webflow.com/templates/html/efflux-portfolio-website-template
recqYp74kZmuVvh1S	edison-p	Edison Rejected 932mibx0	https://webflow.com/templates/html/edison-website-template
recqbrcTAowq7PL2r	cozycup	CozyCup Rejected lh1dgifo	https://webflow.com/templates/html/cozycup-coffee-shop-website-template
recqcmtfeYpzgFHRZ	dojo-martial-arts-school	Dojo Martial Arts Rejected 8nhb6ysb	https://webflow.com/templates/html/dojo-martial-arts-website-template
recqixZCppsUTgDVJ	zenara-site	Zenara H Rejected n43wlpbw	https://webflow.com/templates/html/zenarah-marketing-website-template
recqjT2TOHr6BPWRF	finetra-ai	Finetra	https://webflow.com/templates/html/finetra-website-template
recqoZ38ngn1OxyYX	agennc	Agennc Rejected l8091kky	https://webflow.com/templates/html/agennc-website-template
recqpp4ZsT1xQLb0Y	juurico	Juurico Rejected 919ghn0g	https://webflow.com/templates/html/juurico-website-template
recqspniF5bEOtUtN	nurexa	Nurexa	https://webflow.com/templates/html/nurexa-website-template
recqtv07lUFbyGmp8	lozic	Lozic	https://webflow.com/templates/html/lozic-website-template
recqvSNWlGZuErlNS	genozy-agency-website-template	Genozy	https://webflow.com/templates/html/genozy-website-template
recqyzqcc3h8Bp6Yo	oculas-site	Oculas Rejected nwiavsg2	https://webflow.com/templates/html/oculas-website-template
recr0YSEYT7wszoq9	bookshop-tnc	BookShop TNC Rejected hlnz3zb4	https://webflow.com/templates/html/bookshoptnc-book-website-template
recr29WswwmyMdBhJ	serenite-cms	Serenite CMS Rejected rf3q6psh	https://webflow.com/templates/html/serenitecms-sports-website-template
recr4y8Y1pS95dKsO	lango-language-learning-app-template	Lango Rejected 7i43m4bc	https://webflow.com/templates/html/lango-website-template
recr658TChlTIZPXZ	toothpros	ToothPros Rejected 8we3o853	https://webflow.com/templates/html/toothpros-website-template
recrGOWvrLqilw0Lf	evd-attorney	EVD Attorney Rejected m0nxm0bf	https://webflow.com/templates/html/evdattorney-corporate-website-template
recrGVWOxjRS4Z0xn	wellsync	WellSync	https://webflow.com/templates/html/wellsync-website-template
recrHURC1dCj9BWLP	no-name-design	No Name	https://webflow.com/templates/html/no-name-website-template
recrKxHVSZIXmpnRA	menu-c509dc	DUNE Rejected bnplay1p	https://webflow.com/templates/html/dune-interior-design-website-template
recrLWEuZDpBuk2me	alex-rinaldi	Imprism	https://webflow.com/templates/html/imprism-website-template
recrPvevUyYy2nEFp	averie	Averie	https://webflow.com/templates/html/averie-website-template
recrRJUVMP0908MHN	lifelift	LifeLift Rejected 2na78o04	https://webflow.com/templates/html/lifelift-website-template
recrUFOB7kcu8LxQO	miles-everett	Everett Rejected e8coum40	https://webflow.com/templates/html/everett-website-template
recraspKfJ2fkL6Ca	harmed-wcopilot	Harmed Rejected ziwj1z3f	https://webflow.com/templates/html/harmed-website-template
recreNKJpcykfiaGI	beautivo	Beautivo Rejected hitacs7g	https://webflow.com/templates/html/beautivo-website-template
recrgkIkhPB4YQfwz	zenith-cloud	ZenithCloud Rejected 0qap9p5w	https://webflow.com/templates/html/zenithcloud-website-template
recrhQuehOrW5AUE7	go-beyond-39e610	Go Beyond Rejected 1smrzi0k	https://webflow.com/templates/html/gobeyond-website-template
recrjWuqQ75sU8cug	pure-smile-dental	Pure Smile Dental	https://webflow.com/templates/html/pure-smile-dental-website-template
recrkMPxVtVnkrHYh	leadvia	Leadvia	https://webflow.com/templates/html/leadvia-website-template
recrliB8gTZQFEu1v	maxart-template	MaxArt	https://webflow.com/templates/html/maxart-website-template
recrmiQUTivOgy0YT	ecrotic-template	Ecrotik	https://webflow.com/templates/html/ecrotik-website-template
recrnr166yhU7Pfub	eyelife-ttm	Eyelife Rejected t1s76w6n	https://webflow.com/templates/html/eyelife-website-template
recrroE3Hc9TQQ1Cu	solix-template	Solix	https://webflow.com/templates/html/solix-website-template
recrt0MqAFKYzRLBx	salesfloow-ecommerce	SalesFloow	https://webflow.com/templates/html/salesfloow-website-template
recrujvZhLlQEk0jQ	symphony-photo	Symphony Rejected l0kgtrpl	https://webflow.com/templates/html/symphony-photography-website-template
recrumJk1rJ2Bdve5	mariana-af	Mariana AF	https://webflow.com/templates/html/mariana-af-website-template
recryApG0OONxpoKG	get-planux	Planux – Project Management Template Rejected 65xi9lh7	https://webflow.com/templates/html/planuxprojectmanagementtemplate-website-template
recs0YsMoT8wrHjUU	eatilo	Eatilo	https://webflow.com/templates/html/eatilo-website-template
recs3buENPZyJGzda	virtua-template	VIRTUA Rejected v17hchhs	https://webflow.com/templates/html/virtua-finance-website-template
recs7lvqaIV7xVwsg	dev-agency-template	Hi-Tec Rejected 36cmbfaj	https://webflow.com/templates/html/hitec-agency-website-template
recs9nnPYadmv3wQV	nutrixen	Nutrixen	https://webflow.com/templates/html/nutrixen-website-template
recsCu3VA48yZwv98	kitpro-portner	Portner Rejected n8mei78k	https://webflow.com/templates/html/portner-portfolio-website-template
recsL2WmmKQASWk4Q	g-hive	G-hive Rejected ucnwnk70	https://webflow.com/templates/html/g-hive-website-template
recsRq0lRsdsMbBst	blago-template	Bllago Rejected wrkygy1c	https://webflow.com/templates/html/bllago-blog-website-template
recsTKOU553b5zXhv	olive-bistro	Olivebistro Rejected 0sx7y3ln	https://webflow.com/templates/html/olivebistro-restaurant-website-template
recsVycyHkkLhxsYm	flowperty	Flowperty	https://webflow.com/templates/html/flowperty-website-template
recsX1xAdb5QmTrPv	foxx-folio	Foxx Folio	https://webflow.com/templates/html/foxx-folio-website-template
recsYzeyRhRL1rKYu	architekten-portfolio	Architektur Template Rejected udx2c7in	https://webflow.com/templates/html/architekturtemplate-website-template
recsaFjsh01M6GbXN	air-energy-template	Air X	https://webflow.com/templates/html/air-x-website-template
recseiU98uvBXMFbg	travelhive-template	Coworking Vacations	https://webflow.com/templates/html/coworking-vacations-website-template
recsizBlTfyNSr35v	granite-capital-template	Granite Capital	https://webflow.com/templates/html/granite-capital-website-template
recskgmA6Qx6lpeUX	therapix-cms	Therapix CMS Rejected 32o4sn1y	https://webflow.com/templates/html/therapixcms-therapy-website-template
recsm7k9fdRJxZALx	dentifye	Dentifye Rejected 71mrobk3	https://webflow.com/templates/html/dentifye-website-template
recsmtvSyOdnyEJGL	taskup-site	Taskup.	https://webflow.com/templates/html/taskup-website-template
recsmvpTE8RiuPmme	dentico	Dentico Rejected k1npy5ji	https://webflow.com/templates/html/dentico-one-page-website-template
rect0yD4qhFznzlka	appe-io	Appe.io Rejected b0cp11kp	https://webflow.com/templates/html/appeio-website-template
rect2i2ULQrIuCiVW	expevo-ecom	Expevo	https://webflow.com/templates/html/expevo-website-template
rect5Z4MqWCsurQ5g	verdico-template	Verdico	https://webflow.com/templates/html/verdico-website-template
rect6NvoHExIcKq5f	kate-m-portfolio-website	Kate.M Rejected oqdulrns	https://webflow.com/templates/html/katem-website-template
rect6VXBxsj4HVArT	dcomerce	dkomerce Rejected cmybz9tq	https://webflow.com/templates/html/dkomerce-shop-website-template
rectBLySh5jgyX6LW	logistix-template	Logistix	https://webflow.com/templates/html/logistix-website-template
rectBWVDuUUZbfBw8	inmat	Inmat	https://webflow.com/templates/html/inmat-website-template
rectBXn4HSMaxG8j1	magazinx	magazineY Rejected tgrnqm3s	https://webflow.com/templates/html/magaziney-website-template
rectBqjc6wUwYRnP6	vyntrix-template	Vyntrix	https://webflow.com/templates/html/vyntrix-website-template
rectIUInVgxDO2Adh	fuzepro	FosterPro Rejected 61z6q7bn	https://webflow.com/templates/html/fosterpro-website-template
rectIbH9wlmpT2L95	pioneera-template	Pioneera Rejected qpd8ilze	https://webflow.com/templates/html/pioneera-consulting-website-template
rectK6n6nbTi66PcF	renato-template	Renato Rejected 1c8sa6vp	https://webflow.com/templates/html/renato-restaurant-website-template
rectKKASW1pxEF7ps	henry-arts	Photographer Minimal & Modern Webflow Template Rejected mmluf58f	https://webflow.com/templates/html/photographer-minimal--modern-webflow-template-website-template
rectLaxk7Nm09cmfP	newsletterx	NewsletterX Rejected 13sfhlhj	https://webflow.com/templates/html/newsletterx-newsletter-website-template
rectMK7OgB4a9aIzU	converse-flow	ConverseFlow Rejected 0elyuh7d	https://webflow.com/templates/html/converseflow-landing-page-website-template
rectMLIFuFfuV8M40	aizenn	Aizzen Rejected 8p3qyiyo	https://webflow.com/templates/html/aizzen-website-template
rectNnIGfwfnq6ebI	lotus-flow	Lotusflow	https://webflow.com/templates/html/lotusflow-website-template
rectQ6LKmOzwlHZH4	taco-oasis-template	Taco Oasis Rejected yhvsroah	https://webflow.com/templates/html/taco-oasis-website-template
rectQUnCTyJpU5Cfy	paintprotemplate	PaintPro Rejected 9dzfsn94	https://webflow.com/templates/html/paintpro-website-template
rectTTxar7pWOgubU	newsflow-template	Newsflow Rejected 9ek30fh9	https://webflow.com/templates/html/newsflow-newsletter-website-template
rectYCLZgRObJraZg	paykash	PayKash	https://webflow.com/templates/html/finovia-website-template
rectcEKsN1HrbtFzJ	visual-artist-template	Visual Artist and Photographer Template Rejected cxycrlsb	https://webflow.com/templates/html/visualartistandphotographertemplate-artist-website-template
recte2MSmgEh28zoF	house-haven	House Haven Rejected 0r9wwbyv	https://webflow.com/templates/html/househaven-website-template
recthH84iQGGvs9bX	salesight	SaleSight Rejected t9jp6vnb	https://webflow.com/templates/html/salesight-saas-website-template
rectiylg78z9z2GnV	greenly-webflipin	Greenly Rejected 4bozk0gt	https://webflow.com/templates/html/greenly-website-template
rectkJ8s7P8NKJiAP	zenspace	ZenSpace Studio Rejected sg726052	https://webflow.com/templates/html/zenspacestudio-fitness-website-template
recto2Wo8Nov1tbmP	hvacflow-template	HVACFlow Rejected 1m3hknjg	https://webflow.com/templates/html/hvacflow-website-template
rectsOuIaWe3sKwrz	monoline-template	Monoline Rejected 63hkce38	https://webflow.com/templates/html/monoline-website-template
rectwzt9F1ucuHtoI	simplicity-photography-template	Simplicity photographer template	https://webflow.com/templates/html/simplicity-photographer-template-website-template
rectzlMa2GnzW0ugr	brandflow-template	BrandFlow Rejected 5j68pj33	https://webflow.com/templates/html/brandflow-website-template
recu0CGAEephS0wkP	groves-template	Groves	https://webflow.com/templates/html/groves-website-template
recu16JUybLa9ZMma	glimpsea	Glimpsea Rejected h6gyfd81	https://webflow.com/templates/html/glimpsea-photography-website-template
recu1teepWa7tZ6I2	ledrto	Ledrto	https://webflow.com/templates/html/ledrto-website-template
recu4vbCd44rXrOJG	bloom-landscaping	Bloom Landscaping	https://webflow.com/templates/html/bloom-landscaping-website-template
recu5yIgzAGM6LPKd	urbanbistro	URBAN BISTRO Rejected 7ioxlzik	https://webflow.com/templates/html/urbanbistro-food-&-drink-website-template
recu6imSRsEUaBLuk	earthecho-template	EarthEcho Rejected udcpjcef	https://webflow.com/templates/html/earthecho-charity-website-template
recu7TybITALKNE1a	the-happy-paws	CutePaws Rejected t73hei96	https://webflow.com/templates/html/cutepaws-website-template
recu91gN9YvssnFWY	ecopowers-template	EcoPower Rejected rk59qa9q	https://webflow.com/templates/html/ecopower-website-template
recuCx5AgEuN8mmSr	znis	Znis Rejected 3r75jcad	https://webflow.com/templates/html/znis-portfolio-website-template
recuGFw7XjDmvQxzZ	gexta	Gexta	https://webflow.com/templates/html/gexta-website-template
recuGN1oHVfQWmYHS	rihan-asaya-model	Rihan Asaya Model Template Rejected xspr9a03	https://webflow.com/templates/html/rihanasayamodeltemplate-profile-website-template
recuIOiFLA4vLA8kp	onlyfansx	OnlyFansX Rejected dmzm6xgr	https://webflow.com/templates/html/onlyfansx-agency-website-template
recuIS4nr4S3Qz7Uk	plubaar	Plubar Rejected lw7bkm55	https://webflow.com/templates/html/plubar-website-template
recuKTQ6I4nUJPQGp	avanoai	Avano	https://webflow.com/templates/html/avano-website-template
recuPV3c83oIwz9dY	therapi	Therapi Rejected e35r3isk	https://webflow.com/templates/html/therapi-therapy-website-template
recuQOCZnl6qu5VjH	kenora	Kenora Rejected o80ycm58	https://webflow.com/templates/html/kenora-agency-website-template
recuQU63iilFM8Uq5	sheetlify	Sheetlify	https://webflow.com/templates/html/sheetlify-website-template
recuUl9Q3c9ZlQyvG	artstructure	ArtStructure Rejected ahqvp6p0	https://webflow.com/templates/html/artstructure-website-template
recuUu39pSFOPh1Ce	burgerswap	BurgerSwap Rejected i9rxl7gg	https://webflow.com/templates/html/burgerswap-landing-page-website-template
recuVrJ5IwIeAfeTr	saasential	Saasential Rejected 3xzphwmx	https://webflow.com/templates/html/saasential-saas-website-template
recuXDhkxpKUOUhGM	kepex	Kepex	https://webflow.com/templates/html/kepex-website-template
recubFbRr9kxUs82B	calme-template	Calme Rejected 25p49hmu	https://webflow.com/templates/html/calme-website-template
recufajyFcpzfqCiC	staxy-tm	STAXY TM Rejected pa5583go	https://webflow.com/templates/html/staxy-tm-website-template
recug9uGFnH85wKpT	embrox	Embrox	https://webflow.com/templates/html/embrox-website-template
recuiPykLHnWmMw5f	saasfit	SaaSFit Rejected diijy6cl	https://webflow.com/templates/html/saasfit-saas-website-template
recuiWAM2rWpT4Dp4	alixs-superb-site	PixelShift Agency Rejected teqcun0v	https://webflow.com/templates/html/pixelshiftagency-agency-website-template
recurBU005NaGfNA1	realplus-property	Realplus Property Rejected rav8sp7j	https://webflow.com/templates/html/realplus-property-website-template
recurZIEmOt9swKgY	assistance-template	Assistance Rejected bax0vtuh	https://webflow.com/templates/html/assistance-website-template
recuvumTWwiVOukfB	foodieblog	Foodieblog Rejected 2v2vhkma	https://webflow.com/templates/html/foodieblog-blog-website-template
recuzOBIjjhAohqCv	vestpro	Vestpro	https://webflow.com/templates/html/vestpro-website-template
recv0LsqOadYWr1Na	do-team-webflow-template	Do Team Rejected n3121270	https://webflow.com/templates/html/doteam-agency-website-template
recv211XAriqrscM9	blogitico	Blogitico - Nomad Template Rejected vco4vjk4	https://webflow.com/templates/html/blogitico---nomad-template-website-template
recv4ZiL1bi2P2otX	flavoryflow-template	FlavoryFlow Rejected do4ivokw	https://webflow.com/templates/html/flavoryflow-restaurant-website-template
recv5pLSGj7yB9JKd	roofshield	RoofShield Rejected kwvqd286	https://webflow.com/templates/html/roofshield-website-template
recv9Du1JE7dzB4ro	aditer	Aditer Rejected tyrl2zl7	https://webflow.com/templates/html/aditer-website-template
recvCTnv92csESkiA	glamzy	Glamzy Rejected u64fs14x	https://webflow.com/templates/html/glamzy-website-template
recvErGCKe9GY3pJ5	wission	Wission Rejected oemim2lz	https://webflow.com/templates/html/wission-portfolio-website-template
recvF0J3JeTJyCqjb	vanille-template	Vanille Rejected wao5rio4	https://webflow.com/templates/html/vanille-agency-website-template
recvF4qA3aOJFhmif	mentana-eco	Mentana	https://webflow.com/templates/html/mentana-website-template
recvKQl7ub8YDckRm	cleaner-template	Cleaner Rejected w7khtgfa	https://webflow.com/templates/html/cleaner-small-business-website-template
recvN3ygDbJll277a	floralify	Floralify Rejected 76m4tfqe	https://webflow.com/templates/html/floralify-website-template
recvOJZyQ29f3dDrE	flowup-template	FlowUp Rejected rzhml0t0	https://webflow.com/templates/html/flowup-startup-website-template
recvS0DDzEcfh7wd5	bladez	Bladez	https://webflow.com/templates/html/bladez-website-template
recvWluTzTNZCQRWT	blog-shop	BlogShop Rejected 8cp3e5us	https://webflow.com/templates/html/blogshop-blog-website-template
recvaa7pWPzhkJFBi	jobs-tnc	Jobs TNC Rejected sz3zkm7w	https://webflow.com/templates/html/jobstnc-job-portal-website-template
recvgeqfKd5waNc5V	plumberx	PlumberX Rejected wbfd2izc	https://webflow.com/templates/html/plumberx-business-website-template
recvhTY6YpZqmZWxL	vizume	Vizume Rejected f1xtj6km	https://webflow.com/templates/html/vizume-website-template
recvkukCQG4h5nePW	mr-smith-shots	Mr Smith Shots Rejected 068jq5sn	https://webflow.com/templates/html/mrsmithshots-photography-website-template
recvlkq8tUDydsPMQ	kitpro-krant	Krant	https://webflow.com/templates/html/krant-website-template
recvmLhVZAr2fkJx9	launchpad-d2759d	LaunchPad Landing page Rejected 0z067lqf	https://webflow.com/templates/html/launchpadlandingpage-landing-page-website-template
recvpn9nNhGPD8Pc7	zenzest-saas	ZenZest	https://webflow.com/templates/html/zenzest-website-template
recvrTWXRzlvatDpi	ai-script	AI Script Rejected wwav546h	https://webflow.com/templates/html/aiscript-startup-website-template
recvuaw0iFkLmtBZU	cocktail-x	Cocktail X	https://webflow.com/templates/html/cocktail-x-website-template
recvx1YYcPQNFsCdT	scalex-samirts	Scalex Rejected hpxk1auo	https://webflow.com/templates/html/scalex-website-template
recw1OkwhqOPB3mnl	disrupted-template	Disruptech Rejected 9i8cyn8e	https://webflow.com/templates/html/disruptech-saas-website-template
recw1xNcXI2eNyNNG	minimalistic-grayscale	Minimalistic Grayscale	https://webflow.com/templates/html/minimalistic-grayscale-website-template
recw3NncYD224F7DV	magazinx	MagazineX Rejected i054wr0i	https://webflow.com/templates/html/magazinex-website-template
recw4rVRUKxpM8FpM	preso-flowz	Preso	https://webflow.com/templates/html/preso-website-template
recw6A8dQcm0Rvv0B	nexorin	Nexorin	https://webflow.com/templates/html/nexorin-website-template
recwD0j8pTDmsi1V7	obscuranest	ObscuraNest - Minimal Website Rejected uvs262fw	https://webflow.com/templates/html/obscuranest---minimal-website-website-template
recwH1nSBvDOsS06v	chattybot-templates	ChattyBot Rejected q8ki1aon	https://webflow.com/templates/html/chattybot-saas-website-template
recwK4gCsNTsftnPv	mitti	Mitti Rejected x068goly	https://webflow.com/templates/html/mitti-homeware-website-template
recwObcTADmFEGetz	novarra	Novarra	https://webflow.com/templates/html/novarra-website-template
recwP2NXT4JZSzaRe	consent-studio-cookie-banner	GDPR Cookie Consent Banner | Built in Webflow, leveraging the Consent Studio scanner and API Rejected 887isccz	https://webflow.com/templates/html/gdprcookieconsentbannerbuiltinwebflowleveragingtheconsentstudioscannerandapi-website-template
recwRpwEzDA6lTwB6	handymax	Handymax Rejected 0tkowaa0	https://webflow.com/templates/html/handymax-construction-website-template
recwTY7HYaQ5w3AxM	dish-dream	Dish & Dream Rejected fs3gw7z8	https://webflow.com/templates/html/dish--dream-website-template
recwVgjKLtsq2VVtW	mailvive	Mailvive	https://webflow.com/templates/html/mailvive-website-template
recwWscqriMMun9vv	medsync-care	MedSync	https://webflow.com/templates/html/medsync-website-template
recwX257DSAuSQHyZ	triilo-eco	Trillo	https://webflow.com/templates/html/trillo-website-template
recwXybIT0xsUTABg	jimmy-portfolio-template	Jimmy Rejected kh610zt6	https://webflow.com/templates/html/jimmy-portfolio-website-template
recwY7gLi5K4UazmI	pixo-portfolio	pixo Rejected jnc0f8h1	https://webflow.com/templates/html/pixo-portfolio-website-template
recwYNUh6EMoRBl4E	edukreator	EduKreator Rejected o2kxiloz	https://webflow.com/templates/html/edukreator-website-template
recwbJHx5cyZ5UTV8	monkscrave	Monks Crave Rejected t81upe7f	https://webflow.com/templates/html/monks-crave-website-template
recwgt5ISLQ0yCzYv	krafti	Krafti Rejected q172m8wh	https://webflow.com/templates/html/krafti-website-template
recwjYEbArxI0SHGm	sequencea-webflow-template	Sequencea	https://webflow.com/templates/html/sequencea-website-template
recwk9cQPyFVMzbIi	sophie-lang	Solenne Rejected gjxqsi8i	https://webflow.com/templates/html/solenne-website-template
recwp1G87WpQbRymm	renoza-template	Renoza	https://webflow.com/templates/html/renoza-website-template
recwqbFKOPDTk7lxR	carspa	Carspa Rejected ho5u58fx	https://webflow.com/templates/html/carspa-website-template
recwr1QCi430I8le1	sustainiq	SustainIQ	https://webflow.com/templates/html/sustainiq-website-template
recwsgb0xLzGHlqI5	iz-arc-template	Iz-Arc Rejected qwaknu3s	https://webflow.com/templates/html/izarc-architecture-website-template
recwwOlHWR5aJyw88	taxtactics	Taxtactics Rejected wqc18ekg	https://webflow.com/templates/html/taxtactics-accounting-website-template
recwz4xviLxYW8WYJ	podsy	Podsy Rejected zwwwusj2	https://webflow.com/templates/html/podsy-podcast-website-template
recwzdqwzCpEuKSxC	terradesign	Terradesign Rejected o43r74h4	https://webflow.com/templates/html/terradesign-website-template
recx0XFpkowJWKYij	lunera-template	Lunera Rejected usexgz2a	https://webflow.com/templates/html/lunera-website-template
recx3cfZ5kKiw6Mpd	heatflow-template	HeatFlow	https://webflow.com/templates/html/heatflow-website-template
recx8fWM8gotVNuI3	odentiva	Odentiva	https://webflow.com/templates/html/odentiva-website-template
recxA8hHYCISJcTon	ovo-object-free	Object Light Rejected m3aq1i8s	https://webflow.com/templates/html/object-light-website-template
recxCHrQ0t924AqrD	asign	Gravicapa Rejected 9w6sznx2	https://webflow.com/templates/html/gravicapa-website-template
recxGYmNugXvWWPok	p0ollservice	Pool service Rejected xf35aloq	https://webflow.com/templates/html/poolservice-business-website-template
recxM0QM5TKvKT7aX	freight-transport-services	Road Freight Transportation Rejected khjdh0bm	https://webflow.com/templates/html/roadfreighttransportation-transport-website-template
recxMU4yyLKeo5Bxb	archshift	Arch Shift	https://webflow.com/templates/html/arch-shift-website-template
recxPtZC4rCYR5Igy	photo-lens	PhotoLens Rejected jkz4qouh	https://webflow.com/templates/html/photolens-one-page-website-template
recxS5LLGxjH7EZEl	klyro-theme	Klyro-Theme Rejected 33orxanj	https://webflow.com/templates/html/klyro-theme-website-template
recxSOZGV7iW4aKvs	convention-template	Convention Rejected 9uwu9gfi	https://webflow.com/templates/html/convention-website-template
recxSi7N6FiSK4jXL	new-77a58c	ArchicthureModern	https://webflow.com/templates/html/archicthuremodern-website-template
recxV7ZwYXLurdHed	convene-template	Convene+ Rejected 6b6ijwkp	https://webflow.com/templates/html/convene-website-template
recxXRAqca9PvipsN	the-cheese-club	The Cheese Club Rejected 2786b2eg	https://webflow.com/templates/html/thecheeseclub-food-website-template
recxeHOudC21RY4Fo	vibex	Vibex	https://webflow.com/templates/html/vibex-website-template
recxeaaOhlp8nkSbH	boothflow	Boothflow	https://webflow.com/templates/html/boothflow-website-template
recxjXmiOwGHYgfyM	nutria-pq	Nutria Rejected 4rjcnfk7	https://webflow.com/templates/html/nutria-website-template
recxnmnkDITRKjW41	ecorio	EcoRio Rejected 2xceyywu	https://webflow.com/templates/html/ecorio-website-template
recxos6z5pwatd1V6	brettjohnson	Brettjohnson Rejected wkuc4wcf	https://webflow.com/templates/html/brettjohnson-website-template
recxvJ1IISpVYAT3n	hyperbit-ecom	Hyperbit	https://webflow.com/templates/html/hyperbit-website-template
recxydNMnlrIboG4j	vizt	Vizt	https://webflow.com/templates/html/vizt-website-template
recxzLa2SAL4A7bls	cryptowalt-wbs	Cryptowalt Rejected irlrnkec	https://webflow.com/templates/html/cryptowalt-website-template
recy0axnQjalytvCA	praxis-pro	Praxis Pro Rejected brviw9nw	https://webflow.com/templates/html/praxis-pro-website-template
recy28Q24SzPSq079	dream-4f512c	Dream7	https://webflow.com/templates/html/dream7-website-template
recy2c8MVOnrOkLNL	ballplay	BallPlay Rejected bao1rzc8	https://webflow.com/templates/html/ballplay-soccer-website-template
recy31yvWaNCmjf03	academiya	Academiya Rejected xeiu36cg	https://webflow.com/templates/html/academiya-education-website-template
recy3Vw4c38nTh26I	artura-template	Artura	https://webflow.com/templates/html/artura-website-template
recy5i006gJ6eCYHM	consilo99	Consilo99 Rejected 4c6xclcr	https://webflow.com/templates/html/consilo99-website-template
recy7Czw5IiNrZKru	medinovas	Medinova Rejected w4j4donx	https://webflow.com/templates/html/medinova-website-template
recy8593SSpF7Nef6	homeplus-eco	Homeplus	https://webflow.com/templates/html/homeplus-website-template
recy8Er1BW7tHTX7J	innerside	INNERSIDE Rejected gwq3c9gq	https://webflow.com/templates/html/innerside-interior-design-website-template
recyANvTr3fbR76Gx	automata-template	Automata	https://webflow.com/templates/html/automata-website-template
recyAlUwCyWXARsNV	sazyft	Sazyft	https://webflow.com/templates/html/sazyft-website-template
recyG7vy0HyedOPK3	odeezy	Odeezy Rejected ntegepl3	https://webflow.com/templates/html/odeezy-website-template
recyIPxpikeJAYlff	glosiva	Glosiva	https://webflow.com/templates/html/glosiva-website-template
recyK3zqnpEMi0P1s	ledger-template	Ledger Rejected 1bla03jk	https://webflow.com/templates/html/ledger-accounting-website-template
recyNDyq90KP97lCA	first-template-f01d8d	Pure Minimalism	https://webflow.com/templates/html/pure-minimalism-website-template
recyOjIF0GT8lChDj	toptalent-enterprise	TopTalent Rejected zaqqs072	https://webflow.com/templates/html/toptalent-website-template
recyPJ5O8S4RfuSn5	caseystonefolio	Casey Folio Rejected nwlru0e0	https://webflow.com/templates/html/caseyfolio-photography-&-video-website-template
recyRXihNf0J0C25j	getun	Getun Rejected hqez1pyn	https://webflow.com/templates/html/getun-website-template
recyRoztGxAYR5jWi	saasential	Saasential Pro Rejected 3jxoedqj	https://webflow.com/templates/html/saasentialpro-website-template
recySMdeHai21UrYe	pivotacy	Pivotacy Rejected pcclinwx	https://webflow.com/templates/html/pivotacy-saas-website-template
recySRZjhByojBvp4	web-template-one	Web Lander Rejected ed7l5d6x	https://webflow.com/templates/html/weblander-website-template
recyUUlCZYhLwjpv6	lattee	Lattee	https://webflow.com/templates/html/lattee-website-template
recyVoiaL10KRb3vu	circel	Circel	https://webflow.com/templates/html/circel-website-template
recyX7T1kESpd9l5P	az-petra	Petra Rejected iwmmyws2	https://webflow.com/templates/html/petra-website-template
recyZBKzdY4etf4lJ	jojo-de23b7	Jojo Rejected 078uc98q	https://webflow.com/templates/html/jojo-business-website-template
recybBAKzBEgbN21W	techpixel	TechPixel Rejected vqf4bz66	https://webflow.com/templates/html/techpixel-website-template
recyf7VRbGCuw6h20	buildra	Buildra Rejected o3ffabdt	https://webflow.com/templates/html/buildra-construction-website-template
recygsXaOxNMgqNDk	royalste	Royalste	https://webflow.com/templates/html/royalste-website-template
recyh2clJHgzRxdfB	mi-benton	Benton Rejected 6pramnzx	https://webflow.com/templates/html/benton-website-template
recyi4z0v9P4ZrkOF	voltix-eco	Voltix	https://webflow.com/templates/html/voltix-ecom-website-template
recyk4dwP8CRZ4l55	truefix	TrueFix	https://webflow.com/templates/html/truefix-website-template
recykHM4zo99okvOf	furhaven	FurHaven Rejected qwpn5gts	https://webflow.com/templates/html/furhaven-website-template
recynHWIpJc6oJVku	az-launchyx	Launchyx	https://webflow.com/templates/html/launchyx-website-template
recytFfYFHfqXlQz2	carelytics-pedia	Carelytics	https://webflow.com/templates/html/carelytics-website-template
recytIXUxT6I9yV3T	orthopedic-wbs	Orthopedic Rejected cnce9nje	https://webflow.com/templates/html/orthopedic-website-template
recyvy3JZOIrRqka5	wellfood	Wellfood Rejected o7j2o96r	https://webflow.com/templates/html/wellfood-website-template
recywDiy1pO1UyuX9	consilo99	consilo Rejected es9nwc62	https://webflow.com/templates/html/consilo-website-template
recyxmDAO81wIr1b1	bloggy-templates	Bloggy Rejected 62rj6334	https://webflow.com/templates/html/bloggy-website-template
recz05rC0hFbgbryH	wildpath	WildPath	https://webflow.com/templates/html/wildpath-website-template
recz3YGHuDaxtM1nr	enerlux	Enerlux Rejected j27esgwy	https://webflow.com/templates/html/enerlux-website-template
recz7kP4iqrZQE55Y	sophie-lang	Solenne	https://webflow.com/templates/html/solenne-website-template
recz8TnszVATIuuAl	heirlom	Heirlom	https://webflow.com/templates/html/heirlom-website-template
recz8bma7TQCvPRPo	estro-template	Estro X	https://webflow.com/templates/html/estro-x-website-template
recz9GBf2iYRwpwON	dashbio	Dashbio	https://webflow.com/templates/html/dashbio-website-template
reczAp7yz8Td8lGRd	buildeck	Build Deck Rejected p4o9hl6t	https://webflow.com/templates/html/build-deck-website-template
reczCAYIqCI1yoHZu	fitbody-template	FITBODY Rejected o0jmy5zi	https://webflow.com/templates/html/fitbody-one-page-website-template
reczCNb8kxgqmKfH1	amoontm	Amoon	https://webflow.com/templates/html/amoon-website-template
reczCS614f48SP2YU	delizio	Delizio Rejected tfh2jfyf	https://webflow.com/templates/html/delizio-website-template
reczCinbY4XSVIzt7	coinzy-crypto	Coinzy	https://webflow.com/templates/html/coinzy-website-template
reczDQwk6b7eSgwYf	kitpro-finovate	Finovate Rejected sgf6qg7i	https://webflow.com/templates/html/finovate-website-template
reczDXsFny4IPeCxT	sun-pro	Sun Pro Rejected cxzj1eot	https://webflow.com/templates/html/sun-pro-website-template
reczHiiy2gqr9IKKt	eduzinx	Eduzinx	https://webflow.com/templates/html/eduzinx-website-template
reczOGdU7rtxgU0bK	vizasta	Vizasta	https://webflow.com/templates/html/vizasta-website-template
reczRfgKQ7H1gYf8Y	zara-template	Zara	https://webflow.com/templates/html/zara-website-template
reczSx6Zwb9SvnQFn	duo-template	duo Rejected m6km3dqc	https://webflow.com/templates/html/duo-startup-website-template
reczWKvCT9BIYxyeU	dean-brooks	Dean & Brooks	https://webflow.com/templates/html/dean--brooks-website-template
reczXW3Io8LDQv0u5	entcenter	ENTcenter Rejected 9773yr79	https://webflow.com/templates/html/entcenter-website-template
reczXYha7p0hm6vvv	glowme-template	Glowme	https://webflow.com/templates/html/glowme-website-template
reczbwCcfX2ArE2ZW	vaultify	Vaultify Rejected b3vih11w	https://webflow.com/templates/html/vaultify-bank-website-template
reczcLD6FFwk7WC4U	menu-c509dc	DECOR Rejected vrs7xmjl	https://webflow.com/templates/html/decor-interior-design-website-template
reczcwSZNkONlB9IH	maggzy	Magzyy Rejected atsuw0o4	https://webflow.com/templates/html/magzyy-blog-website-template
reczdeEpJkOYVCvaC	lovecare-template	Love Care Rejected 6r5dsy3p	https://webflow.com/templates/html/lovecare-website-template
reczfYgJETDEzbVLs	resumatecv	ResuMate	https://webflow.com/templates/html/resumate-website-template
reczgtfdnZRIXNd58	podhub-webflipin	Podhub Rejected 19tbfrsa	https://webflow.com/templates/html/podhub-website-template
reczhKMM1h3xjSz8p	bareflow	Bareflow Rejected ad0k6fyp	https://webflow.com/templates/html/bareflow-website-template
recziPxlVmhxo0eu5	menu-c509dc	Interflow Rejected 9t7o5lle	https://webflow.com/templates/html/interflow-interior-design-website-template
recznJosh1gQLQqBa	floraglow	FloraGlow Rejected 3fb2kfsm	https://webflow.com/templates/html/floraglow-website-template
recznkQiTwixX6Hwx	kiduzu	Kiduz Rejected q1smgbpo	https://webflow.com/templates/html/kiduz-website-template
reczoXlzkr9cRdV7w	consultrise	ConsultRise Rejected g2plrthw	https://webflow.com/templates/html/consultrise-consulting-website-template
reczqWMatbu6I1sJh	cloudora-wbs	Cloudora Rejected bjl0s3d8	https://webflow.com/templates/html/cloudora-website-template
recztQdqlVAlvoG9u	b2bappointments-2725ef	B2Bappointments Rejected 4i8ij0f7	https://webflow.com/templates/html/b2bappointments-website-template
reczufGWcvslfFm2I	lawes	Lawes	https://webflow.com/templates/html/lawes-website-template
reczy8HS2TYMLJiP5	skinura-temaplate	Skinura	https://webflow.com/templates/html/skinura-website-template
reczzI661mvWMZKmA	innerjoy	Innerjoy Rejected 92woukbh	https://webflow.com/templates/html/innerjoy-website-template
