
> @create-something/agency@1.0.0 build /Users/micahjohnson/Code/csm-worktrees/cre-2154-agency-public/packages/agency
> pnpm prepare:build-dir && pnpm prepare:local-deps && node ./scripts/run-pinned-bin.mjs @sveltejs/kit svelte-kit sync && node ./scripts/run-pinned-bin.mjs vite vite build


> @create-something/agency@1.0.0 prepare:build-dir /Users/micahjohnson/Code/csm-worktrees/cre-2154-agency-public/packages/agency
> node ./scripts/prepare-build-dir.mjs


> @create-something/agency@1.0.0 prepare:local-deps /Users/micahjohnson/Code/csm-worktrees/cre-2154-agency-public/packages/agency
> node ./scripts/prepare-local-deps.mjs


> @create-something/tufte@1.0.0 package /Users/micahjohnson/Code/csm-worktrees/cre-2154-agency-public/packages/tufte
> svelte-kit sync && svelte-package && publint

src/lib -> dist
Running publint v0.3.17 for @create-something/tufte...
Packing files with `pnpm pack`...
Linting...
All good!

> @create-something/canon@0.1.0 package /Users/micahjohnson/Code/csm-worktrees/cre-2154-agency-public/packages/canon
> pnpm clean:package-tmp && svelte-kit sync && svelte-package && publint


> @create-something/canon@0.1.0 clean:package-tmp /Users/micahjohnson/Code/csm-worktrees/cre-2154-agency-public/packages/canon
> node -e "const fs=require('fs'); fs.rmSync('.svelte-kit/__package__',{recursive:true,force:true}); fs.rmSync('.svelte-kit/__package_types_tmp__',{recursive:true,force:true});"

src/lib -> dist
Running publint v0.3.17 for @create-something/canon...
Packing files with `pnpm pack`...
Linting...
All good!
vite v7.3.6 building ssr environment for production...
transforming...
Browserslist: browsers data (caniuse-lite) is 8 months old. Please run:
  npx update-browserslist-db@latest
  Why you should do it regularly: https://github.com/browserslist/update-db#readme
✓ 5329 modules transformed.
rendering chunks...
vite v7.3.6 building client environment for production...
transforming...
✓ 5098 modules transformed.
rendering chunks...
computing gzip size...
.svelte-kit/output/client/_app/version.json                                                               0.03 kB │ gzip:   0.05 kB
.svelte-kit/output/client/_app/immutable/assets/geist-cyrillic-ext-wght-normal.DjL33-gN.woff2             7.42 kB
.svelte-kit/output/client/_app/immutable/assets/IBMPlexMono-Thin-Latin3.DAv1Z5b4.woff2                    7.68 kB
.svelte-kit/output/client/_app/immutable/assets/IBMPlexMono-Regular-Latin3.BrX4nofu.woff2                 7.73 kB
.svelte-kit/output/client/_app/immutable/assets/IBMPlexMono-Light-Latin3.DeeZ65nR.woff2                   7.81 kB
.svelte-kit/output/client/_app/immutable/assets/IBMPlexMono-ExtraLight-Latin3.C7J5WfG1.woff2              7.86 kB
.svelte-kit/output/client/_app/immutable/assets/IBMPlexMono-Text-Latin3.D_8sxspG.woff2                    7.86 kB
.svelte-kit/output/client/_app/immutable/assets/IBMPlexMono-Medium-Latin3.Bd57ntsq.woff2                  7.89 kB
.svelte-kit/output/client/_app/immutable/assets/IBMPlexMono-Bold-Latin3.DLYjkMRq.woff2                    7.91 kB
.svelte-kit/output/client/_app/immutable/assets/geist-vietnamese-wght-normal.6IgcOCM7.woff2               8.00 kB
.svelte-kit/output/client/_app/immutable/assets/IBMPlexMono-SemiBold-Latin3.2Eg7xYje.woff2                8.02 kB
.svelte-kit/output/client/_app/immutable/assets/IBMPlexMono-ThinItalic-Latin3.CJh-Az1u.woff2              8.29 kB
.svelte-kit/output/client/_app/immutable/assets/IBMPlexMono-Italic-Latin3.Dgp_SBAM.woff2                  8.36 kB
.svelte-kit/output/client/_app/immutable/assets/IBMPlexMono-LightItalic-Latin3.CmTn9aVp.woff2             8.40 kB
.svelte-kit/output/client/_app/immutable/assets/IBMPlexMono-MediumItalic-Latin3.19rH15jv.woff2            8.48 kB
.svelte-kit/output/client/_app/immutable/assets/IBMPlexMono-BoldItalic-Latin3.DNrp-adb.woff2              8.49 kB
.svelte-kit/output/client/_app/immutable/assets/IBMPlexMono-SemiBoldItalic-Latin3.CuLfDuD9.woff2          8.57 kB
.svelte-kit/output/client/_app/immutable/assets/IBMPlexMono-ExtraLightItalic-Latin3.L3si7gIL.woff2        8.58 kB
.svelte-kit/output/client/_app/immutable/assets/IBMPlexMono-TextItalic-Latin3.CqkyP8lQ.woff2              8.68 kB
.svelte-kit/output/client/_app/immutable/assets/IBMPlexMono-Regular-Latin2.Cb0PcqQ4.woff2                13.26 kB
.svelte-kit/output/client/_app/immutable/assets/IBMPlexMono-Bold-Latin2.Dho27z77.woff2                   13.33 kB
.svelte-kit/output/client/_app/immutable/assets/IBMPlexMono-Text-Latin2.ShWXGCED.woff2                   13.33 kB
.svelte-kit/output/client/_app/immutable/assets/IBMPlexMono-Light-Latin2.BGIncM7V.woff2                  13.38 kB
.svelte-kit/output/client/_app/immutable/assets/IBMPlexMono-Thin-Latin2.BWPEsuAE.woff2                   13.38 kB
.svelte-kit/output/client/_app/immutable/assets/IBMPlexMono-Medium-Latin2.gp7etG-t.woff2                 13.42 kB
.svelte-kit/output/client/_app/immutable/assets/IBMPlexMono-ExtraLight-Latin2.CrTIG4w-.woff2             13.52 kB
.svelte-kit/output/client/_app/immutable/assets/IBMPlexMono-SemiBold-Latin2.BQ5dFssM.woff2               13.56 kB
.svelte-kit/output/client/_app/immutable/assets/IBMPlexMono-Thin-Pi.CxqKyPhl.woff2                       13.70 kB
.svelte-kit/output/client/_app/immutable/assets/IBMPlexMono-Light-Pi.CpwfY5jx.woff2                      13.73 kB
.svelte-kit/output/client/_app/immutable/assets/IBMPlexMono-ExtraLight-Pi.UprV9L3d.woff2                 13.73 kB
.svelte-kit/output/client/_app/immutable/assets/IBMPlexMono-Text-Pi.BPLmhQaf.woff2                       13.76 kB
.svelte-kit/output/client/_app/immutable/assets/IBMPlexMono-Regular-Pi.DnS9d3y-.woff2                    13.78 kB
.svelte-kit/output/client/_app/immutable/assets/IBMPlexMono-SemiBold-Pi.ITbxIV3a.woff2                   13.87 kB
.svelte-kit/output/client/_app/immutable/assets/IBMPlexMono-Bold-Pi.kFOx5ga1.woff2                       13.89 kB
.svelte-kit/output/client/_app/immutable/assets/IBMPlexMono-Medium-Pi.DRW9LeM2.woff2                     13.97 kB
.svelte-kit/output/client/_app/immutable/assets/IBMPlexMono-LightItalic-Pi.OHqUBl3S.woff2                14.08 kB
.svelte-kit/output/client/_app/immutable/assets/IBMPlexMono-ThinItalic-Pi.DzZInFKf.woff2                 14.10 kB
.svelte-kit/output/client/_app/immutable/assets/IBMPlexMono-ExtraLightItalic-Pi.UFBqTY0J.woff2           14.17 kB
.svelte-kit/output/client/_app/immutable/assets/IBMPlexMono-Italic-Pi.BUfxjWis.woff2                     14.22 kB
.svelte-kit/output/client/_app/immutable/assets/IBMPlexMono-SemiBoldItalic-Pi.37JA0ocu.woff2             14.24 kB
.svelte-kit/output/client/_app/immutable/assets/IBMPlexMono-BoldItalic-Pi.BH2Ui7wI.woff2                 14.27 kB
.svelte-kit/output/client/_app/immutable/assets/IBMPlexMono-ThinItalic-Latin2.DnKxfEbs.woff2             14.29 kB
.svelte-kit/output/client/_app/immutable/assets/IBMPlexMono-MediumItalic-Pi.D7emmsUE.woff2               14.34 kB
.svelte-kit/output/client/_app/immutable/assets/IBMPlexMono-TextItalic-Pi.BR5XoeBB.woff2                 14.36 kB
.svelte-kit/output/client/_app/immutable/assets/IBMPlexMono-BoldItalic-Latin2.FvEHyLJV.woff2             14.40 kB
.svelte-kit/output/client/_app/immutable/assets/IBMPlexMono-LightItalic-Latin2.DqoQ2YE0.woff2            14.42 kB
.svelte-kit/output/client/_app/immutable/assets/IBMPlexMono-Italic-Latin2.CSgamFg4.woff2                 14.49 kB
.svelte-kit/output/client/_app/immutable/assets/IBMPlexMono-MediumItalic-Latin2.VlnwsWfn.woff2           14.53 kB
.svelte-kit/output/client/_app/immutable/assets/IBMPlexMono-SemiBoldItalic-Latin2.CK0U9G85.woff2         14.60 kB
.svelte-kit/output/client/_app/immutable/assets/IBMPlexMono-ExtraLightItalic-Latin2.BVxD15OM.woff2       14.60 kB
.svelte-kit/output/client/_app/immutable/assets/IBMPlexMono-TextItalic-Latin2.Bym8FyV6.woff2             14.67 kB
.svelte-kit/output/client/_app/immutable/assets/geist-cyrillic-wght-normal.BEAKL7Jp.woff2                15.08 kB
.svelte-kit/output/client/_app/immutable/assets/IBMPlexMono-Light-Cyrillic.RLOopA9Y.woff2                15.68 kB
.svelte-kit/output/client/_app/immutable/assets/IBMPlexMono-ExtraLight-Cyrillic.6aYMFGIE.woff2           15.68 kB
.svelte-kit/output/client/_app/immutable/assets/IBMPlexMono-Regular-Cyrillic.ot_SLfK9.woff2              15.78 kB
.svelte-kit/output/client/_app/immutable/assets/IBMPlexMono-Thin-Cyrillic.iDd5FBVN.woff2                 15.78 kB
.svelte-kit/output/client/_app/immutable/assets/IBMPlexMono-Text-Cyrillic.k8eS17zg.woff2                 15.88 kB
.svelte-kit/output/client/_app/immutable/assets/IBMPlexMono-Medium-Cyrillic.CJGzSE0H.woff2               16.08 kB
.svelte-kit/output/client/_app/immutable/assets/IBMPlexMono-Bold-Cyrillic.BvbfxNjc.woff2                 16.18 kB
.svelte-kit/output/client/_app/immutable/assets/IBMPlexMono-SemiBold-Cyrillic.DwtzR7Oo.woff2             16.26 kB
.svelte-kit/output/client/_app/immutable/assets/geist-latin-ext-wght-normal.DC-KSUi6.woff2               16.51 kB
.svelte-kit/output/client/_app/immutable/assets/IBMPlexMono-Light-Latin1.DzdFFbkx.woff2                  17.50 kB
.svelte-kit/output/client/_app/immutable/assets/IBMPlexMono-Regular-Latin1.DYPusg7z.woff2                17.54 kB
.svelte-kit/output/client/_app/immutable/assets/IBMPlexMono-Thin-Latin1.C6bdV97w.woff2                   17.67 kB
.svelte-kit/output/client/_app/immutable/assets/IBMPlexMono-ThinItalic-Cyrillic.mjxvdwQZ.woff2           17.71 kB
.svelte-kit/output/client/_app/immutable/assets/IBMPlexMono-ExtraLight-Latin1.BxVdpZDw.woff2             17.72 kB
.svelte-kit/output/client/_app/immutable/assets/IBMPlexMono-Text-Latin1.B0BWY6Xb.woff2                   17.80 kB
.svelte-kit/output/client/_app/immutable/assets/IBMPlexMono-BoldItalic-Cyrillic.CqQlYNCS.woff2           17.84 kB
.svelte-kit/output/client/_app/immutable/assets/IBMPlexMono-ExtraLightItalic-Cyrillic.7FiaOQbW.woff2     17.85 kB
.svelte-kit/output/client/_app/immutable/assets/IBMPlexMono-Bold-Latin1.C5HY_HY3.woff2                   17.86 kB
.svelte-kit/output/client/_app/immutable/assets/IBMPlexMono-Medium-Latin1.CfBEoGIJ.woff2                 17.87 kB
.svelte-kit/output/client/_app/immutable/assets/IBMPlexMono-SemiBold-Latin1.ChfWfxA6.woff2               17.87 kB
.svelte-kit/output/client/_app/immutable/assets/IBMPlexMono-Italic-Cyrillic.CgMbbCoP.woff2               17.90 kB
.svelte-kit/output/client/_app/immutable/assets/IBMPlexMono-LightItalic-Cyrillic.Cej7Gceo.woff2          18.28 kB
.svelte-kit/output/client/_app/immutable/assets/IBMPlexMono-TextItalic-Cyrillic.BX6QR-6B.woff2           18.34 kB
.svelte-kit/output/client/_app/immutable/assets/IBMPlexMono-SemiBoldItalic-Cyrillic.BvyQDf9b.woff2       18.52 kB
.svelte-kit/output/client/_app/immutable/assets/IBMPlexMono-MediumItalic-Cyrillic.CP5h94YZ.woff2         18.56 kB
.svelte-kit/output/client/_app/immutable/assets/IBMPlexMono-ThinItalic-Latin1.CXRZU_5a.woff2             19.14 kB
.svelte-kit/output/client/_app/immutable/assets/IBMPlexMono-LightItalic-Latin1.CU8o0Z9T.woff2            19.45 kB
.svelte-kit/output/client/_app/immutable/assets/IBMPlexMono-MediumItalic-Latin1.ClfB6kq1.woff2           19.52 kB
.svelte-kit/output/client/_app/immutable/assets/IBMPlexMono-Italic-Latin1.DumHjrix.woff2                 19.56 kB
.svelte-kit/output/client/_app/immutable/assets/IBMPlexMono-ExtraLightItalic-Latin1.C5jo1tyI.woff2       19.56 kB
.svelte-kit/output/client/_app/immutable/assets/IBMPlexMono-BoldItalic-Latin1.CggmYOW2.woff2             19.68 kB
.svelte-kit/output/client/_app/immutable/assets/IBMPlexMono-SemiBoldItalic-Latin1.DPYDqADl.woff2         19.73 kB
.svelte-kit/output/client/_app/immutable/assets/IBMPlexMono-TextItalic-Latin1.BL_cfs4H.woff2             20.16 kB
.svelte-kit/output/client/_app/immutable/assets/geist-latin-wght-normal.BgDaEnEv.woff2                   29.40 kB
.svelte-kit/output/client/_app/immutable/assets/IBMPlexMono-Regular.Du0PCiXT.woff2                       49.25 kB
.svelte-kit/output/client/_app/immutable/assets/IBMPlexMono-Thin.CKjYoFzv.woff2                          49.26 kB
.svelte-kit/output/client/_app/immutable/assets/IBMPlexMono-Light.B9oHfaG6.woff2                         49.38 kB
.svelte-kit/output/client/_app/immutable/assets/IBMPlexMono-ExtraLight.rMU7C3K1.woff2                    49.52 kB
.svelte-kit/output/client/_app/immutable/assets/IBMPlexMono-Text.Cnw96hTY.woff2                          49.83 kB
.svelte-kit/output/client/_app/immutable/assets/IBMPlexMono-Bold.DlFXw90w.woff2                          50.38 kB
.svelte-kit/output/client/_app/immutable/assets/IBMPlexMono-Medium.CiYsa3y2.woff2                        50.40 kB
.svelte-kit/output/client/_app/immutable/assets/IBMPlexMono-SemiBold.CT2p8cOJ.woff2                      50.60 kB
.svelte-kit/output/client/_app/immutable/assets/IBMPlexMono-ThinItalic.CcGD6vbl.woff2                    52.56 kB
.svelte-kit/output/client/_app/immutable/assets/IBMPlexMono-Italic.DBOsyln_.woff2                        53.41 kB
.svelte-kit/output/client/_app/immutable/assets/IBMPlexMono-ExtraLightItalic.Cj9DVDbm.woff2              53.62 kB
.svelte-kit/output/client/_app/immutable/assets/IBMPlexMono-LightItalic.DrzELyzo.woff2                   53.92 kB
.svelte-kit/output/client/_app/immutable/assets/IBMPlexMono-BoldItalic.Dky75mrl.woff2                    54.03 kB
.svelte-kit/output/client/_app/immutable/assets/IBMPlexMono-SemiBoldItalic.DQs1jnj9.woff2                54.78 kB
.svelte-kit/output/client/_app/immutable/assets/IBMPlexMono-MediumItalic.D_E_726K.woff2                  54.87 kB
.svelte-kit/output/client/_app/immutable/assets/IBMPlexMono-TextItalic.B8OEpNpR.woff2                    55.12 kB
.svelte-kit/output/client/_app/immutable/assets/learn-learning-sequence-mobile.h78k_NhL.webp             63.88 kB
.svelte-kit/output/client/_app/immutable/assets/IBMPlexMono-Regular.BT_fvlmi.woff                        66.92 kB
.svelte-kit/output/client/_app/immutable/assets/IBMPlexMono-Light.DgGarg8W.woff                          67.07 kB
.svelte-kit/output/client/_app/immutable/assets/IBMPlexMono-Thin.y112RicE.woff                           67.30 kB
.svelte-kit/output/client/_app/immutable/assets/IBMPlexMono-ExtraLight.BBrRIFOT.woff                     67.42 kB
.svelte-kit/output/client/_app/immutable/assets/IBMPlexMono-Text.C6_5FGa-.woff                           67.67 kB
.svelte-kit/output/client/_app/immutable/assets/IBMPlexMono-Medium.C6XL8Tby.woff                         68.35 kB
.svelte-kit/output/client/_app/immutable/assets/IBMPlexMono-Bold.LMUabaha.woff                           68.36 kB
.svelte-kit/output/client/_app/immutable/assets/IBMPlexMono-SemiBold.DUd5Lb-J.woff                       68.54 kB
.svelte-kit/output/client/_app/immutable/assets/IBMPlexMono-ThinItalic.0J43G1-w.woff                     72.14 kB
.svelte-kit/output/client/_app/immutable/assets/IBMPlexMono-Italic.07tgdJ0D.woff                         72.70 kB
.svelte-kit/output/client/_app/immutable/assets/IBMPlexMono-ExtraLightItalic.BEj76emJ.woff               73.16 kB
.svelte-kit/output/client/_app/immutable/assets/IBMPlexMono-BoldItalic.Rv_Zjz07.woff                     73.20 kB
.svelte-kit/output/client/_app/immutable/assets/IBMPlexMono-LightItalic.C6m2TMRi.woff                    73.27 kB
.svelte-kit/output/client/_app/immutable/assets/IBMPlexMono-SemiBoldItalic.8q5LFFqn.woff                 74.07 kB
.svelte-kit/output/client/_app/immutable/assets/IBMPlexMono-MediumItalic.D0qZLTUZ.woff                   74.07 kB
.svelte-kit/output/client/_app/immutable/assets/IBMPlexMono-TextItalic.oMoqcpB1.woff                     74.32 kB
.svelte-kit/output/client/_app/immutable/assets/ltd-source-standard.Ce1KUTCu.webp                        87.05 kB
.svelte-kit/output/client/_app/immutable/assets/ltd-source-standard-mobile.D755ub45.webp                 91.90 kB
.svelte-kit/output/client/_app/immutable/assets/space-pressure-prototype-mobile.Btr4zGH0.webp            99.23 kB
.svelte-kit/output/client/_app/immutable/assets/io-research-trace-mobile.BRxFQ_bu.webp                  111.75 kB
.svelte-kit/output/client/.vite/manifest.json                                                           126.03 kB │ gzip:  10.76 kB
.svelte-kit/output/client/_app/immutable/assets/space-pressure-prototype.BBjXezpz.webp                  129.63 kB
.svelte-kit/output/client/_app/immutable/assets/learn-learning-sequence.EQgIGlLQ.webp                   134.98 kB
.svelte-kit/output/client/_app/immutable/assets/io-research-trace.DWBJNbM3.webp                         151.00 kB
.svelte-kit/output/client/_app/immutable/assets/35.C_I2V-Bg.css                                           0.13 kB │ gzip:   0.13 kB
.svelte-kit/output/client/_app/immutable/assets/52.B7leVVX5.css                                           0.13 kB │ gzip:   0.12 kB
.svelte-kit/output/client/_app/immutable/assets/30.LfVgQAOn.css                                           0.15 kB │ gzip:   0.14 kB
.svelte-kit/output/client/_app/immutable/assets/82.By0H08a1.css                                           0.31 kB │ gzip:   0.18 kB
.svelte-kit/output/client/_app/immutable/assets/TechnicalReviewVisual.BMyUH_4z.css                        0.62 kB │ gzip:   0.31 kB
.svelte-kit/output/client/_app/immutable/assets/23.FGU-ZFbI.css                                           0.74 kB │ gzip:   0.34 kB
.svelte-kit/output/client/_app/immutable/assets/31.DVLUSMbx.css                                           0.83 kB │ gzip:   0.38 kB
.svelte-kit/output/client/_app/immutable/assets/GovernanceProductPage.lQ536m2u.css                        0.91 kB │ gzip:   0.41 kB
.svelte-kit/output/client/_app/immutable/assets/18.C6WtNBzj.css                                           1.25 kB │ gzip:   0.48 kB
.svelte-kit/output/client/_app/immutable/assets/75.Br_D80P9.css                                           1.36 kB │ gzip:   0.52 kB
.svelte-kit/output/client/_app/immutable/assets/16.CePc-9yk.css                                           1.36 kB │ gzip:   0.51 kB
.svelte-kit/output/client/_app/immutable/assets/14.DspWCiQ5.css                                           1.37 kB │ gzip:   0.54 kB
.svelte-kit/output/client/_app/immutable/assets/highIntentSearch.BSgRT5st.css                             1.41 kB │ gzip:   0.55 kB
.svelte-kit/output/client/_app/immutable/assets/AgencyLegalContent.DBYwZaZf.css                           1.42 kB │ gzip:   0.43 kB
.svelte-kit/output/client/_app/immutable/assets/55.tuYuS2XU.css                                           1.48 kB │ gzip:   0.52 kB
.svelte-kit/output/client/_app/immutable/assets/56.Cc1H6_99.css                                           1.56 kB │ gzip:   0.56 kB
.svelte-kit/output/client/_app/immutable/assets/Card.ByVhCD8e.css                                         1.63 kB │ gzip:   0.44 kB
.svelte-kit/output/client/_app/immutable/assets/74.lB6FjHUl.css                                           1.73 kB │ gzip:   0.58 kB
.svelte-kit/output/client/_app/immutable/assets/ArticleVisualFigure.YTiHYNE7.css                          1.74 kB │ gzip:   0.62 kB
.svelte-kit/output/client/_app/immutable/assets/59.Btt8haJl.css                                           1.77 kB │ gzip:   0.62 kB
.svelte-kit/output/client/_app/immutable/assets/37.CvXDvqcm.css                                           1.88 kB │ gzip:   0.60 kB
.svelte-kit/output/client/_app/immutable/assets/Button.CxQxHXCx.css                                       1.91 kB │ gzip:   0.52 kB
.svelte-kit/output/client/_app/immutable/assets/15.C_qjLr7B.css                                           2.51 kB │ gzip:   0.69 kB
.svelte-kit/output/client/_app/immutable/assets/ClearProofStrip.vFEjswWc.css                              2.54 kB │ gzip:   0.78 kB
.svelte-kit/output/client/_app/immutable/assets/80.BT0HXCSf.css                                           2.54 kB │ gzip:   0.55 kB
.svelte-kit/output/client/_app/immutable/assets/13.DtmTdQ71.css                                           2.56 kB │ gzip:   0.76 kB
.svelte-kit/output/client/_app/immutable/assets/19.BSTnTHv7.css                                           2.90 kB │ gzip:   0.89 kB
.svelte-kit/output/client/_app/immutable/assets/12.CXyy4Epv.css                                           2.91 kB │ gzip:   0.83 kB
.svelte-kit/output/client/_app/immutable/assets/17.BcYBMibi.css                                           3.03 kB │ gzip:   0.88 kB
.svelte-kit/output/client/_app/immutable/assets/38.OXWQThML.css                                           3.05 kB │ gzip:   0.94 kB
.svelte-kit/output/client/_app/immutable/assets/ClearWorkflowMiniArtifact.CU7loPVT.css                    3.09 kB │ gzip:   0.72 kB
.svelte-kit/output/client/_app/immutable/assets/61.CNE_hfXJ.css                                           3.17 kB │ gzip:   0.93 kB
.svelte-kit/output/client/_app/immutable/assets/46.CQZGFvSF.css                                           3.28 kB │ gzip:   0.83 kB
.svelte-kit/output/client/_app/immutable/assets/21.BtqOTykc.css                                           3.33 kB │ gzip:   1.02 kB
.svelte-kit/output/client/_app/immutable/assets/40.C3F8Xn3A.css                                           3.47 kB │ gzip:   0.86 kB
.svelte-kit/output/client/_app/immutable/assets/8.CNY8Z7mV.css                                            3.51 kB │ gzip:   0.82 kB
.svelte-kit/output/client/_app/immutable/assets/10.ow7ajNoC.css                                           3.60 kB │ gzip:   0.82 kB
.svelte-kit/output/client/_app/immutable/assets/83.Cra6gbao.css                                           3.67 kB │ gzip:   0.99 kB
.svelte-kit/output/client/_app/immutable/assets/58.oHyJ6aNl.css                                           3.84 kB │ gzip:   1.14 kB
.svelte-kit/output/client/_app/immutable/assets/67.BE-Er3b_.css                                           3.88 kB │ gzip:   0.78 kB
.svelte-kit/output/client/_app/immutable/assets/62.CpB4o5Cl.css                                           3.89 kB │ gzip:   1.06 kB
.svelte-kit/output/client/_app/immutable/assets/PerformanceThesisConditions.Ble2QE0o.css                  4.08 kB │ gzip:   1.07 kB
.svelte-kit/output/client/_app/immutable/assets/28.BziLmGjL.css                                           4.11 kB │ gzip:   1.03 kB
.svelte-kit/output/client/_app/immutable/assets/9.DfWCYSdQ.css                                            4.34 kB │ gzip:   0.91 kB
.svelte-kit/output/client/_app/immutable/assets/1.CmzxruWC.css                                            4.42 kB │ gzip:   1.10 kB
.svelte-kit/output/client/_app/immutable/assets/70.Bf_Zjt8O.css                                           4.67 kB │ gzip:   0.93 kB
.svelte-kit/output/client/_app/immutable/assets/71.CvYc_SY7.css                                           4.77 kB │ gzip:   1.00 kB
.svelte-kit/output/client/_app/immutable/assets/84.BQwJ9MLG.css                                           4.78 kB │ gzip:   0.96 kB
.svelte-kit/output/client/_app/immutable/assets/78.BbPJa1Xa.css                                           4.99 kB │ gzip:   1.24 kB
.svelte-kit/output/client/_app/immutable/assets/ClearCardGrid.C2lr5pIL.css                                5.04 kB │ gzip:   1.02 kB
.svelte-kit/output/client/_app/immutable/assets/PerformanceEvidenceIndex.Rsxcn5W2.css                     5.10 kB │ gzip:   1.09 kB
.svelte-kit/output/client/_app/immutable/assets/4.O_Oyi11q.css                                            5.52 kB │ gzip:   1.19 kB
.svelte-kit/output/client/_app/immutable/assets/26.BM-UtBXj.css                                           5.53 kB │ gzip:   1.27 kB
.svelte-kit/output/client/_app/immutable/assets/34.CjfKr078.css                                           5.58 kB │ gzip:   1.27 kB
.svelte-kit/output/client/_app/immutable/assets/47.DnSkoW-A.css                                           5.67 kB │ gzip:   1.46 kB
.svelte-kit/output/client/_app/immutable/assets/ClearPageSection.kj_KZ68y.css                             5.84 kB │ gzip:   1.31 kB
.svelte-kit/output/client/_app/immutable/assets/20.CMFvyaME.css                                           6.02 kB │ gzip:   1.07 kB
.svelte-kit/output/client/_app/immutable/assets/6.C7zMLRci.css                                            6.08 kB │ gzip:   1.49 kB
.svelte-kit/output/client/_app/immutable/assets/SystemContextArtifact.pHeUbEvx.css                        6.17 kB │ gzip:   1.52 kB
.svelte-kit/output/client/_app/immutable/assets/PlaybookField.DUz0M89v.css                                6.77 kB │ gzip:   1.51 kB
.svelte-kit/output/client/_app/immutable/assets/7.DDAJKOzt.css                                            7.36 kB │ gzip:   1.28 kB
.svelte-kit/output/client/_app/immutable/assets/79.BOqRt4F8.css                                           7.55 kB │ gzip:   1.68 kB
.svelte-kit/output/client/_app/immutable/assets/AgencyPerformanceReadback.Bug6ZyQx.css                    7.64 kB │ gzip:   1.35 kB
.svelte-kit/output/client/_app/immutable/assets/MembershipOffer.D-eBBkGV.css                              7.78 kB │ gzip:   1.79 kB
.svelte-kit/output/client/_app/immutable/assets/57.BvxStQL4.css                                           8.06 kB │ gzip:   1.62 kB
.svelte-kit/output/client/_app/immutable/assets/11.DU7y5IIm.css                                           8.45 kB │ gzip:   1.73 kB
.svelte-kit/output/client/_app/immutable/assets/63.DNXqqCtS.css                                           8.53 kB │ gzip:   1.71 kB
.svelte-kit/output/client/_app/immutable/assets/68.7ncbRG4-.css                                           8.54 kB │ gzip:   1.58 kB
.svelte-kit/output/client/_app/immutable/assets/PublicAtlasStoryCanvas.Xz22Kyt2.css                       8.99 kB │ gzip:   1.81 kB
.svelte-kit/output/client/_app/immutable/assets/SummaryItem.BBssf_iG.css                                  9.10 kB │ gzip:   1.89 kB
.svelte-kit/output/client/_app/immutable/assets/PerformanceConversionHandoff.DsuQuvIP.css                 9.39 kB │ gzip:   1.52 kB
.svelte-kit/output/client/_app/immutable/assets/77.BHhbtpvX.css                                           9.81 kB │ gzip:   2.37 kB
.svelte-kit/output/client/_app/immutable/assets/22.2McdmGLM.css                                           9.83 kB │ gzip:   1.73 kB
.svelte-kit/output/client/_app/immutable/assets/65.qyRsYxqz.css                                           9.92 kB │ gzip:   1.75 kB
.svelte-kit/output/client/_app/immutable/assets/50.CR_MAe8z.css                                          10.22 kB │ gzip:   1.78 kB
.svelte-kit/output/client/_app/immutable/assets/85.BqFhi1PU.css                                          10.91 kB │ gzip:   1.72 kB
.svelte-kit/output/client/_app/immutable/assets/53.DxJE4edl.css                                          11.63 kB │ gzip:   1.66 kB
.svelte-kit/output/client/_app/immutable/assets/43.BA4nApIq.css                                          12.43 kB │ gzip:   2.21 kB
.svelte-kit/output/client/_app/immutable/assets/27.D7kt1xzy.css                                          12.49 kB │ gzip:   2.27 kB
.svelte-kit/output/client/_app/immutable/assets/36.DsOsuc7f.css                                          12.90 kB │ gzip:   2.41 kB
.svelte-kit/output/client/_app/immutable/assets/48.D0RlKmhu.css                                          13.73 kB │ gzip:   2.20 kB
.svelte-kit/output/client/_app/immutable/assets/5.BfK8rBek.css                                           13.84 kB │ gzip:   2.11 kB
.svelte-kit/output/client/_app/immutable/assets/3.By-bLNtd.css                                           13.90 kB │ gzip:   2.80 kB
.svelte-kit/output/client/_app/immutable/assets/54.DUJmoaOO.css                                          18.80 kB │ gzip:   3.11 kB
.svelte-kit/output/client/_app/immutable/assets/PerformanceCampaignOpening.6jiYlbNo.css                  21.68 kB │ gzip:   3.32 kB
.svelte-kit/output/client/_app/immutable/assets/66.elMyYQya.css                                          21.99 kB │ gzip:   3.12 kB
.svelte-kit/output/client/_app/immutable/assets/public.DG3fWBYe.css                                      23.05 kB │ gzip:   4.17 kB
.svelte-kit/output/client/_app/immutable/assets/PerformanceNarrativeStage.CXwz5thd.css                   26.42 kB │ gzip:   3.57 kB
.svelte-kit/output/client/_app/immutable/assets/0.D7JYPZEU.css                                          569.78 kB │ gzip:  77.44 kB
.svelte-kit/output/client/_app/immutable/chunks/CDkY2coq.js                                               0.04 kB │ gzip:   0.06 kB
.svelte-kit/output/client/_app/immutable/chunks/DsnmJJEf.js                                               0.07 kB │ gzip:   0.08 kB
.svelte-kit/output/client/_app/immutable/nodes/79.CqxHhKYD.js                                             0.07 kB │ gzip:   0.08 kB
.svelte-kit/output/client/_app/immutable/entry/start.BHulTbd3.js                                          0.08 kB │ gzip:   0.09 kB
.svelte-kit/output/client/_app/immutable/chunks/B0K1u3gU.js                                               0.19 kB │ gzip:   0.17 kB
.svelte-kit/output/client/_app/immutable/chunks/ASgO-4_p.js                                               0.19 kB │ gzip:   0.18 kB
.svelte-kit/output/client/_app/immutable/nodes/2.Cu9h1bT6.js                                              0.24 kB │ gzip:   0.18 kB
.svelte-kit/output/client/_app/immutable/chunks/DIX6t3UT.js                                               0.26 kB │ gzip:   0.20 kB
.svelte-kit/output/client/_app/immutable/chunks/BXpKTDEc.js                                               0.26 kB │ gzip:   0.22 kB
.svelte-kit/output/client/_app/immutable/chunks/S_Oe7N0m.js                                               0.26 kB │ gzip:   0.22 kB
.svelte-kit/output/client/_app/immutable/nodes/24.BGKPZPOG.js                                             0.32 kB │ gzip:   0.22 kB
.svelte-kit/output/client/_app/immutable/nodes/25.DYu86tcf.js                                             0.32 kB │ gzip:   0.22 kB
.svelte-kit/output/client/_app/immutable/nodes/60.xiqKbbAP.js                                             0.32 kB │ gzip:   0.22 kB
.svelte-kit/output/client/_app/immutable/chunks/CigxQ16S.js                                               0.37 kB │ gzip:   0.26 kB
.svelte-kit/output/client/_app/immutable/chunks/DnVQvCTK.js                                               0.37 kB │ gzip:   0.25 kB
.svelte-kit/output/client/_app/immutable/chunks/B5LxzGsl.js                                               0.42 kB │ gzip:   0.29 kB
.svelte-kit/output/client/_app/immutable/nodes/30.BwCCUAJ_.js                                             0.44 kB │ gzip:   0.33 kB
.svelte-kit/output/client/_app/immutable/chunks/BufmzcO3.js                                               0.45 kB │ gzip:   0.29 kB
.svelte-kit/output/client/_app/immutable/chunks/Bv0mY5_9.js                                               0.48 kB │ gzip:   0.25 kB
.svelte-kit/output/client/_app/immutable/nodes/31.BaofuHu_.js                                             0.57 kB │ gzip:   0.33 kB
.svelte-kit/output/client/_app/immutable/chunks/23CsZI6B.js                                               0.68 kB │ gzip:   0.40 kB
.svelte-kit/output/client/_app/immutable/chunks/CXTIiolc.js                                               0.68 kB │ gzip:   0.46 kB
.svelte-kit/output/client/_app/immutable/chunks/ClPInC0p.js                                               0.74 kB │ gzip:   0.43 kB
.svelte-kit/output/client/_app/immutable/chunks/CTYhjeDe.js                                               1.01 kB │ gzip:   0.55 kB
.svelte-kit/output/client/_app/immutable/chunks/C7T4wiss.js                                               1.03 kB │ gzip:   0.55 kB
.svelte-kit/output/client/_app/immutable/nodes/64.hGweyRiI.js                                             1.12 kB │ gzip:   0.63 kB
.svelte-kit/output/client/_app/immutable/chunks/Dt5-OWLh.js                                               1.20 kB │ gzip:   0.60 kB
.svelte-kit/output/client/_app/immutable/chunks/CSfI6O_d.js                                               1.28 kB │ gzip:   0.66 kB
.svelte-kit/output/client/_app/immutable/chunks/BapAUJpM.js                                               1.33 kB │ gzip:   0.78 kB
.svelte-kit/output/client/_app/immutable/chunks/wbPk3Yxo.js                                               1.37 kB │ gzip:   0.66 kB
.svelte-kit/output/client/_app/immutable/chunks/8etN3vGj.js                                               1.38 kB │ gzip:   0.65 kB
.svelte-kit/output/client/_app/immutable/chunks/D2Zxd5Nl.js                                               1.46 kB │ gzip:   0.83 kB
.svelte-kit/output/client/_app/immutable/chunks/lwWpCLqC.js                                               1.62 kB │ gzip:   0.90 kB
.svelte-kit/output/client/_app/immutable/chunks/C1SZiqIZ.js                                               1.64 kB │ gzip:   0.74 kB
.svelte-kit/output/client/_app/immutable/chunks/BAwON_Sn.js                                               1.71 kB │ gzip:   0.97 kB
.svelte-kit/output/client/_app/immutable/chunks/UJpdWelD.js                                               1.72 kB │ gzip:   0.82 kB
.svelte-kit/output/client/_app/immutable/chunks/s2PgscVS.js                                               1.75 kB │ gzip:   0.89 kB
.svelte-kit/output/client/_app/immutable/chunks/DZg1_W-7.js                                               1.82 kB │ gzip:   0.84 kB
.svelte-kit/output/client/_app/immutable/chunks/a0bdzbuR.js                                               1.86 kB │ gzip:   0.63 kB
.svelte-kit/output/client/_app/immutable/chunks/Dlb9AUkf.js                                               1.94 kB │ gzip:   0.92 kB
.svelte-kit/output/client/_app/immutable/nodes/55.CSnlrOoJ.js                                             2.24 kB │ gzip:   0.98 kB
.svelte-kit/output/client/_app/immutable/chunks/B4YdHYIe.js                                               2.30 kB │ gzip:   0.93 kB
.svelte-kit/output/client/_app/immutable/chunks/Dd8XwlEI.js                                               2.30 kB │ gzip:   0.92 kB
.svelte-kit/output/client/_app/immutable/chunks/s9bRQIDf.js                                               2.47 kB │ gzip:   1.25 kB
.svelte-kit/output/client/_app/immutable/chunks/Clg_iHDE.js                                               2.58 kB │ gzip:   0.56 kB
.svelte-kit/output/client/_app/immutable/nodes/39.CaF4CdBL.js                                             2.68 kB │ gzip:   1.31 kB
.svelte-kit/output/client/_app/immutable/nodes/1.B2mNZeCs.js                                              2.83 kB │ gzip:   1.24 kB
.svelte-kit/output/client/_app/immutable/chunks/7woieQ2K.js                                               2.87 kB │ gzip:   0.73 kB
.svelte-kit/output/client/_app/immutable/nodes/18.BPK_IE40.js                                             3.00 kB │ gzip:   1.27 kB
.svelte-kit/output/client/_app/immutable/nodes/59.Csm1dQaY.js                                             3.04 kB │ gzip:   1.29 kB
.svelte-kit/output/client/_app/immutable/nodes/56.DRtH0fyO.js                                             3.05 kB │ gzip:   1.43 kB
.svelte-kit/output/client/_app/immutable/chunks/B2I1wvLJ.js                                               3.22 kB │ gzip:   1.08 kB
.svelte-kit/output/client/_app/immutable/chunks/CdAO0lK0.js                                               3.26 kB │ gzip:   1.24 kB
.svelte-kit/output/client/_app/immutable/nodes/33.WIaQ4uXh.js                                             3.36 kB │ gzip:   1.50 kB
.svelte-kit/output/client/_app/immutable/nodes/49.CKRQg-yv.js                                             3.36 kB │ gzip:   1.53 kB
.svelte-kit/output/client/_app/immutable/chunks/DEL8q67r.js                                               3.40 kB │ gzip:   1.26 kB
.svelte-kit/output/client/_app/immutable/nodes/16.B4F47Wj9.js                                             3.48 kB │ gzip:   1.41 kB
.svelte-kit/output/client/_app/immutable/chunks/C1jkZv46.js                                               3.51 kB │ gzip:   1.46 kB
.svelte-kit/output/client/_app/immutable/chunks/BXwPZ6rA.js                                               3.54 kB │ gzip:   1.16 kB
.svelte-kit/output/client/_app/immutable/nodes/75.FPP6ig7w.js                                             3.77 kB │ gzip:   1.59 kB
.svelte-kit/output/client/_app/immutable/nodes/28.S1JO1n8G.js                                             3.77 kB │ gzip:   1.53 kB
.svelte-kit/output/client/_app/immutable/chunks/Cqx9Yko9.js                                               4.27 kB │ gzip:   1.99 kB
.svelte-kit/output/client/_app/immutable/nodes/57.BA62x7u1.js                                             4.39 kB │ gzip:   1.83 kB
.svelte-kit/output/client/_app/immutable/nodes/69.D2Z-JsJC.js                                             4.41 kB │ gzip:   1.83 kB
.svelte-kit/output/client/_app/immutable/nodes/73.CGJYTWVF.js                                             4.50 kB │ gzip:   1.87 kB
.svelte-kit/output/client/_app/immutable/nodes/76.k2IPRs5o.js                                             4.50 kB │ gzip:   1.97 kB
.svelte-kit/output/client/_app/immutable/nodes/72.CHKYXvWp.js                                             4.54 kB │ gzip:   1.78 kB
.svelte-kit/output/client/_app/immutable/nodes/14.DCNPu2E_.js                                             4.59 kB │ gzip:   1.46 kB
.svelte-kit/output/client/_app/immutable/nodes/51.DNEeEKzA.js                                             4.84 kB │ gzip:   2.02 kB
.svelte-kit/output/client/_app/immutable/chunks/4Qxi7BzM.js                                               5.30 kB │ gzip:   1.93 kB
.svelte-kit/output/client/_app/immutable/nodes/52.j2cZBW5U.js                                             5.52 kB │ gzip:   2.23 kB
.svelte-kit/output/client/_app/immutable/nodes/15.CKH24GXN.js                                             5.62 kB │ gzip:   2.24 kB
.svelte-kit/output/client/_app/immutable/nodes/26.BYZm3nB5.js                                             5.86 kB │ gzip:   2.24 kB
.svelte-kit/output/client/_app/immutable/chunks/DzpIPRxE.js                                               5.95 kB │ gzip:   2.45 kB
.svelte-kit/output/client/_app/immutable/nodes/12.rLq65Nyk.js                                             6.03 kB │ gzip:   2.38 kB
.svelte-kit/output/client/_app/immutable/chunks/CncaHPUd.js                                               6.59 kB │ gzip:   2.37 kB
.svelte-kit/output/client/_app/immutable/chunks/BnMsFrdZ.js                                               6.66 kB │ gzip:   2.55 kB
.svelte-kit/output/client/_app/immutable/nodes/5.DwGUM_kA.js                                              6.74 kB │ gzip:   2.47 kB
.svelte-kit/output/client/_app/immutable/nodes/83.CdJRBMYm.js                                             6.74 kB │ gzip:   2.79 kB
.svelte-kit/output/client/_app/immutable/nodes/85.CHPu8LvG.js                                             6.80 kB │ gzip:   2.06 kB
.svelte-kit/output/client/_app/immutable/chunks/DeF8QQv2.js                                               6.96 kB │ gzip:   2.68 kB
.svelte-kit/output/client/_app/immutable/nodes/9.9AZHSVnH.js                                              6.99 kB │ gzip:   2.43 kB
.svelte-kit/output/client/_app/immutable/nodes/41.7mYgXBap.js                                             7.17 kB │ gzip:   2.64 kB
.svelte-kit/output/client/_app/immutable/nodes/58.CU39exb4.js                                             7.41 kB │ gzip:   2.62 kB
.svelte-kit/output/client/_app/immutable/nodes/22.1J_SRj4h.js                                             7.49 kB │ gzip:   2.65 kB
.svelte-kit/output/client/_app/immutable/chunks/d0eLjY_C.js                                               7.64 kB │ gzip:   3.57 kB
.svelte-kit/output/client/_app/immutable/chunks/BkRroiXn.js                                               7.65 kB │ gzip:   2.75 kB
.svelte-kit/output/client/_app/immutable/nodes/10.DEFRSeF4.js                                             7.67 kB │ gzip:   2.36 kB
.svelte-kit/output/client/_app/immutable/nodes/46.B2hbsaxz.js                                             7.78 kB │ gzip:   3.04 kB
.svelte-kit/output/client/_app/immutable/chunks/CNKAKYRR.js                                               7.87 kB │ gzip:   3.52 kB
.svelte-kit/output/client/_app/immutable/nodes/20.FWh9ZyTn.js                                             7.97 kB │ gzip:   2.60 kB
.svelte-kit/output/client/_app/immutable/nodes/35.BUDvpM6p.js                                             8.29 kB │ gzip:   3.18 kB
.svelte-kit/output/client/_app/immutable/chunks/CEHiolid.js                                               8.49 kB │ gzip:   2.74 kB
.svelte-kit/output/client/_app/immutable/nodes/81.D_2d1eW_.js                                             8.68 kB │ gzip:   3.43 kB
.svelte-kit/output/client/_app/immutable/nodes/17.DpfWP3AS.js                                             8.84 kB │ gzip:   2.96 kB
.svelte-kit/output/client/_app/immutable/nodes/37.BEuX6nks.js                                             8.88 kB │ gzip:   3.52 kB
.svelte-kit/output/client/_app/immutable/nodes/74.BzWYkZwZ.js                                             8.96 kB │ gzip:   3.64 kB
.svelte-kit/output/client/_app/immutable/chunks/QluXsYhx.js                                               8.99 kB │ gzip:   3.51 kB
.svelte-kit/output/client/_app/immutable/nodes/45.CuivwF5N.js                                             9.08 kB │ gzip:   3.38 kB
.svelte-kit/output/client/_app/immutable/nodes/53.BH0x9133.js                                             9.52 kB │ gzip:   3.17 kB
.svelte-kit/output/client/_app/immutable/nodes/82.UtjVHQ_n.js                                             9.72 kB │ gzip:   3.67 kB
.svelte-kit/output/client/_app/immutable/nodes/63.DBfVYzn5.js                                             9.88 kB │ gzip:   3.98 kB
.svelte-kit/output/client/_app/immutable/nodes/8.odsGYJzT.js                                             10.09 kB │ gzip:   2.59 kB
.svelte-kit/output/client/_app/immutable/chunks/BleDwx4f.js                                              10.13 kB │ gzip:   3.35 kB
.svelte-kit/output/client/_app/immutable/nodes/21.BfYknKq3.js                                            10.14 kB │ gzip:   3.10 kB
.svelte-kit/output/client/_app/immutable/nodes/19.Ci4bdF_B.js                                            10.56 kB │ gzip:   3.40 kB
.svelte-kit/output/client/_app/immutable/nodes/23.MMSmtO11.js                                            10.57 kB │ gzip:   3.29 kB
.svelte-kit/output/client/_app/immutable/nodes/71.C61tE6R5.js                                            10.63 kB │ gzip:   3.78 kB
.svelte-kit/output/client/_app/immutable/nodes/67.8GNQyqD4.js                                            10.68 kB │ gzip:   3.42 kB
.svelte-kit/output/client/_app/immutable/chunks/CJaV7NCv.js                                              10.71 kB │ gzip:   4.15 kB
.svelte-kit/output/client/_app/immutable/nodes/13.Bwn08_Zk.js                                            10.82 kB │ gzip:   2.79 kB
.svelte-kit/output/client/_app/immutable/nodes/42.CijMPVOi.js                                            11.18 kB │ gzip:   4.07 kB
.svelte-kit/output/client/_app/immutable/nodes/77.DcKW-JWt.js                                            11.56 kB │ gzip:   4.47 kB
.svelte-kit/output/client/_app/immutable/nodes/47.DZCo1Bzn.js                                            11.84 kB │ gzip:   4.74 kB
.svelte-kit/output/client/_app/immutable/nodes/70.DU0xGdAM.js                                            12.03 kB │ gzip:   4.53 kB
.svelte-kit/output/client/_app/immutable/nodes/40.C4RBueri.js                                            12.08 kB │ gzip:   4.59 kB
.svelte-kit/output/client/_app/immutable/nodes/44.st1UooRY.js                                            12.15 kB │ gzip:   4.31 kB
.svelte-kit/output/client/_app/immutable/nodes/78.C6QGHpzB.js                                            12.18 kB │ gzip:   4.45 kB
.svelte-kit/output/client/_app/immutable/nodes/7.CnHP6D0j.js                                             12.53 kB │ gzip:   4.23 kB
.svelte-kit/output/client/_app/immutable/chunks/6xE8TlTT.js                                              12.81 kB │ gzip:   4.45 kB
.svelte-kit/output/client/_app/immutable/nodes/4.zy5MsIjT.js                                             12.87 kB │ gzip:   4.93 kB
.svelte-kit/output/client/_app/immutable/chunks/DUvvWsej.js                                              13.08 kB │ gzip:   4.98 kB
.svelte-kit/output/client/_app/immutable/nodes/50.9dhfcO-F.js                                            13.62 kB │ gzip:   4.73 kB
.svelte-kit/output/client/_app/immutable/nodes/38.Dbyx9DHn.js                                            13.82 kB │ gzip:   4.90 kB
.svelte-kit/output/client/_app/immutable/chunks/CssiPi9d.js                                              14.04 kB │ gzip:   4.88 kB
.svelte-kit/output/client/_app/immutable/nodes/34.CbiRVqbd.js                                            14.43 kB │ gzip:   5.13 kB
.svelte-kit/output/client/_app/immutable/chunks/DqfoMwOe.js                                              14.44 kB │ gzip:   4.94 kB
.svelte-kit/output/client/_app/immutable/nodes/43.rtIr_51u.js                                            14.69 kB │ gzip:   5.33 kB
.svelte-kit/output/client/_app/immutable/chunks/_FfPKr6d.js                                              15.32 kB │ gzip:   5.02 kB
.svelte-kit/output/client/_app/immutable/chunks/DouIeX2D.js                                              15.37 kB │ gzip:   5.77 kB
.svelte-kit/output/client/_app/immutable/nodes/6.C6wTk-lL.js                                             16.49 kB │ gzip:   5.19 kB
.svelte-kit/output/client/_app/immutable/nodes/36.DUsCBHSo.js                                            16.62 kB │ gzip:   6.18 kB
.svelte-kit/output/client/_app/immutable/nodes/62.mijYQNYu.js                                            16.97 kB │ gzip:   5.67 kB
.svelte-kit/output/client/_app/immutable/nodes/68.CD49xnYe.js                                            17.43 kB │ gzip:   6.12 kB
.svelte-kit/output/client/_app/immutable/nodes/80.JZcv9qmr.js                                            17.43 kB │ gzip:   5.76 kB
.svelte-kit/output/client/_app/immutable/nodes/61.D-pv--ya.js                                            17.76 kB │ gzip:   6.00 kB
.svelte-kit/output/client/_app/immutable/nodes/3.Cm_xYpGm.js                                             22.63 kB │ gzip:   8.52 kB
.svelte-kit/output/client/_app/immutable/entry/app.nQZ4n5TM.js                                           25.13 kB │ gzip:   7.24 kB
.svelte-kit/output/client/_app/immutable/nodes/54.DiZg5sgL.js                                            28.03 kB │ gzip:   9.35 kB
.svelte-kit/output/client/_app/immutable/chunks/Djtce3Cf.js                                              29.10 kB │ gzip:  11.27 kB
.svelte-kit/output/client/_app/immutable/chunks/BbXej7Sv.js                                              35.67 kB │ gzip:  13.51 kB
.svelte-kit/output/client/_app/immutable/nodes/66.synqH7Gc.js                                            38.53 kB │ gzip:  11.63 kB
.svelte-kit/output/client/_app/immutable/nodes/11.Ds_y6BiW.js                                            41.94 kB │ gzip:   8.84 kB
.svelte-kit/output/client/_app/immutable/nodes/27.DHRVWzHW.js                                            42.40 kB │ gzip:  11.98 kB
.svelte-kit/output/client/_app/immutable/nodes/84.DBAtznbX.js                                            58.10 kB │ gzip:  18.52 kB
.svelte-kit/output/client/_app/immutable/chunks/D4-8ALNT.js                                              70.43 kB │ gzip:  27.68 kB
.svelte-kit/output/client/_app/immutable/nodes/0.IhyHIQYn.js                                            108.78 kB │ gzip:  33.04 kB
.svelte-kit/output/client/_app/immutable/nodes/65.LoSLSVuu.js                                           117.53 kB │ gzip:  21.94 kB
.svelte-kit/output/client/_app/immutable/nodes/32.DwnM_qyU.js                                           132.34 kB │ gzip:  38.70 kB
.svelte-kit/output/client/_app/immutable/chunks/DEMcry51.js                                             191.55 kB │ gzip:  63.30 kB
.svelte-kit/output/client/_app/immutable/chunks/BDswz3Lk.js                                             263.15 kB │ gzip: 108.28 kB
.svelte-kit/output/client/_app/immutable/chunks/Dhbr_vxH.js                                             495.84 kB │ gzip: 125.68 kB
.svelte-kit/output/client/_app/immutable/nodes/48.C7ejqgwg.js                                         1,031.34 kB │ gzip: 331.63 kB
✓ built in 11.74s
.svelte-kit/output/server/_app/immutable/assets/geist-cyrillic-ext-wght-normal.DjL33-gN.woff2                                                              7.42 kB
.svelte-kit/output/server/_app/immutable/assets/IBMPlexMono-Thin-Latin3.DAv1Z5b4.woff2                                                                     7.68 kB
.svelte-kit/output/server/_app/immutable/assets/IBMPlexMono-Regular-Latin3.BrX4nofu.woff2                                                                  7.73 kB
.svelte-kit/output/server/_app/immutable/assets/IBMPlexMono-Light-Latin3.DeeZ65nR.woff2                                                                    7.81 kB
.svelte-kit/output/server/_app/immutable/assets/IBMPlexMono-ExtraLight-Latin3.C7J5WfG1.woff2                                                               7.86 kB
.svelte-kit/output/server/_app/immutable/assets/IBMPlexMono-Text-Latin3.D_8sxspG.woff2                                                                     7.86 kB
.svelte-kit/output/server/_app/immutable/assets/IBMPlexMono-Medium-Latin3.Bd57ntsq.woff2                                                                   7.89 kB
.svelte-kit/output/server/_app/immutable/assets/IBMPlexMono-Bold-Latin3.DLYjkMRq.woff2                                                                     7.91 kB
.svelte-kit/output/server/_app/immutable/assets/geist-vietnamese-wght-normal.6IgcOCM7.woff2                                                                8.00 kB
.svelte-kit/output/server/_app/immutable/assets/IBMPlexMono-SemiBold-Latin3.2Eg7xYje.woff2                                                                 8.02 kB
.svelte-kit/output/server/_app/immutable/assets/IBMPlexMono-ThinItalic-Latin3.CJh-Az1u.woff2                                                               8.29 kB
.svelte-kit/output/server/_app/immutable/assets/IBMPlexMono-Italic-Latin3.Dgp_SBAM.woff2                                                                   8.36 kB
.svelte-kit/output/server/_app/immutable/assets/IBMPlexMono-LightItalic-Latin3.CmTn9aVp.woff2                                                              8.40 kB
.svelte-kit/output/server/_app/immutable/assets/IBMPlexMono-MediumItalic-Latin3.19rH15jv.woff2                                                             8.48 kB
.svelte-kit/output/server/_app/immutable/assets/IBMPlexMono-BoldItalic-Latin3.DNrp-adb.woff2                                                               8.49 kB
.svelte-kit/output/server/_app/immutable/assets/IBMPlexMono-SemiBoldItalic-Latin3.CuLfDuD9.woff2                                                           8.57 kB
.svelte-kit/output/server/_app/immutable/assets/IBMPlexMono-ExtraLightItalic-Latin3.L3si7gIL.woff2                                                         8.58 kB
.svelte-kit/output/server/_app/immutable/assets/IBMPlexMono-TextItalic-Latin3.CqkyP8lQ.woff2                                                               8.68 kB
.svelte-kit/output/server/_app/immutable/assets/IBMPlexMono-Regular-Latin2.Cb0PcqQ4.woff2                                                                 13.26 kB
.svelte-kit/output/server/_app/immutable/assets/IBMPlexMono-Bold-Latin2.Dho27z77.woff2                                                                    13.33 kB
.svelte-kit/output/server/_app/immutable/assets/IBMPlexMono-Text-Latin2.ShWXGCED.woff2                                                                    13.33 kB
.svelte-kit/output/server/_app/immutable/assets/IBMPlexMono-Light-Latin2.BGIncM7V.woff2                                                                   13.38 kB
.svelte-kit/output/server/_app/immutable/assets/IBMPlexMono-Thin-Latin2.BWPEsuAE.woff2                                                                    13.38 kB
.svelte-kit/output/server/_app/immutable/assets/IBMPlexMono-Medium-Latin2.gp7etG-t.woff2                                                                  13.42 kB
.svelte-kit/output/server/_app/immutable/assets/IBMPlexMono-ExtraLight-Latin2.CrTIG4w-.woff2                                                              13.52 kB
.svelte-kit/output/server/_app/immutable/assets/IBMPlexMono-SemiBold-Latin2.BQ5dFssM.woff2                                                                13.56 kB
.svelte-kit/output/server/_app/immutable/assets/IBMPlexMono-Thin-Pi.CxqKyPhl.woff2                                                                        13.70 kB
.svelte-kit/output/server/_app/immutable/assets/IBMPlexMono-Light-Pi.CpwfY5jx.woff2                                                                       13.73 kB
.svelte-kit/output/server/_app/immutable/assets/IBMPlexMono-ExtraLight-Pi.UprV9L3d.woff2                                                                  13.73 kB
.svelte-kit/output/server/_app/immutable/assets/IBMPlexMono-Text-Pi.BPLmhQaf.woff2                                                                        13.76 kB
.svelte-kit/output/server/_app/immutable/assets/IBMPlexMono-Regular-Pi.DnS9d3y-.woff2                                                                     13.78 kB
.svelte-kit/output/server/_app/immutable/assets/IBMPlexMono-SemiBold-Pi.ITbxIV3a.woff2                                                                    13.87 kB
.svelte-kit/output/server/_app/immutable/assets/IBMPlexMono-Bold-Pi.kFOx5ga1.woff2                                                                        13.89 kB
.svelte-kit/output/server/_app/immutable/assets/IBMPlexMono-Medium-Pi.DRW9LeM2.woff2                                                                      13.97 kB
.svelte-kit/output/server/_app/immutable/assets/IBMPlexMono-LightItalic-Pi.OHqUBl3S.woff2                                                                 14.08 kB
.svelte-kit/output/server/_app/immutable/assets/IBMPlexMono-ThinItalic-Pi.DzZInFKf.woff2                                                                  14.10 kB
.svelte-kit/output/server/_app/immutable/assets/IBMPlexMono-ExtraLightItalic-Pi.UFBqTY0J.woff2                                                            14.17 kB
.svelte-kit/output/server/_app/immutable/assets/IBMPlexMono-Italic-Pi.BUfxjWis.woff2                                                                      14.22 kB
.svelte-kit/output/server/_app/immutable/assets/IBMPlexMono-SemiBoldItalic-Pi.37JA0ocu.woff2                                                              14.24 kB
.svelte-kit/output/server/_app/immutable/assets/IBMPlexMono-BoldItalic-Pi.BH2Ui7wI.woff2                                                                  14.27 kB
.svelte-kit/output/server/_app/immutable/assets/IBMPlexMono-ThinItalic-Latin2.DnKxfEbs.woff2                                                              14.29 kB
.svelte-kit/output/server/_app/immutable/assets/IBMPlexMono-MediumItalic-Pi.D7emmsUE.woff2                                                                14.34 kB
.svelte-kit/output/server/_app/immutable/assets/IBMPlexMono-TextItalic-Pi.BR5XoeBB.woff2                                                                  14.36 kB
.svelte-kit/output/server/_app/immutable/assets/IBMPlexMono-BoldItalic-Latin2.FvEHyLJV.woff2                                                              14.40 kB
.svelte-kit/output/server/_app/immutable/assets/IBMPlexMono-LightItalic-Latin2.DqoQ2YE0.woff2                                                             14.42 kB
.svelte-kit/output/server/_app/immutable/assets/IBMPlexMono-Italic-Latin2.CSgamFg4.woff2                                                                  14.49 kB
.svelte-kit/output/server/_app/immutable/assets/IBMPlexMono-MediumItalic-Latin2.VlnwsWfn.woff2                                                            14.53 kB
.svelte-kit/output/server/_app/immutable/assets/IBMPlexMono-SemiBoldItalic-Latin2.CK0U9G85.woff2                                                          14.60 kB
.svelte-kit/output/server/_app/immutable/assets/IBMPlexMono-ExtraLightItalic-Latin2.BVxD15OM.woff2                                                        14.60 kB
.svelte-kit/output/server/_app/immutable/assets/IBMPlexMono-TextItalic-Latin2.Bym8FyV6.woff2                                                              14.67 kB
.svelte-kit/output/server/_app/immutable/assets/geist-cyrillic-wght-normal.BEAKL7Jp.woff2                                                                 15.08 kB
.svelte-kit/output/server/_app/immutable/assets/IBMPlexMono-Light-Cyrillic.RLOopA9Y.woff2                                                                 15.68 kB
.svelte-kit/output/server/_app/immutable/assets/IBMPlexMono-ExtraLight-Cyrillic.6aYMFGIE.woff2                                                            15.68 kB
.svelte-kit/output/server/_app/immutable/assets/IBMPlexMono-Regular-Cyrillic.ot_SLfK9.woff2                                                               15.78 kB
.svelte-kit/output/server/_app/immutable/assets/IBMPlexMono-Thin-Cyrillic.iDd5FBVN.woff2                                                                  15.78 kB
.svelte-kit/output/server/_app/immutable/assets/IBMPlexMono-Text-Cyrillic.k8eS17zg.woff2                                                                  15.88 kB
.svelte-kit/output/server/_app/immutable/assets/IBMPlexMono-Medium-Cyrillic.CJGzSE0H.woff2                                                                16.08 kB
.svelte-kit/output/server/_app/immutable/assets/IBMPlexMono-Bold-Cyrillic.BvbfxNjc.woff2                                                                  16.18 kB
.svelte-kit/output/server/_app/immutable/assets/IBMPlexMono-SemiBold-Cyrillic.DwtzR7Oo.woff2                                                              16.26 kB
.svelte-kit/output/server/_app/immutable/assets/geist-latin-ext-wght-normal.DC-KSUi6.woff2                                                                16.51 kB
.svelte-kit/output/server/_app/immutable/assets/IBMPlexMono-Light-Latin1.DzdFFbkx.woff2                                                                   17.50 kB
.svelte-kit/output/server/_app/immutable/assets/IBMPlexMono-Regular-Latin1.DYPusg7z.woff2                                                                 17.54 kB
.svelte-kit/output/server/_app/immutable/assets/IBMPlexMono-Thin-Latin1.C6bdV97w.woff2                                                                    17.67 kB
.svelte-kit/output/server/_app/immutable/assets/IBMPlexMono-ThinItalic-Cyrillic.mjxvdwQZ.woff2                                                            17.71 kB
.svelte-kit/output/server/_app/immutable/assets/IBMPlexMono-ExtraLight-Latin1.BxVdpZDw.woff2                                                              17.72 kB
.svelte-kit/output/server/_app/immutable/assets/IBMPlexMono-Text-Latin1.B0BWY6Xb.woff2                                                                    17.80 kB
.svelte-kit/output/server/_app/immutable/assets/IBMPlexMono-BoldItalic-Cyrillic.CqQlYNCS.woff2                                                            17.84 kB
.svelte-kit/output/server/_app/immutable/assets/IBMPlexMono-ExtraLightItalic-Cyrillic.7FiaOQbW.woff2                                                      17.85 kB
.svelte-kit/output/server/_app/immutable/assets/IBMPlexMono-Bold-Latin1.C5HY_HY3.woff2                                                                    17.86 kB
.svelte-kit/output/server/_app/immutable/assets/IBMPlexMono-Medium-Latin1.CfBEoGIJ.woff2                                                                  17.87 kB
.svelte-kit/output/server/_app/immutable/assets/IBMPlexMono-SemiBold-Latin1.ChfWfxA6.woff2                                                                17.87 kB
.svelte-kit/output/server/_app/immutable/assets/IBMPlexMono-Italic-Cyrillic.CgMbbCoP.woff2                                                                17.90 kB
.svelte-kit/output/server/_app/immutable/assets/IBMPlexMono-LightItalic-Cyrillic.Cej7Gceo.woff2                                                           18.28 kB
.svelte-kit/output/server/_app/immutable/assets/IBMPlexMono-TextItalic-Cyrillic.BX6QR-6B.woff2                                                            18.34 kB
.svelte-kit/output/server/_app/immutable/assets/IBMPlexMono-SemiBoldItalic-Cyrillic.BvyQDf9b.woff2                                                        18.52 kB
.svelte-kit/output/server/_app/immutable/assets/IBMPlexMono-MediumItalic-Cyrillic.CP5h94YZ.woff2                                                          18.56 kB
.svelte-kit/output/server/_app/immutable/assets/IBMPlexMono-ThinItalic-Latin1.CXRZU_5a.woff2                                                              19.14 kB
.svelte-kit/output/server/_app/immutable/assets/IBMPlexMono-LightItalic-Latin1.CU8o0Z9T.woff2                                                             19.45 kB
.svelte-kit/output/server/_app/immutable/assets/IBMPlexMono-MediumItalic-Latin1.ClfB6kq1.woff2                                                            19.52 kB
.svelte-kit/output/server/_app/immutable/assets/IBMPlexMono-Italic-Latin1.DumHjrix.woff2                                                                  19.56 kB
.svelte-kit/output/server/_app/immutable/assets/IBMPlexMono-ExtraLightItalic-Latin1.C5jo1tyI.woff2                                                        19.56 kB
.svelte-kit/output/server/_app/immutable/assets/IBMPlexMono-BoldItalic-Latin1.CggmYOW2.woff2                                                              19.68 kB
.svelte-kit/output/server/_app/immutable/assets/IBMPlexMono-SemiBoldItalic-Latin1.DPYDqADl.woff2                                                          19.73 kB
.svelte-kit/output/server/_app/immutable/assets/IBMPlexMono-TextItalic-Latin1.BL_cfs4H.woff2                                                              20.16 kB
.svelte-kit/output/server/_app/immutable/assets/geist-latin-wght-normal.BgDaEnEv.woff2                                                                    29.40 kB
.svelte-kit/output/server/_app/immutable/assets/IBMPlexMono-Regular.Du0PCiXT.woff2                                                                        49.25 kB
.svelte-kit/output/server/_app/immutable/assets/IBMPlexMono-Thin.CKjYoFzv.woff2                                                                           49.26 kB
.svelte-kit/output/server/_app/immutable/assets/IBMPlexMono-Light.B9oHfaG6.woff2                                                                          49.38 kB
.svelte-kit/output/server/_app/immutable/assets/IBMPlexMono-ExtraLight.rMU7C3K1.woff2                                                                     49.52 kB
.svelte-kit/output/server/_app/immutable/assets/IBMPlexMono-Text.Cnw96hTY.woff2                                                                           49.83 kB
.svelte-kit/output/server/_app/immutable/assets/IBMPlexMono-Bold.DlFXw90w.woff2                                                                           50.38 kB
.svelte-kit/output/server/_app/immutable/assets/IBMPlexMono-Medium.CiYsa3y2.woff2                                                                         50.40 kB
.svelte-kit/output/server/_app/immutable/assets/IBMPlexMono-SemiBold.CT2p8cOJ.woff2                                                                       50.60 kB
.svelte-kit/output/server/_app/immutable/assets/IBMPlexMono-ThinItalic.CcGD6vbl.woff2                                                                     52.56 kB
.svelte-kit/output/server/_app/immutable/assets/IBMPlexMono-Italic.DBOsyln_.woff2                                                                         53.41 kB
.svelte-kit/output/server/_app/immutable/assets/IBMPlexMono-ExtraLightItalic.Cj9DVDbm.woff2                                                               53.62 kB
.svelte-kit/output/server/_app/immutable/assets/IBMPlexMono-LightItalic.DrzELyzo.woff2                                                                    53.92 kB
.svelte-kit/output/server/_app/immutable/assets/IBMPlexMono-BoldItalic.Dky75mrl.woff2                                                                     54.03 kB
.svelte-kit/output/server/_app/immutable/assets/IBMPlexMono-SemiBoldItalic.DQs1jnj9.woff2                                                                 54.78 kB
.svelte-kit/output/server/_app/immutable/assets/IBMPlexMono-MediumItalic.D_E_726K.woff2                                                                   54.87 kB
.svelte-kit/output/server/_app/immutable/assets/IBMPlexMono-TextItalic.B8OEpNpR.woff2                                                                     55.12 kB
.svelte-kit/output/server/_app/immutable/assets/learn-learning-sequence-mobile.h78k_NhL.webp                                                              63.88 kB
.svelte-kit/output/server/_app/immutable/assets/IBMPlexMono-Regular.BT_fvlmi.woff                                                                         66.92 kB
.svelte-kit/output/server/_app/immutable/assets/IBMPlexMono-Light.DgGarg8W.woff                                                                           67.07 kB
.svelte-kit/output/server/_app/immutable/assets/IBMPlexMono-Thin.y112RicE.woff                                                                            67.30 kB
.svelte-kit/output/server/_app/immutable/assets/IBMPlexMono-ExtraLight.BBrRIFOT.woff                                                                      67.42 kB
.svelte-kit/output/server/_app/immutable/assets/IBMPlexMono-Text.C6_5FGa-.woff                                                                            67.67 kB
.svelte-kit/output/server/_app/immutable/assets/IBMPlexMono-Medium.C6XL8Tby.woff                                                                          68.35 kB
.svelte-kit/output/server/_app/immutable/assets/IBMPlexMono-Bold.LMUabaha.woff                                                                            68.36 kB
.svelte-kit/output/server/_app/immutable/assets/IBMPlexMono-SemiBold.DUd5Lb-J.woff                                                                        68.54 kB
.svelte-kit/output/server/_app/immutable/assets/IBMPlexMono-ThinItalic.0J43G1-w.woff                                                                      72.14 kB
.svelte-kit/output/server/_app/immutable/assets/IBMPlexMono-Italic.07tgdJ0D.woff                                                                          72.70 kB
.svelte-kit/output/server/_app/immutable/assets/IBMPlexMono-ExtraLightItalic.BEj76emJ.woff                                                                73.16 kB
.svelte-kit/output/server/_app/immutable/assets/IBMPlexMono-BoldItalic.Rv_Zjz07.woff                                                                      73.20 kB
.svelte-kit/output/server/_app/immutable/assets/IBMPlexMono-LightItalic.C6m2TMRi.woff                                                                     73.27 kB
.svelte-kit/output/server/_app/immutable/assets/IBMPlexMono-SemiBoldItalic.8q5LFFqn.woff                                                                  74.07 kB
.svelte-kit/output/server/_app/immutable/assets/IBMPlexMono-MediumItalic.D0qZLTUZ.woff                                                                    74.07 kB
.svelte-kit/output/server/_app/immutable/assets/IBMPlexMono-TextItalic.oMoqcpB1.woff                                                                      74.32 kB
.svelte-kit/output/server/_app/immutable/assets/ltd-source-standard.Ce1KUTCu.webp                                                                         87.05 kB
.svelte-kit/output/server/_app/immutable/assets/ltd-source-standard-mobile.D755ub45.webp                                                                  91.90 kB
.svelte-kit/output/server/_app/immutable/assets/space-pressure-prototype-mobile.Btr4zGH0.webp                                                             99.23 kB
.svelte-kit/output/server/_app/immutable/assets/io-research-trace-mobile.BRxFQ_bu.webp                                                                   111.75 kB
.svelte-kit/output/server/_app/immutable/assets/space-pressure-prototype.BBjXezpz.webp                                                                   129.63 kB
.svelte-kit/output/server/_app/immutable/assets/learn-learning-sequence.EQgIGlLQ.webp                                                                    134.98 kB
.svelte-kit/output/server/_app/immutable/assets/io-research-trace.DWBJNbM3.webp                                                                          151.00 kB
.svelte-kit/output/server/.vite/manifest.json                                                                                                            174.34 kB
.svelte-kit/output/server/_app/immutable/assets/_page.C_I2V-Bg.css                                                                                         0.13 kB
.svelte-kit/output/server/_app/immutable/assets/_page.B7leVVX5.css                                                                                         0.13 kB
.svelte-kit/output/server/_app/immutable/assets/_page.LfVgQAOn.css                                                                                         0.15 kB
.svelte-kit/output/server/_app/immutable/assets/_page.By0H08a1.css                                                                                         0.31 kB
.svelte-kit/output/server/_app/immutable/assets/TechnicalReviewVisual.BMyUH_4z.css                                                                         0.62 kB
.svelte-kit/output/server/_app/immutable/assets/_page.FGU-ZFbI.css                                                                                         0.74 kB
.svelte-kit/output/server/_app/immutable/assets/_page.DVLUSMbx.css                                                                                         0.83 kB
.svelte-kit/output/server/_app/immutable/assets/GovernanceProductPage.lQ536m2u.css                                                                         0.91 kB
.svelte-kit/output/server/_app/immutable/assets/_page.C6WtNBzj.css                                                                                         1.25 kB
.svelte-kit/output/server/_app/immutable/assets/_page.Br_D80P9.css                                                                                         1.36 kB
.svelte-kit/output/server/_app/immutable/assets/_page.CePc-9yk.css                                                                                         1.36 kB
.svelte-kit/output/server/_app/immutable/assets/_page.DspWCiQ5.css                                                                                         1.37 kB
.svelte-kit/output/server/_app/immutable/assets/highIntentSearch.BSgRT5st.css                                                                              1.41 kB
.svelte-kit/output/server/_app/immutable/assets/AgencyLegalContent.DBYwZaZf.css                                                                            1.42 kB
.svelte-kit/output/server/_app/immutable/assets/_page.tuYuS2XU.css                                                                                         1.48 kB
.svelte-kit/output/server/_app/immutable/assets/_page.Cc1H6_99.css                                                                                         1.56 kB
.svelte-kit/output/server/_app/immutable/assets/Card.ByVhCD8e.css                                                                                          1.63 kB
.svelte-kit/output/server/_app/immutable/assets/_page.lB6FjHUl.css                                                                                         1.73 kB
.svelte-kit/output/server/_app/immutable/assets/ArticleVisualFigure.YTiHYNE7.css                                                                           1.74 kB
.svelte-kit/output/server/_app/immutable/assets/_page.Btt8haJl.css                                                                                         1.77 kB
.svelte-kit/output/server/_app/immutable/assets/_page.CvXDvqcm.css                                                                                         1.88 kB
.svelte-kit/output/server/_app/immutable/assets/Button.CxQxHXCx.css                                                                                        1.91 kB
.svelte-kit/output/server/_app/immutable/assets/_page.C_qjLr7B.css                                                                                         2.51 kB
.svelte-kit/output/server/_app/immutable/assets/ClearProofStrip.vFEjswWc.css                                                                               2.54 kB
.svelte-kit/output/server/_app/immutable/assets/_page.BT0HXCSf.css                                                                                         2.54 kB
.svelte-kit/output/server/_app/immutable/assets/_page.DtmTdQ71.css                                                                                         2.56 kB
.svelte-kit/output/server/_app/immutable/assets/_page.BSTnTHv7.css                                                                                         2.90 kB
.svelte-kit/output/server/_app/immutable/assets/_page.CXyy4Epv.css                                                                                         2.91 kB
.svelte-kit/output/server/_app/immutable/assets/_page.BcYBMibi.css                                                                                         3.03 kB
.svelte-kit/output/server/_app/immutable/assets/_page.OXWQThML.css                                                                                         3.05 kB
.svelte-kit/output/server/_app/immutable/assets/ClearWorkflowMiniArtifact.CU7loPVT.css                                                                     3.09 kB
.svelte-kit/output/server/_app/immutable/assets/_page.CNE_hfXJ.css                                                                                         3.17 kB
.svelte-kit/output/server/_app/immutable/assets/_page.CQZGFvSF.css                                                                                         3.28 kB
.svelte-kit/output/server/_app/immutable/assets/_page.BtqOTykc.css                                                                                         3.33 kB
.svelte-kit/output/server/_app/immutable/assets/_page.C3F8Xn3A.css                                                                                         3.47 kB
.svelte-kit/output/server/_app/immutable/assets/_page.CNY8Z7mV.css                                                                                         3.51 kB
.svelte-kit/output/server/_app/immutable/assets/_page.ow7ajNoC.css                                                                                         3.60 kB
.svelte-kit/output/server/_app/immutable/assets/_page.Cra6gbao.css                                                                                         3.67 kB
.svelte-kit/output/server/_app/immutable/assets/_page.oHyJ6aNl.css                                                                                         3.84 kB
.svelte-kit/output/server/_app/immutable/assets/_page.BE-Er3b_.css                                                                                         3.88 kB
.svelte-kit/output/server/_app/immutable/assets/_page.CpB4o5Cl.css                                                                                         3.89 kB
.svelte-kit/output/server/_app/immutable/assets/PerformanceThesisConditions.Ble2QE0o.css                                                                   4.08 kB
.svelte-kit/output/server/_app/immutable/assets/_page.BziLmGjL.css                                                                                         4.11 kB
.svelte-kit/output/server/_app/immutable/assets/_page.DfWCYSdQ.css                                                                                         4.34 kB
.svelte-kit/output/server/_app/immutable/assets/_error.CmzxruWC.css                                                                                        4.42 kB
.svelte-kit/output/server/_app/immutable/assets/_page.Bf_Zjt8O.css                                                                                         4.67 kB
.svelte-kit/output/server/_app/immutable/assets/_page.CvYc_SY7.css                                                                                         4.77 kB
.svelte-kit/output/server/_app/immutable/assets/_page.BQwJ9MLG.css                                                                                         4.78 kB
.svelte-kit/output/server/_app/immutable/assets/_page.BbPJa1Xa.css                                                                                         4.99 kB
.svelte-kit/output/server/_app/immutable/assets/ClearCardGrid.C2lr5pIL.css                                                                                 5.04 kB
.svelte-kit/output/server/_app/immutable/assets/PerformanceEvidenceIndex.Rsxcn5W2.css                                                                      5.10 kB
.svelte-kit/output/server/_app/immutable/assets/_page.O_Oyi11q.css                                                                                         5.52 kB
.svelte-kit/output/server/_app/immutable/assets/_page.BM-UtBXj.css                                                                                         5.53 kB
.svelte-kit/output/server/_app/immutable/assets/_page.CjfKr078.css                                                                                         5.58 kB
.svelte-kit/output/server/_app/immutable/assets/_page.DnSkoW-A.css                                                                                         5.67 kB
.svelte-kit/output/server/_app/immutable/assets/ClearPageSection.kj_KZ68y.css                                                                              5.84 kB
.svelte-kit/output/server/_app/immutable/assets/_page.CMFvyaME.css                                                                                         6.02 kB
.svelte-kit/output/server/_app/immutable/assets/_page.C7zMLRci.css                                                                                         6.08 kB
.svelte-kit/output/server/_app/immutable/assets/SystemContextArtifact.pHeUbEvx.css                                                                         6.17 kB
.svelte-kit/output/server/_app/immutable/assets/PlaybookField.XlTv-m73.css                                                                                 6.71 kB
.svelte-kit/output/server/_app/immutable/assets/_page.DDAJKOzt.css                                                                                         7.36 kB
.svelte-kit/output/server/_app/immutable/assets/_page.BOqRt4F8.css                                                                                         7.55 kB
.svelte-kit/output/server/_app/immutable/assets/AgencyPerformanceReadback.Bug6ZyQx.css                                                                     7.64 kB
.svelte-kit/output/server/_app/immutable/assets/MembershipOffer.D-eBBkGV.css                                                                               7.78 kB
.svelte-kit/output/server/_app/immutable/assets/_page.BvxStQL4.css                                                                                         8.06 kB
.svelte-kit/output/server/_app/immutable/assets/_page.DU7y5IIm.css                                                                                         8.45 kB
.svelte-kit/output/server/_app/immutable/assets/_page.DNXqqCtS.css                                                                                         8.53 kB
.svelte-kit/output/server/_app/immutable/assets/_page.7ncbRG4-.css                                                                                         8.54 kB
.svelte-kit/output/server/_app/immutable/assets/PublicAtlasStoryCanvas.Xz22Kyt2.css                                                                        8.99 kB
.svelte-kit/output/server/_app/immutable/assets/SummaryItem.BBssf_iG.css                                                                                   9.10 kB
.svelte-kit/output/server/_app/immutable/assets/PerformanceConversionHandoff.DsuQuvIP.css                                                                  9.39 kB
.svelte-kit/output/server/_app/immutable/assets/_page.BHhbtpvX.css                                                                                         9.81 kB
.svelte-kit/output/server/_app/immutable/assets/_page.2McdmGLM.css                                                                                         9.83 kB
.svelte-kit/output/server/_app/immutable/assets/_page.qyRsYxqz.css                                                                                         9.92 kB
.svelte-kit/output/server/_app/immutable/assets/_page.CR_MAe8z.css                                                                                        10.22 kB
.svelte-kit/output/server/_app/immutable/assets/_page.BqFhi1PU.css                                                                                        10.91 kB
.svelte-kit/output/server/_app/immutable/assets/_page.DxJE4edl.css                                                                                        11.63 kB
.svelte-kit/output/server/_app/immutable/assets/_page.BA4nApIq.css                                                                                        12.43 kB
.svelte-kit/output/server/_app/immutable/assets/_page.D7kt1xzy.css                                                                                        12.49 kB
.svelte-kit/output/server/_app/immutable/assets/_page.DsOsuc7f.css                                                                                        12.90 kB
.svelte-kit/output/server/_app/immutable/assets/_page.D0RlKmhu.css                                                                                        13.73 kB
.svelte-kit/output/server/_app/immutable/assets/_page.BfK8rBek.css                                                                                        13.84 kB
.svelte-kit/output/server/_app/immutable/assets/_page.By-bLNtd.css                                                                                        13.90 kB
.svelte-kit/output/server/_app/immutable/assets/_page.DUJmoaOO.css                                                                                        18.80 kB
.svelte-kit/output/server/_app/immutable/assets/PerformanceCampaignOpening.DdadR7Lm.css                                                                   21.61 kB
.svelte-kit/output/server/_app/immutable/assets/_page.elMyYQya.css                                                                                        21.99 kB
.svelte-kit/output/server/_app/immutable/assets/AtlasFlow.NiT8GcO4.css                                                                                    22.98 kB
.svelte-kit/output/server/_app/immutable/assets/PerformanceNarrativeStage.CXwz5thd.css                                                                    26.42 kB
.svelte-kit/output/server/_app/immutable/assets/_layout.C6mSP-bN.css                                                                                     568.40 kB
.svelte-kit/output/server/entries/pages/atlas/_page.server.ts.js                                                                                           0.11 kB
.svelte-kit/output/server/entries/pages/notion/_page.server.ts.js                                                                                          0.11 kB
.svelte-kit/output/server/entries/pages/account/_page.server.ts.js                                                                                         0.14 kB
.svelte-kit/output/server/entries/pages/auth/callback/_page.server.ts.js                                                                                   0.15 kB
.svelte-kit/output/server/entries/endpoints/api/auth/signup/_server.ts.js                                                                                  0.15 kB
.svelte-kit/output/server/entries/endpoints/api/auth/login/_server.ts.js                                                                                   0.16 kB
.svelte-kit/output/server/chunks/index-server.js                                                                                                           0.16 kB
.svelte-kit/output/server/entries/pages/book/_page.server.ts.js                                                                                            0.17 kB
.svelte-kit/output/server/entries/endpoints/api/user/analytics/_server.ts.js                                                                               0.17 kB
.svelte-kit/output/server/entries/pages/auth/cross-domain/_page.server.ts.js                                                                               0.17 kB
.svelte-kit/output/server/entries/pages/arcs/_page.server.ts.js                                                                                            0.21 kB
.svelte-kit/output/server/entries/endpoints/api/analytics/health/_server.ts.js                                                                             0.23 kB
.svelte-kit/output/server/env.js                                                                                                                           0.23 kB
.svelte-kit/output/server/entries/endpoints/api/delivery/abundance/job-agent/_server.ts.js                                                                 0.23 kB
.svelte-kit/output/server/entries/pages/experiments/_layout.svelte.js                                                                                      0.24 kB
.svelte-kit/output/server/chunks/internal.js                                                                                                               0.25 kB
.svelte-kit/output/server/entries/endpoints/api/auth/logout/_server.ts.js                                                                                  0.25 kB
.svelte-kit/output/server/chunks/AgencyLegalContent.js                                                                                                     0.25 kB
.svelte-kit/output/server/entries/endpoints/.well-known/openid-configuration/_server.ts.js                                                                 0.29 kB
.svelte-kit/output/server/entries/pages/products/loom/_page.server.ts.js                                                                                   0.30 kB
.svelte-kit/output/server/entries/endpoints/.well-known/api-catalog/_server.ts.js                                                                          0.30 kB
.svelte-kit/output/server/entries/endpoints/api/auth/cross-domain/_server.ts.js                                                                            0.30 kB
.svelte-kit/output/server/entries/pages/arc/_slug_/_page.server.ts.js                                                                                      0.30 kB
.svelte-kit/output/server/entries/pages/products/ground/_page.server.ts.js                                                                                 0.30 kB
.svelte-kit/output/server/entries/endpoints/.well-known/oauth-authorization-server/_server.ts.js                                                           0.31 kB
.svelte-kit/output/server/chunks/types.js                                                                                                                  0.32 kB
.svelte-kit/output/server/chunks/filmPlayback.js                                                                                                           0.35 kB
.svelte-kit/output/server/entries/pages/ai-workflow-control/_page.svelte.js                                                                                0.36 kB
.svelte-kit/output/server/entries/pages/ai-workflow-recovery/_page.svelte.js                                                                               0.36 kB
.svelte-kit/output/server/entries/pages/marketplace-review-automation/_page.svelte.js                                                                      0.36 kB
.svelte-kit/output/server/entries/endpoints/api/arcs/_server.ts.js                                                                                         0.36 kB
.svelte-kit/output/server/entries/endpoints/.well-known/oauth-protected-resource/_server.ts.js                                                             0.39 kB
.svelte-kit/output/server/internal.js                                                                                                                      0.40 kB
.svelte-kit/output/server/chunks/contexts.js                                                                                                               0.41 kB
.svelte-kit/output/server/entries/pages/admin/security/commercial/_page.server.ts.js                                                                       0.41 kB
.svelte-kit/output/server/entries/pages/delivery/abundance/_page.server.ts.js                                                                              0.42 kB
.svelte-kit/output/server/chunks/state.svelte.js                                                                                                           0.44 kB
.svelte-kit/output/server/chunks/server.js                                                                                                                 0.45 kB
.svelte-kit/output/server/chunks/performanceMedia.js                                                                                                       0.47 kB
.svelte-kit/output/server/entries/pages/auth/callback/_page.svelte.js                                                                                      0.47 kB
.svelte-kit/output/server/entries/pages/admin/security/contracts/_page.server.ts.js                                                                        0.48 kB
.svelte-kit/output/server/entries/pages/login/_page.server.ts.js                                                                                           0.50 kB
.svelte-kit/output/server/chunks/publicPricing.js                                                                                                          0.52 kB
.svelte-kit/output/server/entries/pages/_layout.server.ts.js                                                                                               0.52 kB
.svelte-kit/output/server/chunks/managed-bearer-issuance.js                                                                                                0.53 kB
.svelte-kit/output/server/entries/pages/workflows/_slug_/_page.server.ts.js                                                                                0.55 kB
.svelte-kit/output/server/entries/pages/admin/security/seeds/_page.server.ts.js                                                                            0.58 kB
.svelte-kit/output/server/chunks/operator-auth.js                                                                                                          0.59 kB
.svelte-kit/output/server/entries/pages/admin/security/bearer-tokens/_page.server.ts.js                                                                    0.61 kB
.svelte-kit/output/server/entries/endpoints/api/arcs/_slug_/_server.ts.js                                                                                  0.61 kB
.svelte-kit/output/server/chunks/abundance-client-access.js                                                                                                0.64 kB
.svelte-kit/output/server/entries/endpoints/api/webhooks/npg-clay/_server.ts.js                                                                            0.66 kB
.svelte-kit/output/server/entries/endpoints/.well-known/agent-skills/index.json/_server.ts.js                                                              0.66 kB
.svelte-kit/output/server/entries/pages/auth/cross-domain/_page.svelte.js                                                                                  0.66 kB
.svelte-kit/output/server/entries/pages/admin/security/partners/_page.server.ts.js                                                                         0.67 kB
.svelte-kit/output/server/chunks/stores.js                                                                                                                 0.69 kB
.svelte-kit/output/server/chunks/governance-api-auth.js                                                                                                    0.70 kB
.svelte-kit/output/server/entries/endpoints/api/canon/workflow-context/_server.ts.js                                                                       0.72 kB
.svelte-kit/output/server/chunks/FactList.js                                                                                                               0.76 kB
.svelte-kit/output/server/entries/pages/map/subscribe/_page.server.ts.js                                                                                   0.78 kB
.svelte-kit/output/server/entries/pages/experiments/_page.server.ts.js                                                                                     0.82 kB
.svelte-kit/output/server/chunks/date.js                                                                                                                   0.83 kB
.svelte-kit/output/server/entries/endpoints/delivery/abundance/healthcare-analyst/_server.ts.js                                                            0.95 kB
.svelte-kit/output/server/chunks/control-activation-role.js                                                                                                0.95 kB
.svelte-kit/output/server/entries/pages/map/share/_token_/_page.server.ts.js                                                                               0.96 kB
.svelte-kit/output/server/entries/pages/admin/security/audit/_page.server.ts.js                                                                            0.96 kB
.svelte-kit/output/server/entries/endpoints/delivery/abundance/sourcing.csv/_server.ts.js                                                                  0.96 kB
.svelte-kit/output/server/chunks/index3.js                                                                                                                 1.05 kB
.svelte-kit/output/server/entries/pages/contact/_page.server.ts.js                                                                                         1.06 kB
.svelte-kit/output/server/chunks/ClearProofStrip.js                                                                                                        1.08 kB
.svelte-kit/output/server/chunks/utils2.js                                                                                                                 1.09 kB
.svelte-kit/output/server/entries/pages/prospects/_page.server.ts.js                                                                                       1.16 kB
.svelte-kit/output/server/entries/endpoints/api/analytics/events/_server.ts.js                                                                             1.17 kB
.svelte-kit/output/server/entries/endpoints/api/governance/graph/_server.ts.js                                                                             1.18 kB
.svelte-kit/output/server/chunks/ArticleVisualFigure.js                                                                                                    1.19 kB
.svelte-kit/output/server/entries/endpoints/api/governance/monitors/slack/readiness/_server.ts.js                                                          1.21 kB
.svelte-kit/output/server/entries/endpoints/api/me/prospects/_server.ts.js                                                                                 1.21 kB
.svelte-kit/output/server/entries/endpoints/.well-known/agent-card.json/_server.ts.js                                                                      1.21 kB
.svelte-kit/output/server/entries/endpoints/api/governance/monitors/slack/_server.ts.js                                                                    1.28 kB
.svelte-kit/output/server/entries/endpoints/api/me/mcp-token/revoke/_server.ts.js                                                                          1.28 kB
.svelte-kit/output/server/entries/endpoints/map/workspace/_mapId_/export/_server.ts.js                                                                     1.30 kB
.svelte-kit/output/server/entries/pages/notion/_page.svelte.js                                                                                             1.30 kB
.svelte-kit/output/server/entries/endpoints/api/analytics/track/_server.ts.js                                                                              1.31 kB
.svelte-kit/output/server/entries/endpoints/api/social/cancel/_server.ts.js                                                                                1.36 kB
.svelte-kit/output/server/chunks/agency-identity-session.js                                                                                                1.39 kB
.svelte-kit/output/server/entries/endpoints/api/governance/intake/source-update/_server.ts.js                                                              1.40 kB
.svelte-kit/output/server/chunks/mcp-token-issuance.js                                                                                                     1.41 kB
.svelte-kit/output/server/chunks/Button.js                                                                                                                 1.43 kB
.svelte-kit/output/server/entries/endpoints/.well-known/mcp/server-card.json/_server.ts.js                                                                 1.48 kB
.svelte-kit/output/server/chunks/customer-map-context.js                                                                                                   1.56 kB
.svelte-kit/output/server/entries/pages/_page.server.ts.js                                                                                                 1.58 kB
.svelte-kit/output/server/chunks/Card.js                                                                                                                   1.65 kB
.svelte-kit/output/server/entries/pages/experiments/_slug_/_page.server.ts.js                                                                              1.68 kB
.svelte-kit/output/server/chunks/partner-toolkit-account-core.js                                                                                           1.70 kB
.svelte-kit/output/server/entries/endpoints/api/me/hubs/_laneKey_/tool-availability/_server.ts.js                                                          1.72 kB
.svelte-kit/output/server/entries/endpoints/api/canon/approval/_server.ts.js                                                                               1.74 kB
.svelte-kit/output/server/chunks/TechnicalReviewVisual.js                                                                                                  1.76 kB
.svelte-kit/output/server/chunks/marketingCopy.js                                                                                                          1.77 kB
.svelte-kit/output/server/chunks/intent.js                                                                                                                 1.81 kB
.svelte-kit/output/server/entries/pages/mcp-access/_page.server.ts.js                                                                                      1.87 kB
.svelte-kit/output/server/entries/pages/admin/funnel/_page.server.ts.js                                                                                    1.87 kB
.svelte-kit/output/server/entries/endpoints/api/governance/proofs/_server.ts.js                                                                            1.89 kB
.svelte-kit/output/server/chunks/partner-prospect-toolkit-status.js                                                                                        1.90 kB
.svelte-kit/output/server/entries/pages/admin/capture/_page.server.ts.js                                                                                   1.90 kB
.svelte-kit/output/server/entries/endpoints/api/governance/signals/_server.ts.js                                                                           1.91 kB
.svelte-kit/output/server/entries/endpoints/api/agent-kit/validate/_server.ts.js                                                                           1.92 kB
.svelte-kit/output/server/entries/endpoints/api/me/mcp-policy-acceptance/_server.ts.js                                                                     1.92 kB
.svelte-kit/output/server/entries/endpoints/api/abundance/healthcare-providers/enrichment/_server.ts.js                                                    1.92 kB
.svelte-kit/output/server/entries/endpoints/api/governance/decisions/_server.ts.js                                                                         1.94 kB
.svelte-kit/output/server/entries/endpoints/api/internal/control/scheduler-scope/check/_server.ts.js                                                       1.94 kB
.svelte-kit/output/server/entries/pages/admin/security/_page.server.ts.js                                                                                  1.94 kB
.svelte-kit/output/server/entries/endpoints/api/canon/action-preview/_server.ts.js                                                                         1.98 kB
.svelte-kit/output/server/entries/endpoints/api/arcs/app-review-governance/_server.ts.js                                                                   1.98 kB
.svelte-kit/output/server/entries/endpoints/api/map/health/_server.ts.js                                                                                   1.99 kB
.svelte-kit/output/server/chunks/PerformanceThesisConditions.js                                                                                            2.00 kB
.svelte-kit/output/server/entries/pages/mcp-access/tools/_page.server.ts.js                                                                                2.04 kB
.svelte-kit/output/server/chunks/sourcing-export.js                                                                                                        2.05 kB
.svelte-kit/output/server/entries/pages/map/share/_token_/_page.svelte.js                                                                                  2.08 kB
.svelte-kit/output/server/chunks/agent-discovery.js                                                                                                        2.09 kB
.svelte-kit/output/server/entries/pages/map/workspace/_mapId_/handoff/_handoffId_/_page.server.ts.js                                                       2.20 kB
.svelte-kit/output/server/chunks/productFamily.js                                                                                                          2.21 kB
.svelte-kit/output/server/chunks/auth0.js                                                                                                                  2.21 kB
.svelte-kit/output/server/entries/endpoints/api/governance/connections/_server.ts.js                                                                       2.23 kB
.svelte-kit/output/server/entries/endpoints/api/governance/receipts/_server.ts.js                                                                          2.23 kB
.svelte-kit/output/server/entries/endpoints/api/governance/attachments/_server.ts.js                                                                       2.25 kB
.svelte-kit/output/server/entries/endpoints/api/agent-access/_server.ts.js                                                                                 2.27 kB
.svelte-kit/output/server/chunks/access-state.js                                                                                                           2.31 kB
.svelte-kit/output/server/chunks/Icon.js                                                                                                                   2.33 kB
.svelte-kit/output/server/entries/endpoints/api/funnel/leads/_server.ts.js                                                                                 2.35 kB
.svelte-kit/output/server/entries/endpoints/api/internal/mcp-entitlements/check/_server.ts.js                                                              2.36 kB
.svelte-kit/output/server/entries/endpoints/api/abundance/healthcare-providers/sourcing/_server.ts.js                                                      2.37 kB
.svelte-kit/output/server/entries/pages/map/subscribe/_page.svelte.js                                                                                      2.42 kB
.svelte-kit/output/server/chunks/errors.js                                                                                                                 2.50 kB
.svelte-kit/output/server/chunks/agentFoundation.js                                                                                                        2.52 kB
.svelte-kit/output/server/chunks/abundance-api-auth.js                                                                                                     2.57 kB
.svelte-kit/output/server/entries/endpoints/api/auth/magic-login/_server.ts.js                                                                             2.62 kB
.svelte-kit/output/server/entries/endpoints/api/social/status/_server.ts.js                                                                                2.64 kB
.svelte-kit/output/server/chunks/index2.js                                                                                                                 2.65 kB
.svelte-kit/output/server/entries/endpoints/api/admin/contracts/_server.ts.js                                                                              2.65 kB
.svelte-kit/output/server/entries/endpoints/api/partners/half-dozen/clients/_slug_/notion/accounts/_accountSlug_/disable/_server.ts.js                     2.66 kB
.svelte-kit/output/server/chunks/ClearWorkflowMiniArtifact.js                                                                                              2.69 kB
.svelte-kit/output/server/chunks/cookies.js                                                                                                                2.71 kB
.svelte-kit/output/server/entries/endpoints/api/products/_productId_/download/_server.ts.js                                                                2.79 kB
.svelte-kit/output/server/chunks/stripe.js                                                                                                                 2.80 kB
.svelte-kit/output/server/entries/endpoints/api/partners/half-dozen/clients/_slug_/toolkits/_toolkit_/accounts/_accountSlug_/disable/_server.ts.js         2.87 kB
.svelte-kit/output/server/entries/pages/map/workspace/_mapId_/handoff/_handoffId_/_page.svelte.js                                                          2.88 kB
.svelte-kit/output/server/entries/endpoints/api/me/mcp-token/regenerate/_server.ts.js                                                                      2.91 kB
.svelte-kit/output/server/chunks/matching.js                                                                                                               2.97 kB
.svelte-kit/output/server/entries/endpoints/api/abundance/seekers/_id_/_server.ts.js                                                                       2.98 kB
.svelte-kit/output/server/entries/endpoints/api/manifest/_server.ts.js                                                                                     3.05 kB
.svelte-kit/output/server/entries/pages/admin/security/partners/_page.svelte.js                                                                            3.05 kB
.svelte-kit/output/server/entries/endpoints/api/admin/mcp-entitlements/_server.ts.js                                                                       3.08 kB
.svelte-kit/output/server/entries/endpoints/a2a/_server.ts.js                                                                                              3.09 kB
.svelte-kit/output/server/entries/pages/map/workspace/_page.server.ts.js                                                                                   3.10 kB
.svelte-kit/output/server/chunks/AgencyPerformanceReadback.js                                                                                              3.15 kB
.svelte-kit/output/server/entries/endpoints/delivery/abundance/travel.csv/_server.ts.js                                                                    3.16 kB
.svelte-kit/output/server/chunks/ClearPageSection.js                                                                                                       3.19 kB
.svelte-kit/output/server/entries/pages/_error.svelte.js                                                                                                   3.24 kB
.svelte-kit/output/server/entries/endpoints/api/abundance/talent/_id_/_server.ts.js                                                                        3.31 kB
.svelte-kit/output/server/chunks/schemas.js                                                                                                                3.39 kB
.svelte-kit/output/server/entries/pages/admin/security/commercial/_page.svelte.js                                                                          3.43 kB
.svelte-kit/output/server/chunks/internal2.js                                                                                                              3.45 kB
.svelte-kit/output/server/chunks/PerformanceEvidenceIndex.js                                                                                               3.52 kB
.svelte-kit/output/server/chunks/playbookHeroMedia.js                                                                                                      3.55 kB
.svelte-kit/output/server/entries/endpoints/api/abundance/match/_id_/_server.ts.js                                                                         3.69 kB
.svelte-kit/output/server/entries/pages/delivery/_page.svelte.js                                                                                           3.69 kB
.svelte-kit/output/server/entries/endpoints/api/admin/capture/_server.ts.js                                                                                3.74 kB
.svelte-kit/output/server/chunks/conversions.js                                                                                                            3.83 kB
.svelte-kit/output/server/entries/endpoints/api/canon/operator-approval/_server.ts.js                                                                      3.83 kB
.svelte-kit/output/server/entries/endpoints/api/content/ideas/_server.ts.js                                                                                3.83 kB
.svelte-kit/output/server/entries/endpoints/api/community/signals/_server.ts.js                                                                            3.84 kB
.svelte-kit/output/server/entries/endpoints/api/stripe/checkout/_server.ts.js                                                                              3.84 kB
.svelte-kit/output/server/chunks/identity-client.js                                                                                                        3.92 kB
.svelte-kit/output/server/entries/pages/arcs/_page.svelte.js                                                                                               3.96 kB
.svelte-kit/output/server/chunks/canon-approval.js                                                                                                         3.96 kB
.svelte-kit/output/server/entries/pages/admin/map/_page.server.ts.js                                                                                       3.99 kB
.svelte-kit/output/server/chunks/PerformanceConversionHandoff.js                                                                                           3.99 kB
.svelte-kit/output/server/chunks/email.js                                                                                                                  4.00 kB
.svelte-kit/output/server/entries/endpoints/api/me/mcp-token/_server.ts.js                                                                                 4.04 kB
.svelte-kit/output/server/entries/endpoints/api/social/rhythm/_server.ts.js                                                                                4.07 kB
.svelte-kit/output/server/chunks/first-party.js                                                                                                            4.10 kB
.svelte-kit/output/server/chunks/linkedin-client.js                                                                                                        4.10 kB
.svelte-kit/output/server/entries/pages/admin/security/bearer-tokens/_page.svelte.js                                                                       4.12 kB
.svelte-kit/output/server/entries/endpoints/api/funnel/leads/_id_/_server.ts.js                                                                            4.14 kB
.svelte-kit/output/server/chunks/products.js                                                                                                               4.18 kB
.svelte-kit/output/server/entries/pages/bearer-token-policy/_page.svelte.js                                                                                4.31 kB
.svelte-kit/output/server/chunks/SummaryItem.js                                                                                                            4.31 kB
.svelte-kit/output/server/entries/endpoints/api/content/rhythm/_server.ts.js                                                                               4.32 kB
.svelte-kit/output/server/entries/endpoints/api/community/queue/_server.ts.js                                                                              4.37 kB
.svelte-kit/output/server/chunks/partner-prospect-claim-shared.js                                                                                          4.40 kB
.svelte-kit/output/server/chunks/logger.js                                                                                                                 4.45 kB
.svelte-kit/output/server/entries/endpoints/api/social/gaps/_server.ts.js                                                                                  4.49 kB
.svelte-kit/output/server/entries/endpoints/api/partners/half-dozen/clients/_slug_/toolkits/_toolkit_/connect-link/_server.ts.js                           4.49 kB
.svelte-kit/output/server/entries/endpoints/api/me/mcp-oauth-password/_server.ts.js                                                                        4.57 kB
.svelte-kit/output/server/entries/endpoints/api/community/review/_server.ts.js                                                                             4.58 kB
.svelte-kit/output/server/entries/pages/map/workspace/_page.svelte.js                                                                                      4.64 kB
.svelte-kit/output/server/entries/endpoints/api/abundance/seekers/_server.ts.js                                                                            4.69 kB
.svelte-kit/output/server/entries/endpoints/api/community/draft/_server.ts.js                                                                              4.72 kB
.svelte-kit/output/server/entries/pages/admin/security/audit/_page.svelte.js                                                                               4.75 kB
.svelte-kit/output/server/entries/endpoints/api/partners/half-dozen/clients/_slug_/notion/accounts/_accountSlug_/connect-link/_server.ts.js                4.79 kB
.svelte-kit/output/server/chunks/map-commercial.js                                                                                                         4.87 kB
.svelte-kit/output/server/entries/endpoints/api/partners/half-dozen/clients/_slug_/legacy-key/issue/_server.ts.js                                          4.92 kB
.svelte-kit/output/server/entries/pages/field-reports/_page.svelte.js                                                                                      4.96 kB
.svelte-kit/output/server/entries/endpoints/api/partners/half-dozen/clients/_slug_/toolkits/_toolkit_/accounts/_accountSlug_/connect-link/_server.ts.js    4.97 kB
.svelte-kit/output/server/entries/pages/admin/social/_page.server.ts.js                                                                                    5.07 kB
.svelte-kit/output/server/chunks/governance-source-intake.js                                                                                               5.08 kB
.svelte-kit/output/server/chunks/mcp-token.js                                                                                                              5.21 kB
.svelte-kit/output/server/entries/pages/prospects/_page.svelte.js                                                                                          5.24 kB
.svelte-kit/output/server/entries/hooks.server.js                                                                                                          5.25 kB
.svelte-kit/output/server/entries/pages/admin/community/_page.server.ts.js                                                                                 5.47 kB
.svelte-kit/output/server/entries/endpoints/api/abundance/healthcare-providers/nationwide/_server.ts.js                                                    5.56 kB
.svelte-kit/output/server/chunks/exports.js                                                                                                                5.59 kB
.svelte-kit/output/server/entries/endpoints/api/partners/half-dozen/clients/_slug_/toolkits/status/_server.ts.js                                           5.69 kB
.svelte-kit/output/server/entries/endpoints/api/partners/half-dozen/clients/_slug_/access/mint/_server.ts.js                                               5.72 kB
.svelte-kit/output/server/entries/pages/dashboard/_page.server.ts.js                                                                                       5.78 kB
.svelte-kit/output/server/entries/endpoints/api/governance/products/_server.ts.js                                                                          5.80 kB
.svelte-kit/output/server/entries/pages/products/decision/_page.svelte.js                                                                                  5.83 kB
.svelte-kit/output/server/entries/endpoints/api/abundance/talent/_server.ts.js                                                                             5.84 kB
.svelte-kit/output/server/entries/pages/map/workspace/_mapId_/_page.server.ts.js                                                                           5.90 kB
.svelte-kit/output/server/entries/pages/products/signal/_page.svelte.js                                                                                    5.91 kB
.svelte-kit/output/server/entries/endpoints/api/partners/half-dozen/clients/_slug_/notion/accounts/_accountSlug_/pin/_server.ts.js                         5.91 kB
.svelte-kit/output/server/entries/pages/products/proof/_page.svelte.js                                                                                     5.96 kB
.svelte-kit/output/server/entries/endpoints/api/partners/half-dozen/clients/_slug_/bearer-token/issue/_server.ts.js                                        6.05 kB
.svelte-kit/output/server/chunks/server2.js                                                                                                                6.10 kB
.svelte-kit/output/server/entries/pages/admin/funnel/leads/new/_page.svelte.js                                                                             6.14 kB
.svelte-kit/output/server/entries/endpoints/sitemap.xml/_server.ts.js                                                                                      6.14 kB
.svelte-kit/output/server/entries/endpoints/api/partners/half-dozen/clients/_slug_/toolkits/_toolkit_/accounts/_accountSlug_/pin/_server.ts.js             6.29 kB
.svelte-kit/output/server/entries/pages/admin/funnel/record/_page.svelte.js                                                                                6.39 kB
.svelte-kit/output/server/entries/endpoints/api/abundance/healthcare-providers/geocodes/_server.ts.js                                                      6.39 kB
.svelte-kit/output/server/chunks/fieldReports.js                                                                                                           6.39 kB
.svelte-kit/output/server/entries/pages/security/_page.svelte.js                                                                                           6.43 kB
.svelte-kit/output/server/entries/endpoints/api/canon/agent/_server.ts.js                                                                                  6.45 kB
.svelte-kit/output/server/chunks/SystemContextArtifact.js                                                                                                  6.58 kB
.svelte-kit/output/server/entries/endpoints/api/abundance/match/_server.ts.js                                                                              6.61 kB
.svelte-kit/output/server/entries/pages/admin/security/contracts/_page.svelte.js                                                                           6.64 kB
.svelte-kit/output/server/entries/pages/admin/map/_page.svelte.js                                                                                          6.75 kB
.svelte-kit/output/server/entries/pages/field-reports/upstream-contributions/_page.svelte.js                                                               6.76 kB
.svelte-kit/output/server/entries/endpoints/api/abundance/whatsapp/_server.ts.js                                                                           6.87 kB
.svelte-kit/output/server/entries/endpoints/api/social/suggest/_server.ts.js                                                                               6.88 kB
.svelte-kit/output/server/entries/pages/arc/_slug_/_page.svelte.js                                                                                         6.91 kB
.svelte-kit/output/server/entries/endpoints/api/community/relationships/_server.ts.js                                                                      6.98 kB
.svelte-kit/output/server/entries/pages/for-service-providers/_page.svelte.js                                                                              7.09 kB
.svelte-kit/output/server/entries/endpoints/api/partners/half-dozen/clients/_slug_/init/_server.ts.js                                                      7.20 kB
.svelte-kit/output/server/entries/endpoints/api/abundance/convert/_server.ts.js                                                                            7.23 kB
.svelte-kit/output/server/entries/endpoints/api/admin/identity-seeds/_server.ts.js                                                                         7.28 kB
.svelte-kit/output/server/chunks/partner-prospect-toolkit-status-core.js                                                                                   7.31 kB
.svelte-kit/output/server/chunks/strategy.js                                                                                                               7.34 kB
.svelte-kit/output/server/entries/pages/map/workspace/_mapId_/_page.svelte.js                                                                              7.44 kB
.svelte-kit/output/server/entries/pages/workflows/_slug_/_page.svelte.js                                                                                   7.54 kB
.svelte-kit/output/server/entries/endpoints/api/partners/half-dozen/clients/_slug_/lanes/_laneSlug_/access/mint/_server.ts.js                              7.64 kB
.svelte-kit/output/server/entries/pages/account/_page.svelte.js                                                                                            7.86 kB
.svelte-kit/output/server/entries/pages/admin/security/seeds/_page.svelte.js                                                                               7.86 kB
.svelte-kit/output/server/chunks/services.js                                                                                                               7.88 kB
.svelte-kit/output/server/chunks/abundance-clay-jobs.js                                                                                                    7.90 kB
.svelte-kit/output/server/chunks/partner-notion-account-core.js                                                                                            7.91 kB
.svelte-kit/output/server/entries/endpoints/api/abundance/healthcare-providers/_server.ts.js                                                               8.04 kB
.svelte-kit/output/server/chunks/filmStories.js                                                                                                            8.08 kB
.svelte-kit/output/server/entries/endpoints/api/abundance/staff/onboarding/_server.ts.js                                                                   8.12 kB
.svelte-kit/output/server/entries/endpoints/api/partners/half-dozen/clients/_slug_/notion/accounts/_server.ts.js                                           8.34 kB
.svelte-kit/output/server/chunks/handlers.js                                                                                                               8.49 kB
.svelte-kit/output/server/chunks/GovernanceProductPage.js                                                                                                  8.58 kB
.svelte-kit/output/server/entries/endpoints/api/partners/half-dozen/clients/_slug_/lanes/_laneSlug_/bearer-token/issue/_server.ts.js                       8.66 kB
.svelte-kit/output/server/entries/pages/workflow-compiler-integration/_page.svelte.js                                                                      8.66 kB
.svelte-kit/output/server/entries/pages/agent-foundation/_page.svelte.js                                                                                   8.76 kB
.svelte-kit/output/server/entries/pages/admin/social/_page.svelte.js                                                                                       8.85 kB
.svelte-kit/output/server/entries/endpoints/api/terminal/_server.ts.js                                                                                     9.09 kB
.svelte-kit/output/server/entries/endpoints/api/partners/half-dozen/clients/_slug_/toolkits/_toolkit_/accounts/_server.ts.js                               9.11 kB
.svelte-kit/output/server/chunks/PerformanceCampaignOpening.js                                                                                             9.21 kB
.svelte-kit/output/server/chunks/PerformanceNarrativeStage.js                                                                                              9.23 kB
.svelte-kit/output/server/entries/pages/dispatch/_page.svelte.js                                                                                           9.28 kB
.svelte-kit/output/server/entries/endpoints/api/contact/_server.ts.js                                                                                      9.29 kB
.svelte-kit/output/server/chunks/PublicAtlasStoryCanvas.js                                                                                                 9.38 kB
.svelte-kit/output/server/entries/pages/login/_page.svelte.js                                                                                              9.49 kB
.svelte-kit/output/server/entries/pages/workflows/_page.svelte.js                                                                                          9.53 kB
.svelte-kit/output/server/chunks/governance-graph.js                                                                                                       9.57 kB
.svelte-kit/output/server/chunks/mcp-access-assignments.js                                                                                                 9.73 kB
.svelte-kit/output/server/entries/endpoints/api/partners/half-dozen/clients/_slug_/lanes/_laneSlug_/init/_server.ts.js                                     9.75 kB
.svelte-kit/output/server/entries/pages/admin/subscriber-reengagement/_page.svelte.js                                                                      9.89 kB
.svelte-kit/output/server/entries/endpoints/api/newsletter/_server.ts.js                                                                                  10.04 kB
.svelte-kit/output/server/entries/pages/dify/_page.svelte.js                                                                                              10.10 kB
.svelte-kit/output/server/entries/pages/book/_page.svelte.js                                                                                              10.28 kB
.svelte-kit/output/server/entries/endpoints/api/funnel/_server.ts.js                                                                                      10.35 kB
.svelte-kit/output/server/entries/pages/experiments/_page.svelte.js                                                                                       10.67 kB
.svelte-kit/output/server/chunks/session.js                                                                                                               10.68 kB
.svelte-kit/output/server/entries/pages/admin/funnel/_page.svelte.js                                                                                      10.78 kB
.svelte-kit/output/server/chunks/ClearCardGrid.js                                                                                                         10.84 kB
.svelte-kit/output/server/entries/pages/privacy/_page.svelte.js                                                                                           10.89 kB
.svelte-kit/output/server/entries/endpoints/api/me/prospects/_slug_/toolkits/_toolkit_/connect-link/_server.ts.js                                         10.93 kB
.svelte-kit/output/server/chunks/governance-slack-monitor.js                                                                                              11.00 kB
.svelte-kit/output/server/entries/pages/admin/security/_page.svelte.js                                                                                    11.06 kB
.svelte-kit/output/server/entries/pages/cloudflare/_page.svelte.js                                                                                        11.66 kB
.svelte-kit/output/server/chunks/template-review.js                                                                                                       11.67 kB
.svelte-kit/output/server/entries/pages/control/_page.svelte.js                                                                                           12.06 kB
.svelte-kit/output/server/entries/pages/methodology/_page.svelte.js                                                                                       12.16 kB
.svelte-kit/output/server/chunks/partner-prospect-discovery.js                                                                                            12.28 kB
.svelte-kit/output/server/entries/pages/proof/marketplace-workflow/_page.svelte.js                                                                        12.32 kB
.svelte-kit/output/server/entries/pages/use-cases/business/_page.svelte.js                                                                                12.48 kB
.svelte-kit/output/server/entries/endpoints/api/abundance/healthcare-providers/travel/_server.ts.js                                                       12.63 kB
.svelte-kit/output/server/entries/endpoints/api/partners/half-dozen/prospects/_slug_/bootstrap/_server.ts.js                                              12.72 kB
.svelte-kit/output/server/entries/pages/dify/template-marketplace-proof/_page.svelte.js                                                                   12.82 kB
.svelte-kit/output/server/entries/pages/technical-review/_page.svelte.js                                                                                  12.90 kB
.svelte-kit/output/server/entries/pages/admin/community/_page.svelte.js                                                                                   13.00 kB
.svelte-kit/output/server/entries/pages/products/loom/_page.svelte.js                                                                                     13.04 kB
.svelte-kit/output/server/entries/endpoints/api/me/hubs/_laneKey_/toolkits/_toolkit_/connect-link/_server.ts.js                                           13.30 kB
.svelte-kit/output/server/entries/endpoints/api/me/prospects/_slug_/claim/_server.ts.js                                                                   13.32 kB
.svelte-kit/output/server/entries/pages/agent-readiness/_page.svelte.js                                                                                   13.42 kB
.svelte-kit/output/server/entries/pages/delivery/abundance/_page.svelte.js                                                                                13.63 kB
.svelte-kit/output/server/entries/pages/use-cases/enterprise/_page.svelte.js                                                                              13.76 kB
.svelte-kit/output/server/chunks/abundance-sourcing.js                                                                                                    14.07 kB
.svelte-kit/output/server/chunks/ProspectWorkspaceSection.js                                                                                              14.12 kB
.svelte-kit/output/server/entries/pages/products/ground/_page.svelte.js                                                                                   14.38 kB
.svelte-kit/output/server/entries/pages/services/_page.svelte.js                                                                                          14.40 kB
.svelte-kit/output/server/entries/endpoints/api/social/schedule/_server.ts.js                                                                             14.65 kB
.svelte-kit/output/server/chunks/MembershipOffer.js                                                                                                       14.81 kB
.svelte-kit/output/server/chunks/abundance-context.js                                                                                                     15.00 kB
.svelte-kit/output/server/entries/pages/products/_page.svelte.js                                                                                          15.16 kB
.svelte-kit/output/server/entries/pages/dify/agent-eval-gates/_page.svelte.js                                                                             15.69 kB
.svelte-kit/output/server/entries/pages/stack/_page.svelte.js                                                                                             16.33 kB
.svelte-kit/output/server/entries/pages/about/_page.svelte.js                                                                                             16.37 kB
.svelte-kit/output/server/entries/pages/arc/app-review-governance/_page.svelte.js                                                                         16.58 kB
.svelte-kit/output/server/entries/pages/field-reports/template-review/_page.svelte.js                                                                     16.77 kB
.svelte-kit/output/server/entries/pages/dify/ship-dify-app-with-mcp-tools/_page.svelte.js                                                                 17.09 kB
.svelte-kit/output/server/entries/endpoints/api/partners/half-dozen/prospects/_slug_/graduate/_server.ts.js                                               17.16 kB
.svelte-kit/output/server/chunks/SEO.js                                                                                                                   17.32 kB
.svelte-kit/output/server/entries/pages/terms/_page.svelte.js                                                                                             17.57 kB
.svelte-kit/output/server/entries/pages/contact/_page.svelte.js                                                                                           17.80 kB
.svelte-kit/output/server/entries/pages/mcp-access/_page.svelte.js                                                                                        18.25 kB
.svelte-kit/output/server/chunks/highIntentSearch.js                                                                                                      18.36 kB
.svelte-kit/output/server/entries/endpoints/api/social/intelligence/_server.ts.js                                                                         18.36 kB
.svelte-kit/output/server/chunks/public.js                                                                                                                18.53 kB
.svelte-kit/output/server/entries/endpoints/api/community/monitors/_server.ts.js                                                                          18.76 kB
.svelte-kit/output/server/entries/pages/dify/mcp-control-plane/_page.svelte.js                                                                            19.12 kB
.svelte-kit/output/server/entries/pages/admin/capture/_page.svelte.js                                                                                     19.18 kB
.svelte-kit/output/server/entries/pages/dashboard/_page.svelte.js                                                                                         19.55 kB
.svelte-kit/output/server/chunks/PlaybookField.js                                                                                                         19.77 kB
.svelte-kit/output/server/entries/pages/_page.svelte.js                                                                                                   20.65 kB
.svelte-kit/output/server/chunks/server3.js                                                                                                               21.08 kB
.svelte-kit/output/server/chunks/abundance-healthcare-nationwide.js                                                                                       21.58 kB
.svelte-kit/output/server/entries/pages/mcp-access/tools/_page.svelte.js                                                                                  22.41 kB
.svelte-kit/output/server/entries/pages/experiments/_slug_/_page.svelte.js                                                                                23.50 kB
.svelte-kit/output/server/entries/endpoints/api/atlas/public-agent/_server.ts.js                                                                          24.09 kB
.svelte-kit/output/server/entries/pages/admin/governance/_page.server.ts.js                                                                               24.63 kB
.svelte-kit/output/server/chunks/headless.js                                                                                                              25.34 kB
.svelte-kit/output/server/entries/pages/map/_page.svelte.js                                                                                               27.29 kB
.svelte-kit/output/server/chunks/governance-runtime.js                                                                                                    28.06 kB
.svelte-kit/output/server/entries/pages/admin/subscriber-reengagement/_page.server.ts.js                                                                  28.39 kB
.svelte-kit/output/server/chunks/capture-review.js                                                                                                        28.94 kB
.svelte-kit/output/server/entries/endpoints/api/abundance/public-jobs/_server.ts.js                                                                       29.65 kB
.svelte-kit/output/server/chunks/root.js                                                                                                                  29.93 kB
.svelte-kit/output/server/chunks/customer-map-workspace.js                                                                                                30.84 kB
.svelte-kit/output/server/entries/endpoints/api/stripe/webhook/_server.ts.js                                                                              31.40 kB
.svelte-kit/output/server/chunks/abundance-healthcare-providers.js                                                                                        32.06 kB
.svelte-kit/output/server/entries/pages/practice/_page.svelte.js                                                                                          32.41 kB
.svelte-kit/output/server/chunks/workflow-context.js                                                                                                      34.82 kB
.svelte-kit/output/server/remote-entry.js                                                                                                                 36.83 kB
.svelte-kit/output/server/chunks/mcp-entitlements.js                                                                                                      39.87 kB
.svelte-kit/output/server/entries/endpoints/api/control/activations/_server.ts.js                                                                         43.79 kB
.svelte-kit/output/server/entries/pages/admin/governance/_page.svelte.js                                                                                  48.07 kB
.svelte-kit/output/server/chunks/index4.js                                                                                                                52.80 kB
.svelte-kit/output/server/chunks/workflowPages.js                                                                                                         59.44 kB
.svelte-kit/output/server/chunks/utils.js                                                                                                                 75.70 kB
.svelte-kit/output/server/entries/pages/_layout.svelte.js                                                                                                113.85 kB
.svelte-kit/output/server/chunks/index.js                                                                                                                120.53 kB
.svelte-kit/output/server/chunks/arc-catalog.js                                                                                                          124.29 kB
.svelte-kit/output/server/entries/pages/partners/_page.svelte.js                                                                                         132.69 kB
.svelte-kit/output/server/index.js                                                                                                                       135.02 kB
.svelte-kit/output/server/entries/pages/basketball-systems-lab/_page.svelte.js                                                                           173.30 kB
.svelte-kit/output/server/chunks/AtlasFlow.js                                                                                                            228.76 kB
.svelte-kit/output/server/chunks/pusher.js                                                                                                               341.67 kB
.svelte-kit/output/server/chunks/mcp-tools.js                                                                                                            519.17 kB
.svelte-kit/output/server/chunks/oso-primary.js                                                                                                          532.76 kB
.svelte-kit/output/server/chunks/partner-auth.js                                                                                                         585.66 kB
✓ built in 29.59s

Run npm run preview to preview your production build locally.

> Using @sveltejs/adapter-cloudflare
  ✔ done
